row_id,station,zona,date,lat,lon,secchi,chl,tss,temp_insitu,ph,do,matched,n_img,B1,B2,B3,B4,B5,B6,B7,B8,B8A,B11,B12
0,E45,LAGO MAYOR,2017-07-27,-15.8939,-69.3092,11.0,0.41,,12.4,8.39,5.47,1,4,0.01125,0.01171,0.00908,0.00325,0.00251,0.00183,0.00242,0.00159,0.00215,0.00125,0.00141
1,E01,BAHIA PUNO,2016-08-03,-15.853,-69.9605,8.5,0.18,30.0,12.9,8.74,6.9,1,2,0.00839,0.00987,0.01249,0.00476,0.00373,0.00321,0.00381,0.00388,0.00387,0.00612,0.00525
2,E02,BAHIA PUNO,2016-08-03,-15.8482,-69.9182,9.5,0.03,38.75,13.0,8.69,6.82,1,4,0.01583,0.01416,0.01338,0.0039,0.00282,0.00183,0.00193,0.0017,0.00173,0.00072,0.00081
3,E03,BAHIA PUNO,2016-08-03,-15.8745,-69.9079,,0.68,31.75,13.3,8.75,7.51,1,4,0.01522,0.01419,0.01856,0.00398,0.00268,0.00139,0.00134,0.00146,0.00111,0.00191,0.00172
4,E04,BAHIA PUNO,2016-08-03,-15.8789,-69.8907,7.0,1.27,1.5,13.2,8.79,7.31,1,4,0.01419,0.01312,0.01334,0.0034,0.00195,0.00141,0.00125,0.00133,0.00103,0.00165,0.00237
5,E05,BAHIA PUNO,2016-08-03,-15.8398,-69.8918,7.0,0.37,37.25,13.0,8.75,6.8,1,4,0.01556,0.01402,0.01291,0.0037,0.00273,0.00189,0.00191,0.00168,0.00162,0.00093,0.00067
6,E06,BAHIA PUNO,2016-08-03,-15.8053,-69.9118,,0.27,43.25,12.5,8.77,8.33,1,4,0.01516,0.0138,0.01802,0.00399,0.00271,0.00153,0.00197,0.00147,0.00115,0.00076,0.00078
7,E07,BAHIA PUNO,2016-08-03,-15.7748,-69.8851,5.0,0.25,39.5,12.6,8.81,8.07,1,4,0.01399,0.01262,0.01436,0.00341,0.00241,0.00153,0.00157,0.00167,0.00144,0.00078,0.00088
8,E08,BAHIA PUNO,2016-08-03,-15.801,-69.8724,8.5,0.76,21.5,12.7,8.68,6.67,1,4,0.01477,0.01261,0.01173,0.00327,0.00246,0.00182,0.00186,0.00155,0.00126,0.00046,0.00092
9,E09,BAHIA PUNO,2016-08-03,-15.8342,-69.8592,6.0,0.49,44.0,12.8,8.73,7.0,1,4,0.0152,0.01391,0.01795,0.00424,0.00282,0.00159,0.00168,0.00164,0.00175,0.00111,0.00087
10,E10,BAHIA PUNO,2016-08-04,-15.7938,-69.8376,,0.04,25.75,12.4,8.73,6.66,1,2,0.01326,0.01092,0.01206,0.00211,0.00094,0.00052,0.00042,0.00041,0.00039,0.00134,0.002
11,E13,BAHIA PUNO,2016-08-04,-15.7895,-69.7698,9.0,0.88,20.0,12.5,8.69,6.48,1,2,0.01403,0.01125,0.01022,0.00353,0.00231,0.00123,0.00136,0.00141,0.00089,0.00062,0.00057
12,E14,BAHIA PUNO,2016-08-04,-15.7489,-69.783,9.5,0.21,17.0,12.7,8.72,6.64,1,2,0.01454,0.01115,0.01042,0.00264,0.00196,0.0008,0.00102,0.00096,0.00097,0.00039,0.00088
13,E15,BAHIA PUNO,2016-08-04,-15.715,-69.8226,8.5,0.51,33.5,12.5,8.76,6.65,1,1,0.01496,0.01309,0.01252,0.00374,0.00251,0.00103,0.00198,0.00179,0.00114,0.00154,0.00183
14,E16,BAHIA PUNO,2016-08-04,-15.6737,-69.8541,6.5,0.01,26.5,12.4,8.76,6.7,1,2,0.01296,0.01239,0.01381,0.00419,0.00265,0.00154,0.00145,0.00125,0.0017,0.00261,0.00294
15,E17,BAHIA PUNO,2016-08-04,-15.6048,-69.9059,3.5,1.98,25.75,12.5,8.83,7.39,1,2,0.012,0.01306,0.0179,0.008,0.00684,0.00358,0.00315,0.00333,0.00258,0.00364,0.00369
16,E25,LAGO MAYOR,2016-08-05,-15.4913,-69.893,,0.32,18.75,13.2,8.73,6.89,1,2,0.01692,0.01617,0.01662,0.00675,0.00567,0.00491,0.00447,0.00478,0.0041,0.00426,0.00408
17,E27,LAGO MAYOR,2016-08-05,-15.4508,-69.8379,9.8,0.04,24.75,12.9,8.68,6.62,1,2,0.01228,0.01208,0.01192,0.00314,0.00244,0.00162,0.00158,0.00155,0.00136,0.0007,0.00106
18,E28,LAGO MAYOR,2016-08-05,-15.3928,-69.7822,8.8,0.28,25.25,12.9,8.54,6.5,1,2,0.01637,0.01572,0.01545,0.00396,0.00242,0.00145,0.0014,0.00135,0.00124,0.00045,0.0005
19,E32,LAGO MAYOR,2016-08-05,-15.3384,-69.7205,9.8,0.62,19.0,13.1,8.57,5.94,1,1,0.00867,0.00932,0.00945,0.00023,0.0,0.0,0.0,0.0,0.0,4e-05,0.00143
20,E33,LAGO MAYOR,2016-08-05,-15.333,-69.756,4.6,0.32,23.75,13.2,8.66,6.7,1,1,0.02653,0.03641,0.05426,0.03427,0.02295,0.00142,0.00199,0.00124,0.00068,0.00017,0.00107
21,E36,LAGO MAYOR,2016-08-05,-15.2971,-69.6814,9.0,0.02,14.75,12.8,8.56,6.07,1,1,0.00846,0.00948,0.01018,0.00087,0.00014,0.0,1e-05,0.0,0.0,0.00011,0.00072
22,E39,LAGO MAYOR,2016-08-06,-15.3748,-69.5276,5.0,1.76,17.0,12.5,8.56,6.2,1,1,0.00603,0.00954,0.01181,0.0,0.0,0.0,0.0,0.0,0.0,0.00238,0.00308
23,E41,LAGO MAYOR,2016-08-06,-15.4392,-69.6009,11.0,0.27,16.5,12.4,8.55,5.92,1,2,0.01148,0.01206,0.01117,0.00366,0.00293,0.00192,0.00176,0.00143,0.00132,0.00153,0.00132
24,E42,LAGO MAYOR,2016-08-06,-15.4967,-69.6685,11.0,0.37,23.25,12.5,8.64,5.83,1,1,0.0171,0.01402,0.01192,0.00516,0.0038,0.00271,0.00225,0.00233,0.00198,0.001,0.00092
25,E43,LAGO MAYOR,2016-08-04,-15.5603,-69.7411,11.0,0.43,0.75,13.1,8.56,5.98,1,1,0.01788,0.01441,0.01272,0.00528,0.00432,0.00304,0.00288,0.00289,0.00253,0.00155,0.00106
26,E22,LAGO MAYOR,2016-08-05,-15.6181,-69.807,10.2,0.09,20.0,12.6,8.62,5.9,1,1,0.01578,0.0129,0.01127,0.00352,0.00262,0.002,0.00172,0.00152,0.00067,0.00132,0.00155
27,E48,LAGO MAYOR,2016-08-08,-15.5361,-69.3597,14.5,0.24,17.25,13.4,8.56,5.77,1,1,0.0125,0.01223,0.01049,0.00445,0.0034,0.00308,0.0027,0.00365,0.00302,0.00297,0.00258
28,E49,LAGO MAYOR,2016-08-08,-15.6063,-69.4449,12.8,0.15,26.75,12.8,8.52,6.05,1,1,0.01389,0.01275,0.01188,0.00553,0.0045,0.00371,0.00275,0.00358,0.00247,0.00243,0.00243
29,E50,LAGO MAYOR,2016-08-08,-15.6687,-69.5211,11.9,0.6,17.5,12.4,8.52,5.86,1,1,0.01381,0.01225,0.01207,0.00537,0.00419,0.00351,0.00333,0.00326,0.00261,0.0021,0.00209
30,E51,LAGO MAYOR,2016-08-06,-15.7371,-69.6038,9.4,0.26,16.25,12.7,8.61,6.17,1,1,0.01518,0.01358,0.01184,0.00513,0.00403,0.00339,0.00269,0.00297,0.00247,0.00155,0.00141
31,E52,LAGO MAYOR,2016-08-06,-15.8028,-69.6843,10.3,0.4,26.5,13.0,8.65,6.27,1,2,0.01336,0.01211,0.01149,0.00455,0.00342,0.00238,0.00171,0.00237,0.00153,0.00226,0.00209
32,E53,LAGO MAYOR,2016-08-06,-15.8686,-69.7634,,0.22,18.75,13.2,8.8,7.26,1,2,0.01936,0.01729,0.01534,0.0058,0.00447,0.00334,0.00309,0.00303,0.00312,0.00155,0.00171
33,E58,LAGO MAYOR,2016-08-09,-15.9519,-69.5453,5.0,0.33,27.25,12.9,8.62,6.5,1,2,0.01529,0.01495,0.0142,0.00591,0.00462,0.00334,0.0032,0.00357,0.00279,0.00243,0.00248
34,E59,LAGO MAYOR,2016-08-09,-15.8876,-69.4615,13.0,0.19,14.75,13.0,8.46,5.74,1,2,0.01456,0.01231,0.01089,0.00432,0.00368,0.00237,0.00259,0.00242,0.00169,0.00137,0.00115
35,E60,LAGO MAYOR,2016-08-09,-15.8271,-69.3776,12.0,0.21,16.25,12.6,8.55,5.73,1,1,0.01435,0.01231,0.01111,0.0044,0.00374,0.00258,0.00251,0.0024,0.0022,0.00178,0.00161
36,E61,LAGO MAYOR,2016-08-08,-15.7585,-69.3045,10.2,0.27,19.25,13.2,8.55,5.68,1,1,0.0135,0.01194,0.01156,0.00481,0.00395,0.00291,0.00209,0.00298,0.00234,0.00204,0.00177
37,E65,LAGO MAYOR,2016-08-08,-15.6901,-69.2315,,0.93,24.0,13.4,8.65,6.01,1,1,0.01348,0.01375,0.01474,0.00518,0.0044,0.003,0.00298,0.00324,0.00273,0.00212,0.00173
38,E68,LAGO MAYOR,2016-08-08,-15.9935,-69.4278,5.5,0.28,17.0,13.3,8.69,6.45,1,2,0.01635,0.0142,0.01279,0.00531,0.00435,0.00348,0.00283,0.00328,0.00258,0.00201,0.00149
39,E71,LAGO MAYOR,2016-08-08,-15.6953,-69.1984,,1.27,1.75,12.5,8.68,7.18,1,1,0.01296,0.01205,0.01433,0.0064,0.00519,0.00408,0.00512,0.00399,0.00412,0.00315,0.00306
40,E72,LAGO MAYOR,2016-08-09,-15.6921,-69.1709,5.8,0.72,23.25,11.9,8.7,6.97,1,1,0.01466,0.01771,0.02158,0.00696,0.00466,0.00342,0.00385,0.0035,0.00356,0.00563,0.00549
41,E76,LAGO MAYOR,2016-08-11,-15.8125,-69.0449,12.5,0.17,18.25,13.4,8.53,5.68,1,1,0.00909,0.00938,0.00977,0.00402,0.0031,0.00236,0.00257,0.00235,0.00224,0.00193,0.002
42,E78,LAGO MAYOR,2016-08-11,-15.8903,-69.1327,13.5,0.22,13.75,12.9,8.59,5.84,1,1,0.01069,0.0105,0.01088,0.00466,0.00405,0.00278,0.00282,0.003,0.00268,0.00218,0.00252
43,E79,LAGO MAYOR,2016-08-11,-15.96,-69.2272,11.5,0.61,18.75,12.4,8.62,5.85,1,2,0.01136,0.01058,0.01074,0.00419,0.00308,0.00242,0.0023,0.00251,0.0019,0.00187,0.00194
44,E80,LAGO MAYOR,2016-08-11,-16.0316,-69.3198,10.5,0.34,41.5,12.3,8.58,5.98,1,2,0.01321,0.01175,0.01023,0.00331,0.00239,0.00169,0.00182,0.00171,0.00126,0.00093,0.00125
45,E82,LAGO MAYOR,2016-08-10,-16.1109,-69.4173,8.2,1.08,10.25,12.3,8.63,6.22,1,2,0.01595,0.01425,0.01276,0.00577,0.0045,0.004,0.00373,0.00385,0.00367,0.00208,0.00194
46,E83,LAGO MAYOR,2016-08-10,-16.1837,-69.5067,5.5,0.65,11.5,12.3,8.72,6.65,1,2,0.01663,0.01488,0.01393,0.00586,0.0041,0.00338,0.00308,0.00336,0.00301,0.00273,0.00271
47,E84,LAGO MAYOR,2016-08-10,-16.2007,-69.4624,4.7,1.77,21.75,12.7,8.72,6.43,1,2,0.01378,0.01284,0.01293,0.00566,0.00437,0.00359,0.00395,0.00436,0.00397,0.00652,0.00656
48,E85,LAGO MAYOR,2016-08-10,-16.1599,-69.4444,9.8,0.26,27.5,12.4,8.67,6.44,1,2,0.01606,0.01437,0.01325,0.00574,0.00494,0.00396,0.00368,0.00372,0.00361,0.00219,0.00239
49,E88,LAGO MAYOR,2016-08-10,-16.2064,-69.3781,6.5,0.21,18.0,12.8,8.76,6.46,1,2,0.01638,0.01485,0.01363,0.00559,0.00455,0.0038,0.00327,0.00372,0.00322,0.00194,0.00195
50,E94,LAGO MAYOR,2016-08-10,-16.251,-69.2884,7.4,0.21,6.5,13.3,8.71,6.67,1,2.0,0.01298,0.01237,0.01237,0.00538,0.00433,0.00366,0.00347,0.00363,0.0034,0.00242,0.00243
51,E97,LAGO MAYOR,2016-08-10,-16.1757,-69.1958,9.5,0.13,10.25,13.6,8.69,6.22,1,2.0,0.0107,0.01022,0.01011,0.00372,0.00244,0.00221,0.00176,0.00199,0.00151,0.00092,0.00108
52,E98,LAGO MAYOR,2016-08-10,-16.1117,-69.1016,9.0,0.22,25.5,12.9,8.65,6.4,1,2.0,0.01094,0.01067,0.01033,0.00437,0.00308,0.00269,0.00266,0.00259,0.00267,0.00226,0.00236
53,E99,LAGO MAYOR,2016-08-12,-16.0745,-69.0742,9.2,0.44,25.0,12.9,8.65,6.31,1,2.0,0.01326,0.01283,0.01247,0.00572,0.00464,0.00356,0.0039,0.00369,0.00356,0.00271,0.00292
54,E100,LAGO MAYOR,2016-08-12,-16.0055,-68.9959,10.2,0.22,21.75,12.1,8.39,5.79,1,3.0,0.01408,0.01168,0.01054,0.00464,0.00307,0.00251,0.00235,0.00237,0.00196,0.00155,0.00106
55,E103,LAGO MAYOR,2016-08-11,-15.9394,-68.9017,,0.16,13.0,13.4,8.61,5.88,0,,,,,,,,,,,,
56,E104,LAGO MAYOR,2016-08-11,-15.994,-68.8804,11.5,0.4,7.5,13.0,8.6,5.94,1,1.0,0.0113,0.00956,0.00895,0.00294,0.00225,0.00101,0.0012,0.00121,0.00097,0.00099,0.00101
57,E105,LAGO MAYOR,2016-08-11,-15.9864,-68.8016,,0.57,7.0,12.8,8.71,6.55,1,1.0,0.00804,0.00879,0.0122,0.0044,0.00393,0.0019,0.00214,0.00215,0.00192,0.00132,0.00127
58,E113,LAGO MAYOR,2016-08-10,-16.2174,-69.1367,9.3,0.23,19.5,13.1,8.71,6.65,1,2.0,0.01074,0.01081,0.01021,0.00427,0.00325,0.00237,0.00226,0.00236,0.0015,0.00106,0.00103
59,E117,LAGO MAYOR,2016-08-10,-16.1653,-69.1027,10.0,0.3,17.5,13.4,8.74,6.66,1,2.0,0.0115,0.01086,0.01105,0.00472,0.00343,0.00289,0.00311,0.00264,0.00275,0.00212,0.00218
60,E119,LAGO MAYOR,2016-08-10,-16.0439,-69.1309,10.5,0.97,14.2,12.9,8.63,6.12,1,2.0,0.01267,0.01217,0.01178,0.00584,0.00496,0.00424,0.00438,0.00395,0.00403,0.00345,0.00313
61,E120,LAGO MAYOR,2016-08-12,-16.1264,-68.9337,14.2,0.56,15.5,12.8,8.63,6.07,1,3.0,0.01211,0.01057,0.01066,0.00386,0.00308,0.00201,0.00218,0.00222,0.00173,0.0013,0.00124
62,E121,LAGO MAYOR,2016-08-12,-16.2068,-68.8643,10.5,0.32,14.0,13.3,8.69,6.65,1,1.0,0.00834,0.00908,0.00979,0.003,0.00247,0.00154,0.00175,0.00163,0.00182,0.00291,0.00296
63,E01,BAHIA PUNO,2017-07-10,-15.853,-69.9605,5.3,1.62,31.5,13.9,8.47,7.69,1,3.0,0.00567,0.01126,0.01293,0.00416,0.00418,0.00309,0.0043,0.0036,0.00426,0.00598,0.00457
64,E02,BAHIA PUNO,2017-07-11,-15.8461,-69.9271,6.0,1.62,35.0,12.7,8.85,7.42,1,6.0,0.01243,0.01402,0.01353,0.00427,0.00351,0.00266,0.00207,0.00176,0.00169,0.00126,0.00112
65,E05,BAHIA PUNO,2017-07-11,-15.84,-69.8923,6.6,1.1,24.25,13.3,8.87,7.35,1,6.0,0.01384,0.01398,0.01279,0.00378,0.00297,0.00229,0.00206,0.00152,0.00115,0.00122,0.00101
66,E09,BAHIA PUNO,2017-07-11,-15.8342,-69.8592,,0.59,27.0,13.4,8.84,7.48,1,6.0,0.01318,0.01349,0.01458,0.00316,0.00248,0.00167,0.00179,0.00147,0.00145,0.00167,0.00112
67,E10,BAHIA PUNO,2017-07-11,-15.7938,-69.8376,,1.62,25.75,13.5,8.81,7.1,1,3.0,0.0122,0.01296,0.01179,0.00271,0.00168,0.00069,0.00059,0.00069,0.00063,0.00248,0.00233
68,E14,BAHIA PUNO,2017-07-12,-15.7489,-69.783,10.6,1.7,35.5,11.5,8.66,6.67,1,4.0,0.01354,0.01383,0.01185,0.00486,0.00418,0.003,0.00298,0.00262,0.00225,0.00184,0.00222
69,E15,BAHIA PUNO,2017-07-12,-15.715,-69.8226,6.6,1.62,44.0,11.5,8.47,7.23,1,2.0,0.01332,0.01333,0.0136,0.0046,0.0038,0.00271,0.00276,0.00282,0.00271,0.00214,0.00225
70,E16,BAHIA PUNO,2017-07-12,-15.6737,-69.8541,6.0,0.59,23.5,11.2,8.46,7.08,1,4.0,0.01139,0.01355,0.01656,0.00599,0.00466,0.00251,0.00298,0.00246,0.00246,0.00388,0.00358
71,E17,BAHIA PUNO,2017-07-11,-15.6048,-69.9059,4.2,2.72,30.75,11.4,8.65,6.74,1,4.0,0.01265,0.01911,0.02317,0.01005,0.00679,0.00397,0.0043,0.00432,0.00389,0.00534,0.00475
72,E25,LAGO MAYOR,2017-07-12,-15.4913,-69.893,,1.02,30.5,13.5,8.51,6.5,1,4.0,0.01168,0.01465,0.01482,0.00516,0.00465,0.00393,0.00401,0.00409,0.00357,0.00476,0.00441
73,E27,LAGO MAYOR,2017-07-12,-15.4437,-69.8425,,1.62,27.0,13.4,8.5,6.38,1,8.0,0.01219,0.01221,0.01374,0.00351,0.00163,0.00107,0.00117,0.00149,0.00127,0.00128,0.00162
74,E28,LAGO MAYOR,2017-07-12,-15.3928,-69.7822,10.3,1.1,38.0,13.3,8.56,6.35,1,4.0,0.01259,0.01163,0.01162,0.00287,0.00175,0.0007,0.00097,0.00093,0.00127,0.00148,0.00161
75,E32,LAGO MAYOR,2017-07-12,-15.3384,-69.7205,7.0,0.51,0.75,13.0,8.52,6.0,1,2,0.00972,0.01261,0.01233,0.00197,0.00149,0.00066,0.00079,0.00067,0.00098,0.00146,0.00258
76,E36,LAGO MAYOR,2017-07-13,-15.2971,-69.6814,10.8,0.59,4.0,12.6,8.62,5.77,1,2,0.00777,0.01055,0.01014,0.00151,0.00056,6e-05,0.00071,0.00059,0.00077,0.0017,0.00185
77,E39,LAGO MAYOR,2017-07-13,-15.3748,-69.5276,8.4,0.52,0.25,13.1,8.73,6.26,1,2,0.00333,0.00834,0.01022,0.00038,0.0,0.0,0.0,0.0,0.0,0.00257,0.00321
78,E41,LAGO MAYOR,2017-07-13,-15.4392,-69.6009,13.0,1.7,36.75,13.5,8.71,5.86,1,4,0.00835,0.00671,0.00658,0.00104,0.00041,0.00022,0.00034,0.00019,6e-05,0.00081,0.00078
79,E42,LAGO MAYOR,2017-07-13,-15.4967,-69.6685,14.0,0.59,25.0,13.6,8.67,5.78,1,2,0.0143,0.0139,0.01165,0.00402,0.00317,0.00202,0.00185,0.00174,0.00173,0.00137,0.00117
80,E43,LAGO MAYOR,2017-07-13,-15.5603,-69.7411,12.0,1.1,47.0,13.4,8.66,5.83,1,2,0.01471,0.01341,0.01119,0.00447,0.00345,0.00264,0.00257,0.00241,0.00226,0.00167,0.00179
81,E22,LAGO MAYOR,2017-07-13,-15.6181,-69.807,9.0,2.05,3.25,13.1,8.64,6.26,1,2,0.0136,0.01319,0.01096,0.00349,0.00292,0.00167,0.00174,0.0017,0.00171,0.00211,0.00251
82,E48,LAGO MAYOR,2017-07-15,-15.5361,-69.3597,12.0,1.7,1.75,13.4,8.71,6.21,1,2,0.01019,0.0101,0.00888,0.0032,0.00224,0.00202,0.0023,0.00223,0.00215,0.00227,0.00186
83,E49,LAGO MAYOR,2017-07-15,-15.6063,-69.4449,9.0,1.1,1.5,13.2,8.78,6.53,1,2,0.01008,0.01115,0.0094,0.00383,0.00304,0.00234,0.00217,0.00221,0.00212,0.00205,0.00195
84,E50,LAGO MAYOR,2017-07-15,-15.6687,-69.5211,12.0,1.62,3.0,12.4,8.79,6.32,1,2,0.01146,0.01266,0.01068,0.00502,0.00426,0.00338,0.00304,0.00326,0.00304,0.00297,0.00293
85,E51,LAGO MAYOR,2017-07-15,-15.7371,-69.6038,9.8,2.13,1.5,12.1,8.8,5.97,1,2,0.01086,0.01191,0.00965,0.00373,0.00289,0.00203,0.00145,0.00214,0.00173,0.00144,0.00127
86,E52,LAGO MAYOR,2017-07-15,-15.8028,-69.6843,9.0,3.83,2.25,12.1,8.8,6.35,1,4,0.01213,0.01267,0.01,0.00361,0.00303,0.00193,0.00242,0.00213,0.00187,0.00195,0.00201
87,E53,LAGO MAYOR,2017-07-15,-15.8686,-69.7634,,1.61,,13.5,8.72,6.32,1,4,0.01577,0.01681,0.01419,0.00565,0.00527,0.00406,0.00386,0.00351,0.00333,0.00264,0.00228
88,E58,LAGO MAYOR,2017-07-16,-15.9519,-69.5453,,1.18,1.75,13.5,8.68,6.41,1,4,0.0119,0.01499,0.0118,0.00488,0.00394,0.00343,0.00359,0.00291,0.00277,0.00245,0.00268
89,E59,LAGO MAYOR,2017-07-16,-15.8876,-69.4615,10.0,2.13,1.5,13.2,8.69,5.96,1,4,0.01382,0.01346,0.01023,0.00439,0.00373,0.00263,0.00326,0.00241,0.00281,0.00208,0.00189
90,E60,LAGO MAYOR,2017-07-16,-15.8271,-69.3776,10.0,2.21,1.75,12.8,8.68,5.94,1,4,0.01261,0.01253,0.009,0.00331,0.00237,0.00178,0.00198,0.00143,0.00176,0.0017,0.00188
91,E61,LAGO MAYOR,2017-07-16,-15.7585,-69.3045,12.8,1.7,1.75,12.7,8.63,5.64,1,2,0.0111,0.01038,0.00841,0.00287,0.00185,0.0014,0.00149,0.00133,0.00143,0.00125,0.00097
92,E65,LAGO MAYOR,2017-07-16,-15.6901,-69.2315,,2.13,0.0,13.3,8.72,6.8,1,2,0.01146,0.01254,0.01363,0.00318,0.00229,0.00148,0.00162,0.00159,0.00154,0.00111,0.00153
93,E72,LAGO MAYOR,2017-07-16,-15.6921,-69.1709,5.8,1.54,1.0,12.7,8.78,7.18,1,2,0.00908,0.01454,0.01842,0.00424,0.002,0.00042,0.00178,0.00144,0.00186,0.00488,0.00435
94,E76,LAGO MAYOR,2017-07-19,-15.8125,-69.0449,9.0,1.1,0.75,12.8,8.77,6.49,1,2,0.00538,0.00778,0.00765,0.00248,0.00198,0.00161,0.00169,0.00168,0.00177,0.00163,0.00184
95,E78,LAGO MAYOR,2017-07-19,-15.8903,-69.1327,10.3,0.51,0.0,12.5,8.66,5.77,1,3,0.00849,0.0117,0.00841,0.00326,0.00263,0.00215,0.00261,0.00209,0.00196,0.00216,0.00165
96,E79,LAGO MAYOR,2017-07-16,-15.96,-69.2272,10.0,0.59,0.0,13.4,8.79,6.14,1,4,0.00785,0.01045,0.00792,0.00237,0.00191,0.00107,0.00146,0.00126,0.00125,0.00131,0.00131
97,E80,LAGO MAYOR,2017-07-17,-16.0316,-69.3198,10.0,0.59,0.0,13.3,8.81,6.23,1,4,0.01199,0.01271,0.01002,0.00434,0.00349,0.0025,0.00286,0.00228,0.00239,0.00193,0.00183
98,E82,LAGO MAYOR,2017-07-17,-16.1109,-69.4173,10.0,2.72,1.25,13.0,8.87,6.45,1,4,0.01412,0.01442,0.01204,0.00578,0.00538,0.00435,0.00489,0.00405,0.00437,0.00305,0.00281
99,E83,LAGO MAYOR,2017-07-17,-16.1837,-69.5067,8.0,1.61,0.0,13.4,8.7,6.76,1,4,0.01389,0.01528,0.01341,0.00543,0.00447,0.00347,0.00442,0.00361,0.00362,0.004,0.00362
100,E88,LAGO MAYOR,2017-07-20,-16.2064,-69.3781,8.0,1.53,1.0,13.2,8.56,6.68,1,4,0.01479,0.01572,0.014,0.00689,0.00621,0.00568,0.00605,0.00522,0.00518,0.00398,0.00367
101,E94,LAGO MAYOR,2017-07-20,-16.251,-69.2884,9.0,1.02,0.75,13.2,8.59,6.59,1,4,0.01301,0.01725,0.01504,0.00955,0.00929,0.00936,0.01066,0.00964,0.01032,0.00942,0.00749
102,E97,LAGO MAYOR,2017-07-20,-16.1757,-69.1958,10.0,2.13,3.0,12.6,8.62,6.15,1,4,0.0085,0.01137,0.00852,0.00337,0.00315,0.00207,0.00234,0.00185,0.00224,0.00157,0.00205
103,E98,LAGO MAYOR,2017-07-19,-16.1056,-69.1103,9.5,1.53,0.75,13.4,8.63,5.91,1,4,0.00728,0.01056,0.00815,0.00271,0.00238,0.00144,0.00218,0.00169,0.00199,0.00222,0.00211
104,E99,LAGO MAYOR,2017-07-19,-16.0745,-69.0742,11.0,0.51,0.0,13.6,8.72,6.3,1,4,0.00915,0.01204,0.0102,0.00419,0.00356,0.00267,0.00345,0.0027,0.00277,0.0025,0.00253
105,E100,LAGO MAYOR,2017-07-19,-16.0055,-68.9959,10.0,1.02,1.0,13.7,8.7,5.91,1,6,0.01073,0.01126,0.00897,0.00362,0.00254,0.00182,0.0019,0.00174,0.00152,0.00134,0.00152
106,E103,LAGO MAYOR,2017-07-19,-15.9394,-68.9017,,1.03,0.75,13.0,8.75,6.14,1,2,0.02791,0.02204,0.02291,0.01728,0.01755,0.0176,0.01915,0.01662,0.01946,0.01741,0.01586
107,E104,LAGO MAYOR,2017-07-19,-16.0297,-68.8837,10.2,1.62,0.25,13.2,8.74,6.14,1,2,0.02056,0.01964,0.01834,0.01246,0.01227,0.01198,0.01155,0.01159,0.01096,0.00934,0.00829
108,E105,LAGO MAYOR,2017-07-19,-15.9864,-68.8016,,1.1,0.5,12.5,8.79,7.03,1,2,0.01315,0.01568,0.01915,0.01092,0.01076,0.00876,0.00913,0.00933,0.00889,0.00742,0.00666
109,E113,LAGO MAYOR,2017-07-20,-16.2174,-69.1367,10.0,1.53,0.75,11.9,8.58,6.39,1,4,0.0079,0.0114,0.00933,0.00376,0.00302,0.0026,0.00301,0.00258,0.00259,0.00184,0.00183
110,E117,LAGO MAYOR,2017-07-19,-16.1653,-69.1027,8.5,2.13,0.25,13.4,8.69,6.49,1,4,0.00863,0.01221,0.00982,0.00339,0.00258,0.00219,0.00317,0.00255,0.00234,0.00232,0.0021
111,E120,LAGO MAYOR,2017-07-21,-16.1264,-68.9337,9.5,2.13,31.25,12.9,8.65,6.25,1,6,0.0112,0.01221,0.00998,0.00414,0.00385,0.0028,0.00295,0.00289,0.00214,0.00193,0.00165
112,E121,LAGO MAYOR,2017-07-21,-16.2068,-68.8643,9.0,1.62,26.25,13.3,8.55,6.47,1,2,0.01258,0.01249,0.01265,0.00706,0.00721,0.00706,0.00733,0.00657,0.00721,0.00719,0.00688
113,E122,LAGO MENOR,2017-07-21,-16.2276,-68.8361,9.0,1.7,39.25,13.2,8.51,6.39,1,2,0.01352,0.01596,0.01548,0.01025,0.01054,0.01025,0.01055,0.01095,0.01099,0.01136,0.0101
114,E123,LAGO MENOR,2017-07-21,-16.1925,-68.797,6.5,1.1,32.25,13.1,8.67,7.11,1,2,0.01466,0.01612,0.01801,0.01102,0.01105,0.01071,0.01078,0.0103,0.01084,0.00948,0.00825
115,E125,LAGO MENOR,2017-07-21,-16.2626,-68.7843,8.0,2.13,37.5,13.3,8.88,7.11,1,2,0.01869,0.02516,0.03239,0.01153,0.01051,0.00965,0.00953,0.00924,0.00927,0.00756,0.00699
116,E127,LAGO MENOR,2017-07-21,-16.2135,-68.733,,0.59,34.0,12.7,8.68,7.05,1,2,0.01497,0.01613,0.01723,0.01035,0.01016,0.00964,0.00982,0.0092,0.01007,0.00827,0.00744
117,E126,LAGO MENOR,2017-07-21,-16.2677,-68.7154,,0.0,17.0,11.5,8.96,8.86,1,2,0.01526,0.01808,0.02066,0.00731,0.00643,0.00589,0.00593,0.00574,0.00592,0.00484,0.00445
118,E124,LAGO MENOR,2017-07-21,-16.218,-68.6226,,1.11,32.75,12.4,8.63,6.91,1,2,0.01364,0.01751,0.02632,0.00605,0.00518,0.00368,0.00394,0.00411,0.00375,0.00301,0.00325
119,E132,LAGO MENOR,2017-07-21,-16.3339,-68.7808,,0.08,16.75,12.7,8.77,8.07,1,6,0.01056,0.01555,0.02816,0.00658,0.00803,0.00214,0.0019,0.00198,0.00171,0.00147,0.00141
120,E129,LAGO MENOR,2017-07-22,-16.217,-68.9353,,0.59,22.0,11.2,8.75,7.76,1,6,0.01116,0.0144,0.01465,0.00523,0.00418,0.00321,0.00321,0.00285,0.00234,0.00184,0.00146
121,E130,LAGO MENOR,2017-07-22,-16.3144,-68.8451,5.4,1.62,24.5,11.1,8.34,6.69,1,6,0.00951,0.01429,0.01844,0.00308,0.00185,0.00108,0.0012,0.00114,0.00105,0.00251,0.00259
122,E136,LAGO MENOR,2017-07-22,-16.2659,-69.0601,7.0,1.02,20.25,11.4,8.33,6.57,1,4,0.00971,0.01269,0.01399,0.00561,0.00429,0.00338,0.00318,0.00289,0.00241,0.00247,0.003
123,E135,LAGO MENOR,2017-07-22,-16.3028,-68.9852,6.0,3.32,28.5,12.0,8.34,6.82,1,14,0.01166,0.01475,0.01444,0.00487,0.00369,0.00246,0.00256,0.00229,0.00195,0.00135,0.00144
124,E137,LAGO MENOR,2017-07-22,-16.4011,-68.8334,6.0,1.1,15.5,13.2,8.34,6.53,1,4,0.0084,0.01308,0.02277,0.00578,0.00638,0.00229,0.00258,0.0022,0.00211,0.00185,0.00258
125,E138,LAGO MENOR,2017-07-22,-16.3653,-68.9031,,1.03,21.5,12.7,9.17,7.49,1,6.0,0.00871,0.01318,0.01424,0.00439,0.00329,0.00191,0.00249,0.00211,0.00183,0.00165,0.00165
126,E139,LAGO MENOR,2017-07-22,-16.4224,-68.903,,0.59,12.25,13.1,8.77,7.2,1,4.0,0.00986,0.0147,0.01923,0.00447,0.00329,0.00197,0.0022,0.00156,0.0017,0.00216,0.002
127,E141,LAGO MENOR,2017-07-22,-16.3764,-69.0073,,0.08,29.5,12.1,8.38,6.77,1,4.0,0.01367,0.01622,0.01602,0.00527,0.00383,0.00273,0.00287,0.00241,0.00193,0.00165,0.00148
128,E142,LAGO MENOR,2017-07-22,-16.4515,-68.998,6.0,0.59,20.0,11.8,8.41,6.94,1,8.0,0.01433,0.01612,0.01605,0.0052,0.00393,0.00273,0.00265,0.00238,0.00219,0.0018,0.00165
129,E-148,LAGO MENOR,2017-07-22,-16.5187,-68.8773,6.0,0.43,13.75,12.4,8.54,7.57,1,4.0,0.01249,0.02058,0.03608,0.00856,0.00753,0.00223,0.0024,0.00207,0.00229,0.0017,0.002
130,E-145,LAGO MENOR,2017-07-23,-16.5139,-68.977,6.5,1.03,26.0,10.7,9.02,7.23,1,8.0,0.01341,0.01722,0.01779,0.00608,0.00457,0.00348,0.00371,0.00337,0.00287,0.00244,0.00199
131,E-144,LAGO MENOR,2017-07-23,-16.56,-68.9168,,1.7,11.5,10.4,9.14,7.44,1,8.0,0.01167,0.01697,0.01913,0.00571,0.00439,0.00301,0.00343,0.00318,0.0027,0.00191,0.00199
132,E-147,LAGO MENOR,2017-07-23,-16.493,-69.0596,6.5,2.29,15.5,11.2,9.02,7.17,1,4.0,0.0182,0.02182,0.03159,0.01027,0.00995,0.00485,0.00486,0.00437,0.00352,0.00278,0.00278
133,E-150,LAGO MENOR,2017-07-23,-16.5583,-69.0356,,1.54,20.25,11.2,9.02,7.04,1,4.0,0.0131,0.01544,0.01857,0.00855,0.00916,0.00459,0.00501,0.00489,0.00451,0.0074,0.00671
134,E01,BAHIA PUNO,2018-07-18,-15.853,-69.9605,5.4,3.07,15.14,12.9,8.86,7.47,0,,,,,,,,,,,,
135,E02,BAHIA PUNO,2018-07-18,-15.8461,-69.9271,6.0,1.53,15.43,12.8,8.85,7.27,0,,,,,,,,,,,,
136,E03,BAHIA PUNO,2018-07-18,-15.8745,-69.9079,7.5,2.13,8.29,13.6,8.85,7.56,0,,,,,,,,,,,,
137,E04,BAHIA PUNO,2018-07-18,-15.8741,-69.8671,,1.02,15.14,13.4,8.91,8.66,0,,,,,,,,,,,,
138,E05,BAHIA PUNO,2018-07-18,-15.84,-69.8923,7.5,1.19,10.0,12.7,8.8,7.05,0,,,,,,,,,,,,
139,E-6,BAHIA PUNO,2018-07-18,-15.8053,-69.9118,,2.21,10.29,12.3,8.79,7.13,0,,,,,,,,,,,,
140,E08,BAHIA PUNO,2018-07-18,-15.7802,-69.8681,10.0,2.29,5.71,12.3,8.76,6.91,0,,,,,,,,,,,,
141,E09,BAHIA PUNO,2018-07-18,-15.8342,-69.8592,,2.8,10.29,12.4,8.83,7.91,0,,,,,,,,,,,,
142,E14,BAHIA PUNO,2018-07-19,-15.7489,-69.783,7.0,2.72,9.43,12.5,8.69,6.66,0,,,,,,,,,,,,
143,E16,BAHIA PUNO,2018-07-19,-15.6737,-69.8541,7.0,3.4,8.29,11.8,8.65,6.97,0,,,,,,,,,,,,
144,E17,BAHIA PUNO,2018-07-19,-15.6048,-69.9059,1.5,1.02,25.71,10.5,8.64,7.73,0,,,,,,,,,,,,
145,E25,LAGO MAYOR,2018-07-20,-15.4913,-69.893,,1.19,10.57,12.0,8.34,5.55,0,,,,,,,,,,,,
146,E27,LAGO MAYOR,2018-07-20,-15.4437,-69.8425,,2.2,9.14,12.0,8.47,6.6,0,,,,,,,,,,,,
147,E28,LAGO MAYOR,2018-07-20,-15.3928,-69.7822,8.0,2.72,11.14,12.2,8.49,6.33,0,,,,,,,,,,,,
148,E32,LAGO MAYOR,2018-07-20,-15.3384,-69.7205,7.0,1.1,11.71,12.6,8.45,5.92,0,,,,,,,,,,,,
149,E36,LAGO MAYOR,2018-07-20,-15.2971,-69.6814,7.5,2.2,12.0,12.5,8.47,6.2,0,,,,,,,,,,,,
150,E39,LAGO MAYOR,2018-07-21,-15.3748,-69.5276,7.0,1.7,11.43,11.8,8.03,6.02,0,,,,,,,,,,,,
151,E41,LAGO MAYOR,2018-07-21,-15.4392,-69.6009,8.5,2.89,15.14,11.9,8.49,5.71,0,,,,,,,,,,,,
152,E42,LAGO MAYOR,2018-07-21,-15.4967,-69.6685,10.0,2.72,18.29,12.2,8.31,5.88,0,,,,,,,,,,,,
153,E43,LAGO MAYOR,2018-07-21,-15.5603,-69.7411,11.0,2.29,11.71,12.0,8.48,5.71,0,,,,,,,,,,,,
154,E22,LAGO MAYOR,2018-07-21,-15.6181,-69.807,8.0,2.37,20.86,11.8,8.48,6.23,0,,,,,,,,,,,,
155,E48,LAGO MAYOR,2018-07-22,-15.5289,-69.3654,11.0,1.62,16.0,12.5,8.43,5.6,0,,,,,,,,,,,,
156,E49,LAGO MAYOR,2018-07-22,-15.6063,-69.4449,13.0,1.7,10.57,12.5,8.42,5.52,0,,,,,,,,,,,,
157,E50,LAGO MAYOR,2018-07-22,-15.6687,-69.5211,11.0,1.7,15.43,12.3,8.3,4.99,0,,,,,,,,,,,,
158,E51,LAGO MAYOR,2018-07-23,-15.7371,-69.6038,10.5,1.7,16.57,12.4,8.35,4.99,0,,,,,,,,,,,,
159,E52,LAGO MAYOR,2018-07-23,-15.8028,-69.6843,12.0,2.21,6.57,12.7,8.55,6.47,0,,,,,,,,,,,,
160,E53,LAGO MAYOR,2018-07-23,-15.8686,-69.7634,9.5,3.31,12.57,13.3,8.57,6.71,0,,,,,,,,,,,,
161,E58,LAGO MAYOR,2018-07-24,-15.9519,-69.5453,,2.8,19.14,11.9,8.25,6.54,0,,,,,,,,,,,,
162,E59,LAGO MAYOR,2017-07-16,-15.8876,-69.4615,10.0,1.62,34.29,12.0,8.49,5.09,1,4.0,0.01382,0.01346,0.01023,0.00439,0.00373,0.00263,0.00326,0.00241,0.00281,0.00208,0.00189
163,E60,LAGO MAYOR,2018-07-24,-15.8271,-69.3776,13.5,2.21,15.71,12.2,8.37,4.49,0,,,,,,,,,,,,
164,E61,LAGO MAYOR,2018-07-24,-15.7585,-69.3045,13.0,2.21,8.57,12.5,8.45,5.4,0,,,,,,,,,,,,
165,E65,LAGO MAYOR,2018-07-24,-15.6901,-69.2315,,2.29,4.0,12.5,8.56,6.82,0,,,,,,,,,,,,
166,E72,LAGO MAYOR,2018-07-24,-15.6921,-69.1709,4.0,1.1,23.71,11.8,8.61,6.9,0,,,,,,,,,,,,
167,E76,LAGO MAYOR,2018-07-24,-15.8125,-69.0449,13.0,0.59,4.57,13.1,8.46,5.77,0,,,,,,,,,,,,
168,E78,LAGO MAYOR,2018-07-24,-15.8903,-69.1327,13.0,1.1,6.86,13.1,8.58,5.87,0,,,,,,,,,,,,
169,E79,LAGO MAYOR,2018-07-25,-15.96,-69.2272,10.5,1.62,1.14,12.3,8.52,5.76,0,,,,,,,,,,,,
170,E80,LAGO MAYOR,2018-07-25,-16.0316,-69.3198,12.3,2.21,0.29,13.0,8.56,5.85,0,,,,,,,,,,,,
171,E82,LAGO MAYOR,2018-07-25,-16.1109,-69.4173,11.0,1.19,0.57,13.3,8.63,6.43,0,,,,,,,,,,,,
172,E83,LAGO MAYOR,2018-07-25,-16.1837,-69.5067,7.0,1.1,0.57,12.9,8.65,6.81,0,,,,,,,,,,,,
173,E88,LAGO MAYOR,2018-07-25,-16.2064,-69.3781,9.4,1.1,0.29,13.5,8.63,6.59,0,,,,,,,,,,,,
174,E94,LAGO MAYOR,2018-07-26,-16.251,-69.2884,9.0,1.7,0.57,12.6,8.6,6.83,0,,,,,,,,,,,,
175,E97,LAGO MAYOR,2018-07-26,-16.1757,-69.1958,10.5,2.21,0.57,12.4,8.52,5.84,0
176,E98,LAGO MAYOR,2018-07-26,-16.1056,-69.1103,12.0,2.88,6.86,12.7,8.53,5.78,0
177,E99,LAGO MAYOR,2018-07-28,-16.0745,-69.0742,11.0,1.19,10.0,12.4,8.37,6.07,0
178,E100,LAGO MAYOR,2018-07-28,-16.0055,-68.9959,13.0,2.29,0.29,12.1,8.31,5.11,0
179,E103,LAGO MAYOR,2018-07-28,-15.9394,-68.9017,,2.2,0.29,12.4,8.31,5.7,0
180,E104,LAGO MAYOR,2018-07-28,-16.0297,-68.8837,12.0,0.59,0.57,13.1,8.54,5.56,0
181,E105,LAGO MAYOR,2018-07-28,-15.9864,-68.8016,,0.51,0.29,12.6,8.72,7.35,0
182,E113,LAGO MAYOR,2018-07-26,-16.2174,-69.1367,,1.7,8.86,13.4,8.65,7.29,0
183,E117,LAGO MAYOR,2018-07-26,-16.1653,-69.1027,9.1,1.11,0.29,13.3,8.58,6.51,0
184,E120,LAGO MAYOR,2018-07-28,-16.1264,-68.9337,9.5,1.19,10.29,13.1,8.59,6.17,0
185,E121,LAGO MAYOR,2018-07-28,-16.2068,-68.8643,8.0,1.7,0.29,13.3,8.59,6.65,0
186,E122,LAGO MENOR,2018-07-29,-16.2276,-68.8361,9.0,3.39,0.57,11.8,8.12,6.6,0
187,E123,LAGO MENOR,2018-07-29,-16.1925,-68.797,9.0,0.59,12.29,11.4,8.53,7.42,0
188,E125,LAGO MENOR,2018-07-29,-16.2626,-68.7843,7.5,1.78,9.43,11.4,8.61,7.36,0
189,E127,LAGO MENOR,2018-07-29,-16.2135,-68.733,,1.1,6.0,10.1,8.91,8.6,0
190,E126,LAGO MENOR,2018-07-29,-16.2677,-68.7154,,2.88,21.71,10.2,8.83,8.82,0
191,E124,LAGO MENOR,2018-07-29,-16.218,-68.6226,,0.59,17.43,11.3,8.83,7.64,0
192,E132,LAGO MENOR,2018-07-29,-16.3339,-68.7808,7.0,0.59,6.0,11.5,9.0,9.44,0
193,E129,LAGO MENOR,2018-07-29,-16.217,-68.9353,,0.59,0.57,11.6,8.77,8.46,0
194,E130,LAGO MENOR,2018-07-29,-16.3144,-68.8451,6.0,1.1,5.43,11.5,8.44,6.77,0
195,E136,LAGO MENOR,2018-07-29,-16.2659,-69.0601,8.0,1.58,3.14,11.8,8.5,6.8,0
196,E135,LAGO MENOR,2018-07-29,-16.3028,-68.9852,,1.19,4.86,12.0,8.65,8.73,0
197,E137,LAGO MENOR,2018-07-29,-16.4011,-68.8334,5.0,2.05,6.29,11.7,8.5,6.97,0
198,E138,LAGO MENOR,2018-07-30,-16.3653,-68.9031,,2.21,2.29,10.5,8.27,7.52,0
199,E141,LAGO MENOR,2018-07-30,-16.3764,-69.0073,5.5,3.39,1.71,10.3,8.36,6.9,0
200,E142,LAGO MENOR,2018-07-30,-16.4515,-68.998,7.0,1.35,1.71,10.5,8.43,7.15,0,,,,,,,,,,,,
201,E148,LAGO MENOR,2018-07-30,-16.5187,-68.8773,,2.22,1.43,11.0,8.64,7.7,0,,,,,,,,,,,,
202,E145,LAGO MENOR,2018-07-30,-16.5139,-68.977,6.5,2.21,0.57,10.5,8.58,7.34,0,,,,,,,,,,,,
203,E144,LAGO MENOR,2018-07-30,-16.56,-68.9168,,1.35,0.29,10.6,8.8,7.75,0,,,,,,,,,,,,
204,E147,LAGO MENOR,2018-07-30,-16.493,-69.0596,,2.22,2.0,11.3,8.52,7.18,0,,,,,,,,,,,,
205,E150,LAGO MENOR,2018-07-30,-16.5583,-69.0356,,1.19,0.57,11.0,8.6,7.23,0,,,,,,,,,,,,
206,E01,BAHIA PUNO,2019-07-11,-15.8522,-69.9607,8.0,1.62,10.5,13.1,8.43,7.2,1,4.0,0.01351,0.01679,0.01655,0.00785,0.0067,0.00635,0.00683,0.00668,0.00648,0.00614,0.00508
207,E02,BAHIA PUNO,2019-07-11,-15.8464,-69.9276,8.0,1.1,12.0,13.0,8.56,7.05,1,8.0,0.0144,0.01314,0.01339,0.00482,0.00502,0.00403,0.00392,0.00282,0.00275,0.00118,0.00121
208,E03,BAHIA PUNO,2019-07-11,-15.8744,-69.9078,,1.62,8.5,14.0,8.54,7.65,1,8.0,0.01486,0.01566,0.02011,0.0047,0.00428,0.00236,0.00325,0.00216,0.00236,0.00237,0.00226
209,E04,BAHIA PUNO,2019-07-11,-15.8752,-69.8717,1.5,1.54,21.5,13.5,8.61,8.25,1,8.0,0.01352,0.01449,0.02084,0.00506,0.00643,0.00356,0.00388,0.00235,0.00237,0.00161,0.00153
210,E05,BAHIA PUNO,2019-07-11,-15.84,-69.892,8.0,0.59,10.75,13.6,8.64,7.2,1,8.0,0.01598,0.01623,0.01335,0.00552,0.00461,0.00368,0.00374,0.00314,0.003,0.00118,0.00129
211,E07,BAHIA PUNO,2019-07-11,-15.758,-69.8783,,1.7,8.5,12.7,8.66,7.5,1,8.0,0.01247,0.01474,0.01436,0.00512,0.00442,0.0033,0.00347,0.00289,0.00299,0.00142,0.00184
212,E08,BAHIA PUNO,2019-07-11,-15.7798,-69.8691,10.0,1.1,6.5,13.0,8.63,6.77,1,8.0,0.01258,0.01555,0.01249,0.00498,0.0042,0.00326,0.00326,0.00277,0.00258,0.0013,0.00128
213,E09,BAHIA PUNO,2019-07-11,-15.8348,-69.8603,,2.05,12.0,13.6,8.67,7.68,1,8.0,0.01508,0.01557,0.01703,0.00514,0.00396,0.00341,0.00321,0.00316,0.00269,0.00188,0.00148
214,E14,BAHIA PUNO,2019-07-12,-15.7489,-69.783,9.0,0.51,15.0,13.0,8.16,6.74,1,4.0,0.00355,0.00922,0.00798,0.0025,0.0036,0.00267,0.00261,0.00127,0.00152,0.00125,0.00129
215,E16,BAHIA PUNO,2019-07-11,-15.6728,-69.8539,3.5,1.1,11.75,12.8,8.64,6.8,1,8.0,0.01074,0.01362,0.01614,0.00457,0.00273,0.00105,0.00192,0.00129,0.00129,0.00369,0.00322
216,E17,BAHIA PUNO,2019-07-12,-15.6054,-69.9049,3.0,3.9,7.75,10.2,8.45,5.72,1,8.0,0.00524,0.01274,0.01669,0.00937,0.00719,0.00471,0.00543,0.00496,0.00434,0.00463,0.0042
217,E25,LAGO MAYOR,2019-07-12,-15.4911,-69.8931,6.1,1.02,20.5,13.2,8.52,6.88,1,8.0,0.00914,0.01447,0.01407,0.00612,0.00512,0.00455,0.00467,0.00427,0.00343,0.00384,0.0041
218,E28,LAGO MAYOR,2019-07-12,-15.3928,-69.7822,7.0,0.59,9.25,13.0,8.55,7.1,1,8.0,0.00352,0.01056,0.0105,0.00162,0.00348,0.00259,0.00259,0.0006,0.00045,0.00134,0.00128
219,E32,LAGO MAYOR,2019-07-12,-15.3382,-69.7205,6.0,0.52,15.0,12.9,8.56,6.62,1,4.0,0.0014,0.00335,0.00491,0.0001,0.00109,0.00039,0.00039,0.0001,0.0001,0.00064,0.00139
220,E36,LAGO MAYOR,2019-07-12,-15.2964,-69.6816,11.0,1.27,12.75,13.0,8.54,6.57,1,4.0,0.00114,0.0042,0.00697,0.00022,0.00102,0.00025,0.00041,0.0001,0.00012,0.00066,0.00083
221,E39,LAGO MAYOR,2019-07-13,-15.3423,-69.529,8.0,1.19,15.0,12.6,8.51,6.57,1,4.0,0.01611,0.02988,0.05142,0.07505,0.09165,0.10732,0.11677,0.1224,0.13127,0.19788,0.14181
222,E41,LAGO MAYOR,2019-07-13,-15.4395,-69.6006,9.5,0.52,10.25,13.1,8.51,6.57,1,8.0,0.0001,0.00179,0.0027,0.00011,0.00102,0.00031,0.00027,0.0001,0.0001,0.00097,0.00128
223,E42,LAGO MAYOR,2019-07-13,-15.4967,-69.6687,10.0,0.59,4.75,13.8,8.32,6.31,1,4.0,0.00305,0.00863,0.00718,0.00217,0.00284,0.00215,0.00221,0.00105,0.00104,0.00127,0.00128
224,E43,LAGO MAYOR,2019-07-13,-15.5603,-69.7413,12.0,1.53,11.25,13.8,8.41,6.37,1,4.0,0.00284,0.00973,0.00774,0.00181,0.00297,0.00187,0.00205,0.00078,0.00095,0.00092,0.00131
225,E22,LAGO MAYOR,2019-07-13,-15.62,-69.8133,6.0,1.03,4.25,13.4,8.33,6.46,1,4,0.0001,0.00516,0.00449,0.00024,0.00095,0.00022,0.00025,0.0001,0.00011,0.00326,0.00355
226,E48,LAGO MAYOR,2019-07-14,-15.5266,-69.3605,,1.11,6.5,13.1,8.36,6.43,1,4,0.00576,0.00465,0.00595,0.00144,0.00094,0.00082,0.00102,0.00064,0.00105,0.00337,0.00352
227,E49,LAGO MAYOR,2019-07-14,-15.6063,-69.4449,12.0,0.52,10.0,13.4,8.31,6.39,1,4,0.0051,0.00963,0.00818,0.00292,0.00338,0.00249,0.0023,0.00163,0.00168,0.0018,0.00175
228,E50,LAGO MAYOR,2019-07-14,-15.6685,-69.521,12.0,0.59,16.25,14.0,8.21,6.43,1,4,0.02511,0.03032,0.02802,0.02202,0.02294,0.02094,0.02175,0.02097,0.02003,0.02097,0.01641
229,E51,LAGO MAYOR,2019-07-14,-15.7371,-69.6037,11.0,0.6,9.5,14.0,8.5,6.59,1,4,0.00797,0.01394,0.01154,0.00576,0.00584,0.00475,0.0042,0.00359,0.00288,0.00272,0.00272
230,E52,LAGO MAYOR,2019-07-14,-15.8017,-69.6838,10.0,1.53,10.25,13.1,8.55,6.55,1,4,0.00805,0.01071,0.00929,0.00338,0.00414,0.00313,0.00317,0.00229,0.00191,0.00297,0.00277
231,E53,LAGO MAYOR,2019-07-14,-15.8703,-69.7694,9.0,0.6,5.5,13.3,8.34,6.95,1,4,0.01009,0.01187,0.01016,0.00319,0.00331,0.00223,0.00263,0.00208,0.00185,0.0023,0.00228
232,E58,LAGO MAYOR,2019-07-16,-15.9513,-69.5449,,1.19,10.75,12.9,8.42,6.55,1,4,0.0073,0.01122,0.00993,0.00401,0.00431,0.00347,0.003,0.00247,0.00201,0.00158,0.00127
233,E59,LAGO MAYOR,2019-07-15,-15.8874,-69.4614,11.0,0.24,13.25,13.6,8.42,6.51,1,4,0.0094,0.0103,0.00847,0.00318,0.00368,0.00269,0.00245,0.00197,0.00155,0.00111,0.00127
234,E60,LAGO MAYOR,2019-07-15,-15.8267,-69.3764,11.0,0.95,8.75,13.6,8.33,6.42,1,4,0.01474,0.01331,0.01139,0.00549,0.00599,0.00488,0.00502,0.00403,0.0039,0.00369,0.00333
235,E61,LAGO MAYOR,2019-07-15,-15.7589,-69.3042,11.0,1.02,10.75,13.2,8.56,6.54,1,4,0.00562,0.00944,0.00786,0.00262,0.00325,0.00234,0.00264,0.00133,0.0019,0.00162,0.00165
236,E65,LAGO MAYOR,2019-07-15,-15.6905,-69.2308,,1.1,8.75,12.7,8.56,6.68,1,4,0.00707,0.00868,0.01125,0.00226,0.00248,0.00199,0.00204,0.00131,0.00123,0.00123,0.00115
237,E72,LAGO MAYOR,2019-07-15,-15.6931,-69.1707,6.0,0.68,20.5,11.7,8.56,6.94,1,4,0.00261,0.00957,0.01309,0.00482,0.00454,0.00216,0.00289,0.00137,0.00187,0.00538,0.00488
238,E76,LAGO MAYOR,2019-07-19,-15.8077,-69.0414,9.9,1.1,11.5,12.6,8.45,6.56,1,4,0.00483,0.00961,0.00905,0.0024,0.0023,0.00143,0.00167,0.00057,0.00112,0.00235,0.00245
239,E78,LAGO MAYOR,2019-07-19,-15.8894,-69.1325,12.0,1.1,11.5,13.5,8.47,6.47,1,4,0.00781,0.01236,0.00882,0.00364,0.0044,0.0037,0.00356,0.00191,0.00214,0.00213,0.0015
240,E79,LAGO MAYOR,2019-07-19,-15.9605,-69.2275,9.0,0.51,6.75,12.5,8.79,6.59,1,4,0.01183,0.01337,0.01019,0.0047,0.00353,0.00286,0.00336,0.00312,0.0032,0.00244,0.00206
241,E80,LAGO MAYOR,2019-07-16,-16.0317,-69.3194,11.0,1.02,6.25,13.7,8.5,6.56,1,4,0.00918,0.01016,0.00814,0.00291,0.00332,0.00234,0.00242,0.00175,0.00173,0.00102,0.00186
242,E82,LAGO MAYOR,2019-07-16,-16.1121,-69.4175,9.0,0.08,6.25,13.8,8.37,6.41,1,4,0.00675,0.01139,0.00873,0.00331,0.00419,0.00264,0.00292,0.00205,0.00225,0.00136,0.00122
243,E83,LAGO MAYOR,2019-07-16,-16.1849,-69.5079,10.0,0.51,3.0,13.0,8.53,6.76,1,4,0.0135,0.01522,0.01269,0.00612,0.00663,0.0056,0.00609,0.00398,0.00387,0.00447,0.00385
244,E88,LAGO MAYOR,2019-07-17,-16.2031,-69.3822,11.0,2.21,1.0,13.0,8.44,6.69,1,4,0.01225,0.01535,0.01193,0.00514,0.00403,0.00338,0.00369,0.00296,0.00261,0.0017,0.0015
245,E94,LAGO MAYOR,2019-07-17,-16.2545,-69.2917,8.0,1.02,0.75,13.1,8.44,6.6,1,4,0.0076,0.01343,0.01009,0.00377,0.00386,0.00278,0.00318,0.00174,0.00226,0.00299,0.00274
246,E97,LAGO MAYOR,2019-07-17,-16.1754,-69.1951,10.0,0.95,3.75,13.0,8.5,6.55,1,4,0.00872,0.01376,0.0104,0.00437,0.00335,0.00247,0.00262,0.00204,0.00192,0.00121,0.00109
247,E98,LAGO MAYOR,2019-07-18,-16.1034,-69.1089,7.0,0.51,1.75,13.0,8.4,6.48,1,4,0.00749,0.01034,0.00677,0.00174,0.0011,0.00062,0.001,0.00056,0.00079,0.00187,0.00211
248,E99,LAGO MAYOR,2019-07-20,-16.0824,-69.0817,13.0,2.64,3.5,13.2,8.23,6.22,1,4,0.01034,0.01257,0.01067,0.00591,0.0067,0.00649,0.00687,0.00497,0.00585,0.00841,0.00704
249,E100,LAGO MAYOR,2019-07-20,-16.005,-68.9964,11.0,1.1,5.25,12.4,8.4,5.89,1,8,0.00679,0.0078,0.00494,0.00131,0.0018,0.00139,0.00105,0.00048,0.00052,0.00085,0.00068
250,E103,LAGO MAYOR,2019-07-20,-15.9398,-68.9,,1.62,5.75,12.3,8.43,6.4,1,4,0.00066,0.00297,0.00355,0.0008,0.00174,0.00087,0.00087,0.00017,0.00015,0.00246,0.00319
251,E104,LAGO MAYOR,2019-07-20,-16.0384,-68.8577,10.0,1.02,5.75,12.4,8.45,6.46,1,4,0.00611,0.0075,0.00697,0.00218,0.00358,0.00352,0.00296,0.00141,0.00105,0.0018,0.00173
252,E105,LAGO MAYOR,2019-07-20,-15.9864,-68.8016,,1.53,8.5,12.5,8.46,6.68,1,4,0.0038,0.00977,0.01581,0.00513,0.00729,0.00343,0.00348,0.00155,0.00178,0.00132,0.0013
253,E113,LAGO MAYOR,2019-07-17,-16.2298,-69.1135,9.0,0.67,1.25,13.8,8.46,6.22,1,4,0.0095,0.01535,0.01528,0.00556,0.00444,0.00348,0.00432,0.00346,0.00317,0.00197,0.00195
254,E117,LAGO MAYOR,2019-07-18,-16.1686,-69.0979,10.0,0.59,5.0,13.6,8.44,6.49,1,4,0.01007,0.01452,0.01257,0.00464,0.00309,0.00205,0.00237,0.00144,0.00142,0.00178,0.00213
255,E120,LAGO MAYOR,2019-07-20,-16.1262,-68.9334,11.5,1.19,11.5,13.6,8.35,6.18,1,8,0.00952,0.01409,0.0101,0.00451,0.00388,0.00334,0.0028,0.00285,0.00229,0.00127,0.00154
256,E121,LAGO MAYOR,2019-07-21,-16.2077,-68.8626,11.0,0.59,10.75,12.6,8.42,6.4,1,4,0.0001,0.00045,0.00141,0.0001,0.00038,0.0001,0.00035,0.0001,0.0001,0.00159,0.00201
257,E122,LAGO MENOR,2019-07-21,-16.2281,-68.8351,11.0,1.19,3.75,12.7,8.38,6.5,1,4,0.0001,0.00018,0.00035,0.0001,0.0001,0.0001,0.0001,0.0001,0.0001,0.00166,0.00292
258,E123,LAGO MENOR,2019-07-21,-16.1922,-68.7968,9.0,1.1,5.5,12.4,8.47,6.76,1,4,0.00135,0.00538,0.0063,0.0027,0.00511,0.00426,0.00418,0.0021,0.00225,0.00258,0.0019
259,E125,LAGO MENOR,2019-07-21,-16.2132,-68.7325,8.5,1.19,1.0,12.4,8.55,6.66,1,4,0.00117,0.00525,0.00603,0.00277,0.00544,0.00459,0.0044,0.00242,0.0022,0.00297,0.00244
260,E127,LAGO MENOR,2019-07-21,-16.2173,-68.6217,,2.37,0.25,10.7,8.56,6.47,1,4,0.0001,0.00271,0.01475,0.00034,0.00243,0.00126,0.00161,0.0001,0.0001,0.00113,0.00157
261,E126,LAGO MENOR,2019-07-21,-16.2684,-68.7153,,1.11,0.5,11.0,8.66,6.91,1,4,0.00294,0.00871,0.01542,0.0033,0.00575,0.0045,0.00433,0.00237,0.00226,0.00233,0.00172
262,E124,LAGO MENOR,2019-07-21,-16.2631,-68.6226,,1.19,0.75,11.7,8.66,6.88,1,4,0.0001,0.00427,0.01895,0.00024,0.00268,0.00183,0.00185,0.00014,0.00012,0.00093,0.00121
263,E132,LAGO MENOR,2019-07-21,-16.315,-68.8479,7.0,1.7,2.75,11.4,8.86,6.48,1,8,0.00808,0.01627,0.0169,0.00355,0.00372,0.00172,0.00207,0.00062,0.00061,0.00279,0.00245
264,E129,LAGO MENOR,2019-07-22,-16.33,-68.7973,,0.51,2.5,10.4,8.4,5.54,1,8,0.01291,0.01869,0.03432,0.00788,0.00862,0.00416,0.00452,0.00305,0.0032,0.00178,0.0016
265,E130,LAGO MENOR,2019-07-22,-16.2142,-68.9393,10.0,1.27,3.25,11.6,8.27,6.33,1,8,0.01012,0.01381,0.01412,0.00502,0.00419,0.00297,0.00272,0.00191,0.00196,0.0013,0.00108
266,E135,LAGO MENOR,2019-07-22,-16.2802,-69.0344,,2.21,1.0,11.5,8.57,8.48,1,4,0.01092,0.01703,0.0243,0.00808,0.00632,0.00294,0.00259,0.00238,0.00216,0.00141,0.00166
267,E136,LAGO MENOR,2019-07-22,-16.3034,-68.9854,6.5,0.59,7.0,11.7,8.31,6.8,1,16,0.01293,0.01736,0.01899,0.00904,0.00869,0.0065,0.00687,0.00541,0.00453,0.0025,0.00205
268,E137,LAGO MENOR,2019-07-22,-16.3655,-68.9025,5.0,1.19,3.0,11.7,8.54,6.91,1,8,0.01293,0.01733,0.02129,0.00772,0.00725,0.00488,0.00518,0.0035,0.00305,0.00211,0.00165
269,E138,LAGO MENOR,2019-07-23,-16.3921,-68.8399,,2.88,6.5,10.8,9.25,6.12,1,4,0.01831,0.02338,0.03049,0.00981,0.00845,0.00504,0.00499,0.00441,0.00369,0.00207,0.0009
270,E139,LAGO MENOR,2019-07-23,-16.4219,-68.9028,,2.29,8.25,11.9,8.52,6.8,1,4,0.02275,0.02742,0.03187,0.01007,0.00711,0.004,0.00404,0.0034,0.00261,0.00149,0.0017
271,E141,LAGO MENOR,2019-07-23,-16.376,-69.0078,10.0,0.51,1.5,11.4,8.42,6.92,1,4,0.01475,0.0161,0.01635,0.00572,0.00408,0.0026,0.00255,0.00233,0.0018,0.00094,0.00109
272,E142,LAGO MENOR,2019-07-23,-16.4489,-68.9969,11.0,1.03,6.75,10.8,8.63,7.14,1,8,0.0167,0.01793,0.01909,0.00647,0.00447,0.00288,0.00277,0.00243,0.00259,0.00118,0.00094
273,E145,LAGO MENOR,2019-07-23,-16.5179,-68.9781,6.0,3.99,3.0,11.1,8.68,7.3,1,8,0.01595,0.01881,0.02077,0.00583,0.0041,0.00216,0.00222,0.00191,0.00176,0.0007,0.00077
274,E144,LAGO MENOR,2019-07-24,-16.5161,-68.8866,,0.67,2.25,9.9,8.74,7.15,1,4,0.01536,0.01963,0.02703,0.00654,0.00454,0.00231,0.00252,0.00243,0.00232,0.00102,0.00124
275,E147,LAGO MENOR,2019-07-24,-16.559,-68.9174,5.5,2.21,6.5,10.4,8.57,6.68,1,8,0.01299,0.01812,0.01934,0.00604,0.00426,0.00308,0.00329,0.00276,0.00232,0.00096,0.00122
276,E150,LAGO MENOR,2019-07-24,-16.5583,-69.0356,,1.19,8.25,10.6,8.48,6.89,1,4,0.01184,0.01426,0.0186,0.00914,0.00651,0.00237,0.00288,0.00232,0.00194,0.00421,0.00397
277,E01,BAHIA PUNO,2022-08-12,-15.853,-69.9605,5.5,1.61,2.5,13.9,8.51,7.23,1,4,0.01497,0.0163,0.01961,0.01081,0.0108,0.00957,0.01027,0.01028,0.00998,0.00813,0.00636
278,E02,BAHIA PUNO,2022-08-12,-15.8461,-69.9271,8.0,3.07,1.0,13.5,8.49,7.0,1,8,0.0186,0.01873,0.01847,0.00974,0.0085,0.00734,0.00758,0.00676,0.00671,0.00272,0.00211
279,E04,BAHIA PUNO,2022-08-12,-15.8741,-69.8671,,1.53,10.75,13.8,8.35,7.13,1,8,0.02031,0.02235,0.03216,0.01132,0.01265,0.00699,0.00717,0.00648,0.0062,0.00313,0.00226
280,E05,BAHIA PUNO,2022-08-12,-15.84,-69.8923,8.5,0.95,1.25,13.6,8.28,6.88,1,8,0.01907,0.0186,0.01579,0.00746,0.00654,0.00573,0.0058,0.00549,0.00547,0.00258,0.00185
281,E06,BAHIA PUNO,2022-08-12,-15.8053,-69.9118,,1.1,1.0,13.1,8.35,7.37,1,8,0.01881,0.02072,0.0232,0.00922,0.00794,0.00646,0.00676,0.0061,0.00558,0.00288,0.00224
282,E08,BAHIA PUNO,2022-08-12,-15.7802,-69.8681,11.0,1.03,2.25,12.6,8.27,6.9,1,8,0.01823,0.01842,0.01468,0.00702,0.00639,0.00558,0.00591,0.00529,0.00499,0.00255,0.00196
283,E09,BAHIA PUNO,2022-08-12,-15.8342,-69.8592,,0.59,3.0,13.4,8.49,7.06,1,8,0.0217,0.02337,0.02634,0.00915,0.00752,0.006,0.00658,0.00598,0.0055,0.00321,0.00248
284,E25,LAGO MAYOR,2022-08-14,-15.4913,-69.893,,0.51,3.5,12.9,8.27,6.03,1,8,0.01941,0.02151,0.01798,0.00879,0.00804,0.00728,0.00762,0.00697,0.00725,0.00497,0.00419
285,E27,LAGO MAYOR,2022-08-14,-15.4437,-69.8425,,0.59,7.5,12.5,8.45,6.64,1,16,0.01973,0.02264,0.02034,0.00775,0.00721,0.00634,0.00637,0.00608,0.00556,0.00248,0.00208
286,E28,LAGO MAYOR,2022-08-14,-15.3928,-69.7822,10.0,1.02,2.5,13.2,8.47,6.66,1,8,0.02296,0.02489,0.01998,0.00812,0.00704,0.00511,0.00535,0.00497,0.00466,0.00228,0.00151
287,E32,LAGO MAYOR,2022-08-14,-15.3384,-69.7205,9.0,0.51,1.75,13.4,8.39,6.13,1,4,0.02382,0.02833,0.02217,0.00814,0.00645,0.00473,0.00546,0.00449,0.00451,0.00238,0.00317
288,E36,LAGO MAYOR,2022-08-14,-15.2971,-69.6814,9.0,0.51,2.25,13.0,8.4,6.42,1,4,0.02349,0.02604,0.02145,0.00926,0.00779,0.00637,0.00624,0.00616,0.00605,0.00327,0.00258
289,E39,LAGO MAYOR,2022-08-15,-15.3748,-69.5276,7.0,1.62,1.25,12.3,8.43,6.7,1,4,0.0157,0.0208,0.02376,0.0073,0.0054,0.00327,0.00371,0.00307,0.00292,0.00511,0.00463
290,341,LAGO MAYOR,2022-08-15,-15.4392,-69.6009,14.0,0.51,1.5,13.1,8.28,5.88,1,8,0.0141,0.0174,0.0117,0.00397,0.00313,0.00228,0.00228,0.00244,0.00213,0.00189,0.00173
291,E42,LAGO MAYOR,2022-08-15,-15.4967,-69.6685,16.0,0.94,5.5,12.9,8.29,5.94,1,4,0.01916,0.01855,0.01281,0.00524,0.00424,0.00329,0.00352,0.00315,0.00312,0.00154,0.00123
292,E43,LAGO MAYOR,2022-08-15,-15.5603,-69.7411,14.0,0.51,0.75,13.1,8.1,5.66,1,4,0.02004,0.01898,0.01349,0.00591,0.00492,0.0037,0.00407,0.00368,0.00351,0.00192,0.00167
293,E22,LAGO MAYOR,2022-08-15,-15.6181,-69.807,14.0,0.51,1.0,13.3,8.13,6.05,1,4,0.01943,0.01904,0.01378,0.00655,0.00528,0.00468,0.00478,0.0047,0.00462,0.00299,0.00255
294,E48,LAGO MAYOR,2022-08-16,-15.5361,-69.3597,8.0,0.94,1.0,13.8,8.34,5.97,1,4,0.02081,0.0206,0.01515,0.00764,0.00683,0.00618,0.00656,0.00592,0.0057,0.00393,0.00314
295,E49,LAGO MAYOR,2022-08-16,-15.6063,-69.4449,15.0,0.51,6.5,13.0,8.18,5.97,1,4,0.02051,0.02127,0.01492,0.00811,0.00688,0.00623,0.00536,0.00523,0.00516,0.00324,0.00279
296,E50,LAGO MAYOR,2022-08-16,-15.6687,-69.5211,16.0,0.59,9.0,12.6,8.27,5.75,1,4,0.01901,0.02002,0.0143,0.00759,0.00625,0.00563,0.00513,0.00588,0.00514,0.00405,0.00353
297,E51,LAGO MAYOR,2022-08-17,-15.7371,-69.6038,12.0,1.02,1.5,13.0,8.27,5.81,1,4,0.01801,0.0188,0.0129,0.00614,0.00502,0.00428,0.00408,0.00418,0.00355,0.00211,0.0019
298,E52,LAGO MAYOR,2022-08-17,-15.8028,-69.6843,9.0,0.51,11.0,12.9,8.31,6.27,1,4,0.01751,0.01849,0.01346,0.0061,0.00514,0.00422,0.00384,0.00426,0.00347,0.00258,0.00235
299,E53,LAGO MAYOR,2022-08-17,-15.8686,-69.7634,11.0,0.51,4.5,13.0,8.43,6.76,1,4,0.0234,0.02244,0.0166,0.00947,0.00848,0.00753,0.00745,0.00689,0.00669,0.00363,0.00274
300,E58,LAGO MAYOR,2022-08-18,-15.9519,-69.5453,11.0,1.1,3.25,12.3,8.58,6.44,1,4,0.01912,0.02173,0.01824,0.00841,0.00687,0.00626,0.00582,0.00583,0.00537,0.00282,0.00232
301,E59,LAGO MAYOR,2022-08-18,-15.8876,-69.4615,15.0,0.51,1.5,12.8,8.44,5.64,1,4,0.02047,0.01954,0.01404,0.00687,0.00547,0.00466,0.0046,0.00445,0.00409,0.0019,0.0015
302,E60,LAGO MAYOR,2022-08-18,-15.8271,-69.3776,16.5,0.43,1.5,12.8,8.45,5.57,1,4,0.02075,0.0204,0.01425,0.0073,0.00561,0.00477,0.00455,0.00448,0.00451,0.00253,0.00206
303,E61,LAGO MAYOR,2022-08-18,-15.7585,-69.3045,15.0,0.51,3.75,13.5,8.42,5.77,1,4,0.01917,0.02009,0.01458,0.00664,0.0059,0.00521,0.0055,0.0048,0.00502,0.00331,0.00301
304,E65,LAGO MAYOR,2022-08-18,-15.6901,-69.2315,,1.02,5.5,13.4,8.54,6.64,1,4,0.01886,0.01839,0.01768,0.00752,0.00596,0.00559,0.0054,0.00526,0.00499,0.003,0.00308
305,E72,LAGO MAYOR,2022-08-19,-15.6921,-69.1709,5.0,1.62,18.0,12.5,8.64,6.91,1,4,0.01758,0.02088,0.02083,0.00897,0.00704,0.00591,0.00688,0.00602,0.0067,0.00688,0.00633
306,E76,LAGO MAYOR,2022-08-19,-15.8125,-69.0449,10.0,0.95,0.75,13.0,8.48,6.48,1,4,0.01563,0.01673,0.01334,0.00723,0.00625,0.00546,0.00589,0.00524,0.00558,0.00371,0.00368
307,E78,LAGO MAYOR,2022-08-19,-15.8903,-69.1327,14.0,0.51,1.25,13.4,8.47,6.22,1,4,0.01657,0.01745,0.01269,0.00677,0.00553,0.00508,0.00518,0.00452,0.00507,0.00332,0.00284
308,E79,LAGO MAYOR,2022-08-19,-15.96,-69.2272,14.0,0.51,0.75,12.8,8.46,6.01,1,4,0.01654,0.0172,0.01265,0.00628,0.00543,0.00481,0.00515,0.00445,0.00465,0.00328,0.00312
309,E80,LAGO MAYOR,2022-08-20,-16.0316,-69.3198,15.0,0.51,0.0,12.3,8.48,5.9,1,4,0.02063,0.01937,0.01347,0.00696,0.00532,0.00505,0.00478,0.00455,0.00443,0.00293,0.00254
310,E82,LAGO MAYOR,2022-08-20,-16.1109,-69.4173,15.0,0.51,1.75,12.8,8.53,6.38,1,4,0.02219,0.02103,0.01519,0.00791,0.0069,0.00569,0.0058,0.00543,0.00564,0.00237,0.00186
311,E83,LAGO MAYOR,2022-08-20,-16.1837,-69.5067,16.0,0.95,1.0,13.7,8.58,6.61,1,4,0.02105,0.02017,0.01656,0.00948,0.00784,0.00645,0.00691,0.00612,0.00596,0.00363,0.00301
312,E88,LAGO MAYOR,2022-08-20,-16.2064,-69.3781,14.0,0.59,0.75,13.3,8.58,6.5,1,4,0.0205,0.01943,0.0149,0.00778,0.00673,0.00582,0.00582,0.0054,0.00534,0.00245,0.00213
313,E94,LAGO MAYOR,2022-08-20,-16.251,-69.2884,15.0,0.95,4.5,13.5,8.57,6.65,1,4,0.0195,0.02249,0.01866,0.01148,0.01127,0.01089,0.01168,0.01167,0.01251,0.00919,0.00736
314,E97,LAGO MAYOR,2022-08-21,-16.1757,-69.1958,16.0,0.95,6.75,12.9,8.51,6.17,1,4,0.01584,0.01454,0.01149,0.00585,0.00388,0.00342,0.0035,0.00373,0.00379,0.00203,0.00156
315,E98,LAGO MAYOR,2022-08-22,-16.1056,-69.1103,15.0,0.51,10.0,12.6,8.46,5.8,1,4,0.01741,0.01713,0.01301,0.00767,0.0069,0.00607,0.00626,0.00544,0.00573,0.00378,0.00303
316,E99,LAGO MAYOR,2022-08-22,-16.0745,-69.0742,15.0,0.51,10.0,13.0,8.5,6.18,1,4,0.01945,0.0153,0.01239,0.00659,0.00521,0.00431,0.00461,0.00462,0.00387,0.00212,0.00176
317,E100,LAGO MAYOR,2022-08-22,-16.0055,-68.9959,13.0,0.52,8.75,12.7,8.46,6.19,1,8,0.0154,0.01257,0.00941,0.0041,0.00333,0.00251,0.00261,0.00244,0.00218,0.00137,0.0013
318,E103,LAGO MAYOR,2022-08-22,-15.9394,-68.9017,10.0,0.51,5.5,13.0,8.48,6.16,1,4,0.01604,0.01436,0.01222,0.00486,0.00401,0.00326,0.00312,0.003,0.00276,0.00395,0.00397
319,E104,LAGO MAYOR,2022-08-22,-16.0297,-68.8837,13.0,0.95,13.18,12.9,8.59,6.73,1,4,0.01305,0.01201,0.00914,0.00362,0.00325,0.00232,0.00277,0.00267,0.00233,0.00168,0.00175
320,E105,LAGO MAYOR,2022-08-22,-15.9864,-68.8016,,0.59,6.2,13.6,8.54,6.61,1,4,0.01782,0.01668,0.01864,0.00961,0.00902,0.00646,0.00658,0.0057,0.00512,0.00271,0.00199
321,E113,LAGO MAYOR,2022-08-21,-16.2174,-69.1367,14.0,0.43,11.39,13.8,8.58,6.52,1,4,0.01524,0.0155,0.01265,0.00651,0.00488,0.00457,0.00503,0.0042,0.00409,0.00182,0.00134
322,E117,LAGO MAYOR,2022-08-21,-16.1653,-69.1027,14.0,0.51,6.91,13.6,8.56,6.62,1,4,0.01843,0.01867,0.01438,0.008,0.00708,0.00638,0.00694,0.00603,0.00593,0.0034,0.00278
323,E120,LAGO MAYOR,2022-08-22,-16.1264,-68.9337,14.0,1.02,12.32,13.1,8.51,6.23,1,8,0.01492,0.01419,0.01072,0.00543,0.00451,0.00417,0.00367,0.00416,0.00409,0.0024,0.00254
324,E121,LAGO MAYOR,2022-08-23,-16.2068,-68.8643,11.0,0.95,7.62,12.5,8.56,6.56,1,4,0.00734,0.00924,0.007,0.0022,0.00201,0.00139,0.00143,0.00161,0.00184,0.00279,0.00292
325,E122,LAGO MENOR,2022-08-23,-16.2276,-68.8361,10.0,1.02,4.14,12.5,8.55,6.61,1,4,0.00723,0.00764,0.00527,0.00061,0.00026,3e-05,0.0,0.0,0.00051,0.00355,0.00429
326,E123,LAGO MENOR,2022-08-23,-16.1925,-68.797,6.0,1.78,12.25,12.1,8.67,7.08,1,4,0.01164,0.01679,0.025,0.00674,0.00611,0.004,0.00398,0.00363,0.00345,0.00221,0.00199
327,E125,LAGO MENOR,2022-08-23,-16.2626,-68.7843,8.0,1.53,13.0,12.4,8.63,6.85,1,4,0.01307,0.02056,0.04403,0.01005,0.00945,0.00401,0.00368,0.00329,0.00253,0.00174,0.00207
328,E127,LAGO MENOR,2022-08-23,-16.2135,-68.733,,2.05,14.25,12.0,8.76,6.98,1,4,0.01235,0.01555,0.01876,0.00674,0.00626,0.00484,0.00498,0.00467,0.00413,0.00242,0.00181
329,E124,LAGO MENOR,2022-08-23,-16.218,-68.6226,,4.58,12.25,12.9,8.78,7.09,1,4,0.01485,0.02819,0.04435,0.01519,0.01412,0.00926,0.00919,0.01248,0.00883,0.00877,0.00754
330,E132,LAGO MENOR,2022-08-23,-16.3339,-68.7808,4.0,1.53,12.75,13.5,8.81,7.73,1,8,0.01799,0.0214,0.04063,0.0115,0.01159,0.00431,0.00449,0.0041,0.00364,0.00202,0.00191
331,E129,LAGO MENOR,2022-08-24,-16.217,-68.9353,,1.46,16.25,11.4,8.82,7.5,1,8,0.01314,0.01342,0.01538,0.00611,0.0045,0.00338,0.00353,0.00328,0.00298,0.0019,0.00133
332,E130,LAGO MENOR,2022-08-23,-16.3144,-68.8451,5.5,1.19,17.0,13.1,8.45,6.66,1,8,0.02314,0.02589,0.03135,0.01236,0.01047,0.00839,0.00867,0.00753,0.00744,0.00542,0.00455
333,E136,LAGO MENOR,2022-08-24,-16.2659,-69.0601,5.5,1.7,14.25,12.2,8.58,6.9,1,4,0.0166,0.01649,0.01819,0.00971,0.00804,0.00692,0.00745,0.00629,0.0063,0.00316,0.00339
334,E135,LAGO MENOR,2022-08-24,-16.3028,-68.9852,11.0,1.19,16.75,12.6,8.71,7.42,1,16,0.02137,0.02062,0.02118,0.01028,0.00832,0.00719,0.00671,0.00617,0.00584,0.00301,0.0023
335,E137,LAGO MENOR,2022-08-24,-16.4011,-68.8334,5.0,1.02,11.25,12.0,8.57,7.04,1,4,0.02376,0.02808,0.04004,0.01633,0.01473,0.01001,0.00962,0.00887,0.00845,0.00403,0.0031
336,E138,LAGO MENOR,2022-08-24,-16.3653,-68.9031,,1.02,18.25,12.2,8.47,6.74,1,8,0.02295,0.02319,0.02316,0.01177,0.00986,0.0081,0.00822,0.00748,0.00721,0.00387,0.00291
337,E141,LAGO MENOR,2022-08-24,-16.3764,-69.0073,5.0,1.7,11.0,12.8,8.62,7.05,1,4,0.0237,0.02526,0.02581,0.01315,0.01094,0.00864,0.00866,0.00811,0.00761,0.00422,0.00312
338,E142,LAGO MENOR,2022-08-24,-16.4515,-68.998,5.0,1.18,17.0,13.1,8.68,7.13,1,8,0.02431,0.02558,0.02702,0.01338,0.01128,0.00874,0.00909,0.00859,0.0073,0.00431,0.00342
339,E148,LAGO MENOR,2022-08-24,-16.5187,-68.8773,,0.95,31.75,13.1,8.71,7.6,1,4,0.01864,0.02164,0.03205,0.01312,0.01263,0.00774,0.00788,0.00702,0.00682,0.00315,0.00226
340,E145,LAGO MENOR,2022-08-24,-16.5139,-68.977,5.5,1.62,26.0,13.2,8.32,7.19,1,8,0.02165,0.02377,0.02637,0.01021,0.00821,0.00588,0.00572,0.00534,0.0049,0.00229,0.00164
341,E144,LAGO MENOR,2022-08-25,-16.56,-68.9168,,1.7,17.25,12.3,8.82,7.66,1,8,0.02278,0.02489,0.02775,0.01299,0.0112,0.00929,0.00908,0.00844,0.00791,0.00329,0.00215
342,E147,LAGO MENOR,2022-08-24,-16.493,-69.0596,5.0,1.78,14.75,12.4,8.64,7.07,1,4,0.02628,0.02693,0.03478,0.01444,0.01287,0.00822,0.00815,0.00704,0.00698,0.00282,0.00208
343,E150,LAGO MENOR,2022-08-25,-16.5583,-69.0356,,2.2,19.5,12.3,8.79,7.41,1,4,0.02541,0.02746,0.03071,0.01757,0.01502,0.00977,0.01045,0.00947,0.00857,0.00729,0.00568
344,E01,BAHIA PUNO,2024-08-21,-15.853,-69.9605,6.0,2.64,0.5,13.4,8.64,7.3,1,4,0.013,0.01999,0.02499,0.00755,0.00642,0.00372,0.00474,0.0043,0.00438,0.00819,0.00716
345,E02,BAHIA PUNO,2024-08-21,-15.8461,-69.9271,9.0,2.05,1.5,13.0,8.57,7.01,1,8,0.01582,0.01849,0.01526,0.00564,0.00503,0.00427,0.005,0.00363,0.00379,0.00269,0.00227
346,E03,BAHIA PUNO,2024-08-21,-15.8653,-69.8942,8.0,1.02,7.75,13.9,8.69,7.1,1,8,0.01485,0.01828,0.01606,0.00557,0.00488,0.00429,0.00507,0.00375,0.00386,0.00303,0.00224
347,E04,BAHIA PUNO,2024-08-21,-15.8741,-69.8671,,2.04,7.0,13.9,8.71,7.34,1,8,0.0161,0.0193,0.03308,0.01489,0.02544,0.00656,0.00689,0.00588,0.00406,0.00419,0.00362
348,E05,BAHIA PUNO,2024-08-21,-15.84,-69.8923,10.0,2.55,2.5,13.4,8.63,7.05,1,8,0.01609,0.01709,0.01397,0.00494,0.00449,0.00332,0.00426,0.00315,0.00352,0.003,0.00235
349,E06,BAHIA PUNO,2024-08-21,-15.8053,-69.9118,,2.55,0.75,13.6,8.74,7.33,1,8,0.02273,0.02482,0.03244,0.00859,0.00582,0.00267,0.00332,0.00249,0.00257,0.00293,0.00313
350,E08,BAHIA PUNO,2024-08-21,-15.7802,-69.8681,9.0,1.45,5.75,13.3,8.62,6.8,1,8,0.0161,0.0179,0.01334,0.0049,0.00433,0.00326,0.0035,0.00325,0.00347,0.00267,0.0024
351,E09,BAHIA PUNO,2024-08-21,-15.8342,-69.8592,,2.04,4.25,13.4,8.72,7.96,1,8,0.01549,0.0201,0.02631,0.00534,0.00323,0.00207,0.00225,0.00178,0.0016,0.00285,0.00252
352,E15,LAGO MAYOR,2024-08-21,-15.715,-69.8226,9.0,1.53,1.25,13.3,8.54,6.83,1,4,0.01284,0.0146,0.01195,0.00299,0.00212,0.00076,0.00101,0.0007,0.00088,0.00225,0.00247
353,E16,LAGO MAYOR,2024-08-21,-15.6737,-69.8541,6.0,1.62,2.25,13.5,8.66,7.0,1,8,0.00924,0.01056,0.00984,0.00019,0.0,0.0,0.0,0.0,0.0,0.00263,0.0039
354,E22,LAGO MAYOR,2024-08-22,-15.6181,-69.807,14.0,1.02,1.5,13.5,8.6,6.64,1,4,0.01439,0.01514,0.01067,0.00228,0.00137,3e-05,0.00054,0.00032,0.00014,0.00251,0.00304
355,E25,LAGO MAYOR,2024-08-22,-15.4913,-69.893,,1.53,2.0,13.5,8.63,6.76,1,8,0.01601,0.01561,0.01587,0.00476,0.00391,0.00275,0.00359,0.00244,0.00265,0.00566,0.0061
356,E27,LAGO MAYOR,2024-08-22,-15.4437,-69.8425,4.0,1.61,15.25,13.6,8.69,6.88,1,16,0.016,0.01904,0.02053,0.00689,0.00586,0.00452,0.00421,0.00382,0.00348,0.00238,0.00219
357,E28,LAGO MAYOR,2024-08-22,-15.3928,-69.7822,9.0,3.58,8.5,13.6,8.62,6.82,1,8,0.01743,0.01541,0.01311,0.00426,0.00372,0.0027,0.00301,0.00289,0.00264,0.00188,0.00142
358,E32,LAGO MAYOR,2024-08-22,-15.3384,-69.7205,12.5,1.62,6.0,13.7,8.58,6.59,1,4,0.01583,0.01697,0.01413,0.0046,0.00342,0.00282,0.00273,0.0025,0.00255,0.00162,0.0028
359,E36,LAGO MAYOR,2024-08-22,-15.2971,-69.6814,11.5,2.13,2.75,14.0,8.55,6.5,1,4,0.01334,0.01384,0.01185,0.00406,0.00335,0.00233,0.00313,0.00295,0.00314,0.00219,0.00223
360,E36B,LAGO MAYOR,2024-08-22,-15.2621,-69.7034,13.0,1.53,6.25,13.9,8.55,6.52,1,4,0.01367,0.01351,0.01143,0.00438,0.00372,0.00311,0.00351,0.0033,0.00341,0.00187,0.00184
361,E39,LAGO MAYOR,2024-08-23,-15.3748,-69.5276,8.0,2.12,4.5,12.7,8.61,6.74,1,4,0.01321,0.01706,0.01886,0.00361,0.00165,0.00086,0.00103,0.00059,0.00081,0.0054,0.00614
362,E41,LAGO MAYOR,2024-08-23,-15.4392,-69.6009,10.5,2.98,3.75,13.0,8.59,6.66,1,8,0.01295,0.01232,0.00953,0.00293,0.00182,0.0013,0.00165,0.00153,0.00134,0.00159,0.00154
363,E42,LAGO MAYOR,2024-08-23,-15.4967,-69.6685,10.0,1.45,6.25,14.4,8.48,6.47,1,4,0.01449,0.01311,0.01017,0.00353,0.00275,0.00187,0.00187,0.00169,0.00162,0.00165,0.00165
364,E43,LAGO MAYOR,2024-08-23,-15.5603,-69.7411,12.5,0.94,7.0,13.9,8.57,6.45,1,4,0.01535,0.0156,0.012,0.00495,0.0044,0.00352,0.00314,0.0031,0.00276,0.00281,0.00264
365,E48,LAGO MAYOR,2024-08-24,-15.5361,-69.3597,9.0,0.43,6.11,13.5,8.61,6.74,1,4,0.01489,0.015,0.01146,0.00507,0.00404,0.00367,0.00344,0.00324,0.00322,0.0031,0.00297
366,E49,LAGO MAYOR,2024-08-24,-15.6063,-69.4449,11.0,1.45,1.0,13.8,8.62,6.58,1,4,0.0183,0.01941,0.01594,0.00909,0.00789,0.00719,0.00722,0.00683,0.00659,0.00577,0.00527
367,E50,LAGO MAYOR,2024-08-24,-15.6687,-69.5211,12.0,1.61,3.75,13.7,8.57,6.55,1,4,0.01755,0.01897,0.0151,0.0083,0.00752,0.00629,0.00646,0.00604,0.00649,0.00614,0.00607
368,E51,LAGO MAYOR,2024-08-24,-15.7371,-69.6038,11.5,0.51,7.5,13.1,8.55,6.62,1,4,0.01726,0.0183,0.01478,0.00817,0.00745,0.00672,0.00614,0.0062,0.00605,0.00444,0.00418
369,E52,LAGO MAYOR,2024-08-24,-15.8028,-69.6843,11.0,1.1,6.25,12.9,8.62,6.75,1,4,0.01628,0.01678,0.01348,0.00567,0.00514,0.00408,0.00393,0.00388,0.00362,0.00296,0.00255
370,E53,LAGO MAYOR,2024-08-24,-15.8686,-69.7634,9.0,2.15,3.25,12.6,8.59,6.65,1,4,0.02208,0.02348,0.01892,0.00823,0.00735,0.0064,0.00671,0.00629,0.006,0.00467,0.00388
371,E58,LAGO MAYOR,2024-08-26,-15.9519,-69.5453,9.0,1.1,1.0,14.2,8.61,6.67,1,4,0.01823,0.01865,0.01679,0.00843,0.00688,0.00517,0.00511,0.00467,0.00484,0.0045,0.00493
372,E59,LAGO MAYOR,2024-08-26,-15.8876,-69.4615,10.5,1.62,4.75,13.4,8.53,6.4,1,4,0.01658,0.01616,0.0131,0.00635,0.0053,0.00472,0.00481,0.00423,0.00439,0.00389,0.00377
373,E60,LAGO MAYOR,2024-08-25,-15.8271,-69.3776,12.0,0.51,1.75,14.3,8.6,6.52,1,4,0.01822,0.01762,0.01433,0.00763,0.00646,0.00548,0.00536,0.00538,0.00527,0.00432,0.00342
374,E61,LAGO MAYOR,2024-08-25,-15.7585,-69.3045,12.0,1.53,2.0,13.8,8.6,6.72,1,4,0.01891,0.01683,0.01482,0.0082,0.00689,0.00686,0.00684,0.00671,0.00638,0.00554,0.00478
375,E65,LAGO MAYOR,2024-08-25,-15.6901,-69.2315,,1.61,2.0,13.5,8.63,7.03,1,4,0.02028,0.02135,0.02133,0.00996,0.00846,0.00758,0.00745,0.00739,0.00726,0.00598,0.00536
376,E72,LAGO MAYOR,2024-08-25,-15.6921,-69.1709,4.8,1.1,2.25,13.3,8.61,6.73,1,4,0.01861,0.02105,0.02437,0.00852,0.00464,0.00051,0.00207,0.00054,0.00077,0.00612,0.00681
377,E76,LAGO MAYOR,2024-08-25,-15.8125,-69.0449,12.0,1.53,2.0,14.1,8.55,6.57,1,4,0.016,0.01791,0.0149,0.00874,0.00785,0.00745,0.00792,0.00696,0.0077,0.00534,0.00441
378,B03,LAGO MAYOR,2024-08-27,-15.9948,-69.427,11.0,1.02,3.25,13.1,8.66,6.69,1,4,0.01664,0.01882,0.01389,0.00682,0.00591,0.00519,0.00585,0.00558,0.00545,0.00548,0.00487
379,E78,LAGO MAYOR,2024-08-27,-15.8903,-69.1327,10.5,0.51,1.5,13.7,8.59,6.64,1,4,0.01741,0.01848,0.0147,0.00883,0.00772,0.00733,0.00764,0.00677,0.00729,0.00565,0.00455
380,E79,LAGO MAYOR,2024-08-27,-15.96,-69.2272,9.5,1.53,4.0,13.6,8.59,6.6,1,4,0.01878,0.01758,0.01581,0.00971,0.00899,0.00733,0.008,0.00729,0.00751,0.00664,0.00596
381,E80,LAGO MAYOR,2024-08-27,-16.0316,-69.3198,15.0,1.53,11.5,13.3,8.62,6.63,1,4,0.01412,0.01502,0.01112,0.00362,0.00278,0.00216,0.00215,0.00176,0.00186,0.00197,0.00209
382,E82,LAGO MAYOR,2024-08-28,-16.1109,-69.4173,9.0,1.97,1.5,13.9,8.61,6.66,1,4,0.02101,0.01962,0.01594,0.00875,0.00825,0.00727,0.0075,0.00732,0.00713,0.00561,0.00483
383,E83,LAGO MAYOR,2024-08-28,-16.1837,-69.5067,8.5,2.56,1.0,14.6,8.65,6.6,1,4,0.02033,0.02196,0.01905,0.00951,0.00798,0.00725,0.0077,0.00713,0.00736,0.00788,0.00736
384,E88,LAGO MAYOR,2024-08-29,-16.2064,-69.3781,9.5,1.53,8.0,13.3,8.61,6.67,1,4,0.01652,0.01803,0.01473,0.00697,0.00585,0.00549,0.00645,0.00516,0.00581,0.00549,0.00518
385,E94,LAGO MAYOR,2024-08-29,-16.251,-69.2884,9.5,1.53,1.5,13.9,8.66,6.78,1,4,0.01375,0.01662,0.01346,0.00689,0.00685,0.00629,0.00675,0.00662,0.00801,0.00768,0.00602
386,E97,LAGO MAYOR,2024-08-29,-16.1757,-69.1958,13.5,1.02,9.0,14.0,8.66,6.75,1,4,0.01176,0.01356,0.00947,0.00379,0.00265,0.00262,0.00319,0.00248,0.00266,0.00248,0.00263
387,E98,LAGO MAYOR,2024-08-29,-16.1056,-69.1103,13.0,1.1,1.75,14.1,8.65,6.72,1,4,0.01039,0.01335,0.00761,0.00233,0.00081,0.00072,0.00159,0.00069,0.0017,0.0044,0.00566
388,E99,LAGO MAYOR,2024-08-30,-16.0745,-69.0742,9.5,1.1,10.25,13.0,8.62,6.67,1,4,0.01357,0.01504,0.01241,0.00596,0.00482,0.00424,0.00502,0.00424,0.00481,0.00414,0.00388
389,E100,LAGO MAYOR,2024-08-30,-16.0055,-68.9959,11.0,1.18,1.0,12.8,8.51,6.26,1,8,0.01167,0.01277,0.00741,0.00061,0.00029,7e-05,0.00022,9e-05,0.00034,0.00315,0.00357
390,E103,LAGO MAYOR,2024-08-30,-15.9394,-68.9017,11.0,1.45,0.25,13.7,8.58,6.42,1,4,0.00522,0.00675,0.00464,0.0,0.0,0.0,0.0,0.0,0.0,0.00534,0.00676
391,E105,LAGO MAYOR,2024-08-30,-15.9864,-68.8016,8.5,2.72,1.75,12.9,8.62,6.67,1,4,0.01916,0.02166,0.02831,0.01273,0.01397,0.00895,0.00921,0.00467,0.00645,0.00673,0.00618
392,E113,LAGO MAYOR,2024-08-29,-16.2174,-69.1367,13.5,0.94,0.5,14.7,8.69,6.91,1,4,0.01127,0.01311,0.00901,0.00411,0.00284,0.00268,0.00318,0.00255,0.00295,0.0026,0.00214
393,E117,LAGO MAYOR,2024-08-29,-16.1653,-69.1027,12.0,1.02,6.0,14.2,8.61,6.68,1,4,0.01426,0.01572,0.01219,0.00629,0.0053,0.00511,0.00606,0.00516,0.0055,0.00382,0.00317
394,E120,LAGO MAYOR,2024-08-30,-16.1264,-68.9337,10.5,2.05,1.25,14.0,8.58,6.63,1,8,0.01135,0.01393,0.00879,0.00289,0.00216,0.00144,0.00212,0.00176,0.00107,0.002,0.00195
395,E121,LAGO MAYOR,2024-08-30,-16.2068,-68.8643,12.7,0.51,1.0,13.9,8.64,6.68,1,4,0.01064,0.0139,0.01029,0.00341,0.00314,0.00175,0.00256,0.00195,0.00193,0.00368,0.00393
396,E122,LAGO MENOR,2024-08-31,-16.2276,-68.8361,11.0,1.02,1.75,12.9,8.61,6.56,1,4,0.00723,0.01005,0.00539,0.0,0.0,0.0,0.0,0.0,0.0,0.00314,0.00491
397,E125,LAGO MENOR,2024-09-01,-16.2626,-68.7843,2.5,2.72,11.5,11.3,8.6,6.28,1,4,0.01829,0.02921,0.04478,0.01223,0.01038,0.00144,0.00122,0.00098,0.00057,0.00166,0.0016
398,P02,LAGO MENOR,2024-09-01,-16.2135,-68.733,9.5,1.02,1.75,12.5,8.59,6.2,1,4,0.01178,0.01748,0.01951,0.0059,0.00542,0.0044,0.00458,0.00382,0.00385,0.0036,0.00299
399,P03,LAGO MENOR,2024-09-01,-16.2158,-68.6912,3.5,3.24,5.5,11.2,8.65,6.54,1,4,0.00634,0.01556,0.02821,0.00372,0.00212,0.0,0.0,0.0,0.0,0.0026,0.00289
400,P04,LAGO MENOR,2024-09-01,-16.2544,-68.6012,1.5,1.7,16.25,11.5,8.7,6.79,1,4,0.01204,0.01101,0.03497,0.00627,0.01657,0.00034,0.00043,0.00031,0.00032,0.00255,0.00257
401,E127,LAGO MENOR,2024-09-01,-16.218,-68.6226,2.0,2.13,12.5,12.2,8.65,6.54,1,4,0.02119,0.03663,0.06118,0.01389,0.01242,0.00629,0.00698,0.00621,0.00638,0.00341,0.00323
402,E129,LAGO MENOR,2024-08-31,-16.3339,-68.7808,4.5,2.05,1.0,12.4,8.5,6.62,1,8,0.01269,0.01905,0.03743,0.0137,0.02317,0.00319,0.00319,0.00257,0.00118,0.00176,0.00159
403,E135,LAGO MENOR,2024-08-31,-16.2659,-69.0601,4.0,2.2,4.5,13.3,8.68,6.78,1,4,0.01385,0.01607,0.01671,0.0078,0.00609,0.00518,0.00558,0.00503,0.00486,0.00465,0.00472
404,E138,LAGO MENOR,2024-08-31,-16.4011,-68.8334,4.5,1.1,2.25,12.5,8.54,6.82,1,4,0.01559,0.02133,0.03814,0.01385,0.0152,0.00458,0.00459,0.00462,0.00352,0.00297,0.00266
405,P15,LAGO MENOR,2024-08-31,-16.3119,-68.8495,4.0,1.62,3.5,13.7,8.76,6.98,1,8,0.00563,0.01241,0.02183,0.00079,0.00034,0.0,0.0,0.0,0.0,0.00335,0.00426
406,E141,LAGO MENOR,2024-08-31,-16.3764,-69.0073,,0.59,1.75,13.1,8.57,6.8,1,4,0.01184,0.01686,0.01834,0.00621,0.00399,0.00273,0.00359,0.00263,0.00298,0.0026,0.00225
407,E142,LAGO MENOR,2024-08-31,-16.4515,-68.998,4.0,1.62,9.25,13.1,8.67,6.77,1,8,0.01819,0.01884,0.02229,0.00797,0.00561,0.00347,0.00366,0.00338,0.00319,0.00226,0.00198
408,E145,LAGO MENOR,2024-09-02,-16.5139,-68.977,3.5,1.62,0.5,12.5,8.74,6.84,1,8,0.01579,0.02033,0.02436,0.0081,0.00548,0.00337,0.0038,0.00375,0.00353,0.00246,0.00232
409,E148,LAGO MENOR,2024-09-01,-16.493,-69.0596,,1.62,6.5,13.4,9.25,7.83,1,4,0.0178,0.02034,0.03666,0.01273,0.0162,0.00446,0.00463,0.00421,0.0036,0.0028,0.00257
410,P10,LAGO MENOR,2024-09-02,-16.5821,-68.8723,3.0,2.16,3.5,12.3,9.12,5.74,1,4,0.00984,0.0152,0.02351,0.00848,0.00738,0.00374,0.00441,0.00401,0.00412,0.00294,0.00316
411,P11,LAGO MENOR,2024-09-02,-16.5583,-69.0356,,3.75,4.0,13.3,8.67,5.7,1,4,0.00838,0.01234,0.01995,0.00665,0.00864,0.00258,0.00314,0.00306,0.00283,0.00543,0.0055
