row_id,station,zona,date,lat,lon,secchi,chl,tss,temp_insitu,sensor,matched,n_img,B2,B3,B4,B8,B11,B12,lst_C
0,E01,BAHIA PUNO,2013-10-04,-15.8521,-69.9614,,9.85,27.33,16.4,LS,0,,,,,,,,
1,E02,BAHIA PUNO,2013-10-04,-15.8461,-69.9271,5.0,1.77,29.67,14.5,LS,0,,,,,,,,
2,E03,BAHIA PUNO,2013-10-04,-15.8728,-69.9012,5.0,1.3,21.33,14.6,LS,0,,,,,,,,
3,E04,BAHIA PUNO,2013-10-04,-15.8628,-69.871,6.0,0.88,22.33,14.5,LS,0,,,,,,,,
4,E05,BAHIA PUNO,2013-10-05,-15.84,-69.8923,7.0,1.42,29.0,12.6,LS,0,,,,,,,,
5,E06,BAHIA PUNO,2013-10-05,-15.8183,-69.9124,6.0,1.7,31.33,13.3,LS,0,,,,,,,,
6,E07,BAHIA PUNO,2013-10-05,-15.7974,-69.8874,7.0,1.77,24.33,13.3,LS,0,,,,,,,,
7,E08,BAHIA PUNO,2013-10-05,-15.8342,-69.8592,,1.36,33.0,13.5,LS,0,,,,,,,,
8,E09,BAHIA PUNO,2013-10-05,-15.8023,-69.8507,6.9,0.82,26.33,13.5,LS,0,,,,,,,,
9,E10,BAHIA PUNO,2013-10-05,-15.7611,-69.8642,7.0,1.3,15.67,13.4,LS,0,,,,,,,,
10,E11,BAHIA PUNO,2013-10-05,-15.779,-69.8226,6.5,0.47,19.33,13.6,LS,0,,,,,,,,
11,E12,LAGO MAYOR,2013-10-05,-15.7318,-69.7936,7.0,1.83,16.67,13.2,LS,0,,,,,,,,
12,E12,LAGO MAYOR,2013-10-05,-15.7932,-69.7869,6.5,0.35,24.67,13.4,LS,0,,,,,,,,
13,E14,LAGO MAYOR,2013-10-05,-15.774,-69.74,6.3,0.88,17.0,12.7,LS,0,,,,,,,,
14,E15,LAGO MAYOR,2013-10-06,-15.2941,-69.6709,5.5,1.36,19.0,13.0,LS,0,,,,,,,,
15,E16,LAGO MAYOR,2013-10-06,-15.3384,-69.7208,5.5,1.36,19.33,13.0,LS,0,,,,,,,,
16,E17,LAGO MAYOR,2013-10-06,-15.3928,-69.7822,7.5,1.29,15.0,13.7,LS,0,,,,,,,,
17,E18,LAGO MAYOR,2013-10-06,-15.4461,-69.8423,,2.18,13.33,13.6,LS,0,,,,,,,,
18,E19,LAGO MAYOR,2013-10-06,-15.5435,-69.8391,7.1,1.29,6.33,13.5,LS,0,,,,,,,,
19,E20,LAGO MAYOR,2013-10-06,-15.4873,-69.7731,6.5,2.18,7.33,13.1,LS,0,,,,,,,,
20,E21,LAGO MAYOR,2013-10-06,-15.4339,-69.7105,7.5,1.76,4.0,13.3,LS,0,,,,,,,,
21,E22,LAGO MAYOR,2013-10-06,-15.3722,-69.638,7.0,1.76,6.67,14.0,LS,0,,,,,,,,
22,E23,LAGO MAYOR,2013-10-07,-15.3845,-69.5367,5.4,2.71,5.67,12.8,LS,0,,,,,,,,
23,E24,LAGO MAYOR,2013-10-07,-15.4374,-69.5966,7.5,1.83,10.67,13.3,LS,0,,,,,,,,
24,E25,LAGO MAYOR,2013-10-07,-15.4944,-69.6611,7.0,0.41,13.67,13.5,LS,0,,,,,,,,
25,E26,LAGO MAYOR,2013-10-07,-15.556,-69.7309,8.7,0.41,6.0,14.0,LS,0,,,,,,,,
26,E27,LAGO MAYOR,2013-10-07,-15.6112,-69.7935,6.0,0.88,11.33,13.7,LS,0,,,,,,,,
27,E28,LAGO MAYOR,2013-10-08,-15.7104,-69.7385,7.0,0.95,3.0,13.0,LS,0,,,,,,,,
28,E29,LAGO MAYOR,2013-10-08,-15.6612,-69.6802,7.5,1.7,5.0,12.8,LS,0,,,,,,,,
29,E30,LAGO MAYOR,2013-10-08,-15.6119,-69.6217,8.5,0.47,11.0,12.8,LS,0,,,,,,,,
30,E31,LAGO MAYOR,2013-10-08,-15.5632,-69.5639,8.5,0.88,2.67,12.4,LS,0,,,,,,,,
31,E32,LAGO MAYOR,2013-10-08,-15.5235,-69.5159,9.0,0.41,20.33,13.1,LS,0,,,,,,,,
32,E33,LAGO MAYOR,2013-10-08,-15.4783,-69.4621,7.0,0.47,12.33,13.8,LS,0,,,,,,,,
33,E34,LAGO MAYOR,2013-10-09,-15.5373,-69.3601,7.0,0.47,4.33,12.3,LS,0,,,,,,,,
34,E35,LAGO MAYOR,2013-10-09,-15.6036,-69.4411,7.5,1.36,2.0,12.8,LS,0,,,,,,,,
35,E36,LAGO MAYOR,2013-10-09,-15.6698,-69.5219,8.0,0.88,8.67,13.5,LS,0,,,,,,,,
36,E37,LAGO MAYOR,2013-10-09,-15.7366,-69.6035,6.3,0.82,6.67,14.5,LS,0,,,,,,,,
37,E38,LAGO MAYOR,2013-10-09,-15.8028,-69.6843,7.1,0.88,12.33,13.9,LS,0,,,,,,,,
38,E39,LAGO MAYOR,2013-10-09,-15.8639,-69.758,5.5,1.29,9.33,14.2,LS,0,,,,,,,,
39,E40,LAGO MAYOR,2013-10-10,-15.9142,-69.6607,5.0,1.18,14.0,13.5,LS,1,1.0,0.04343,0.06006,0.0521,0.08916,0.08106,0.06362,-2.06
40,E41,LAGO MAYOR,2013-10-10,-15.8575,-69.5897,7.0,1.7,4.67,13.0,LS,1,1.0,0.01755,0.0264,0.01764,0.05327,0.0499,0.03415,4.32
41,E42,LAGO MAYOR,2013-10-10,-15.7993,-69.5168,8.5,1.1,6.67,13.1,LS,1,1.0,0.01957,0.02689,0.01904,0.0542,0.05006,0.03397,6.79
42,E43,LAGO MAYOR,2013-10-10,-15.744,-69.4477,6.5,1.1,15.67,13.4,LS,1,1.0,0.02309,0.0263,0.01785,0.05154,0.04503,0.02847,7.28
43,E44,LAGO MAYOR,2013-10-10,-15.6857,-69.3748,8.0,1.69,21.67,13.8,LS,1,1.0,0.03124,0.04245,0.03548,0.07002,0.06399,0.04757,2.86
44,E45,LAGO MAYOR,2013-10-10,-15.6276,-69.302,9.0,0.59,14.0,13.6,LS,1,1.0,0.06241,0.07406,0.07177,0.10381,0.08495,0.06417,1.93
45,E46,LAGO MAYOR,2013-10-11,-15.7066,-69.2362,5.9,2.29,11.0,12.6,LS,0,,,,,,,,
46,E47,LAGO MAYOR,2013-10-11,-15.7629,-69.3059,7.0,1.7,32.67,13.2,LS,1,1.0,0.035,0.04587,0.03803,0.07126,0.06602,0.04872,5.96
47,E48,LAGO MAYOR,2013-10-11,-15.8221,-69.3801,8.1,1.1,9.33,13.3,LS,1,1.0,0.00191,0.01732,0.00787,0.04698,0.04713,0.03135,5.39
48,E49,LAGO MAYOR,2013-10-11,-15.8882,-69.4619,7.5,1.62,14.67,13.9,LS,1,1.0,0.02862,0.04205,0.03294,0.06891,0.06305,0.04719,-1.5
49,E50,LAGO MAYOR,2013-10-11,-15.9464,-69.5329,5.7,2.2,21.67,13.5,LS,1,1.0,0.02849,0.03401,0.02382,0.05708,0.0517,0.03365,10.17
50,E51,LAGO MAYOR,2013-10-12,-15.9831,-69.4194,7.0,2.24,13.33,13.1,LS,1,1.0,0.02673,0.03243,0.02426,0.05735,0.05206,0.03463,9.61
51,E52,LAGO MAYOR,2013-10-12,-15.9384,-69.3637,6.8,1.61,15.33,12.8,LS,1,1.0,0.02321,0.03772,0.02915,0.06603,0.06153,0.04573,-0.03
52,E53,LAGO MAYOR,2013-10-12,-15.8862,-69.2987,8.0,1.53,24.67,13.2,LS,1,1.0,0.02093,0.02701,0.01855,0.05237,0.04644,0.02991,7.8
53,E54,LAGO MAYOR,2013-10-12,-15.8353,-69.2353,8.1,1.62,18.33,13.8,LS,1,1.0,0.03167,0.04304,0.03501,0.06944,0.0635,0.04693,4.75
54,E55,LAGO MAYOR,2013-10-12,-15.7906,-69.1805,8.0,0.67,14.0,14.4,LS,1,1.0,0.03631,0.04964,0.04233,0.07545,0.07231,0.05404,8.15
55,E56,LAGO MAYOR,2013-10-12,-15.7456,-69.1236,5.5,1.1,11.0,13.8,LS,1,1.0,0.02401,0.03467,0.0272,0.06202,0.05976,0.04175,9.81
56,E57,LAGO MAYOR,2013-10-12,-15.8116,-69.0456,8.0,0.59,11.67,14.7,LS,1,1.0,0.05586,0.06067,0.05672,0.08687,0.07392,0.05159,10.71
57,E58,LAGO MAYOR,2013-10-12,-15.885,-69.1365,9.0,1.1,15.67,16.4,LS,1,1.0,0.03505,0.04658,0.03872,0.07111,0.06782,0.0502,10.37
58,E59,LAGO MAYOR,2013-10-13,-15.9588,-69.2277,6.0,2.8,11.67,12.5,LS,0,,,,,,,,
59,E60,LAGO MAYOR,2013-10-13,-16.0334,-69.32,7.0,1.62,8.0,12.4,LS,1,1.0,0.02414,0.02512,0.01758,0.04946,0.04109,0.02344,11.83
60,E61,LAGO MAYOR,2013-10-13,-16.1084,-69.4127,6.0,2.29,17.0,13.5,LS,1,1.0,0.02783,0.04553,0.03587,0.0719,0.06977,0.0516,7.21
61,E62,LAGO MAYOR,2013-10-13,-16.177,-69.4757,7.0,1.18,11.0,14.1,LS,1,1.0,0.07322,0.0825,0.07827,0.11023,0.09461,0.07125,5.54
62,E63,LAGO MAYOR,2013-10-13,-16.1566,-69.3562,7.0,1.02,25.67,13.7,LS,1,1.0,0.02261,0.02833,0.02027,0.05442,0.04919,0.0318,9.91
63,E64,LAGO MAYOR,2013-10-13,-16.2292,-69.2727,7.0,0.07,7.33,14.4,LS,1,1.0,0.02052,0.0268,0.01954,0.05469,0.0498,0.03252,11.19
64,E65,LAGO MAYOR,2013-10-14,-16.1167,-69.2402,7.0,1.48,11.0,13.5,LS,1,1.0,0.02139,0.02956,0.02044,0.05553,0.04862,0.03266,7.53
65,E66,LAGO MAYOR,2013-10-14,-16.2076,-69.1457,6.5,2.65,17.33,13.7,LS,1,1.0,0.02412,0.03388,0.02537,0.06241,0.05755,0.04117,9.62
66,E67,LAGO MAYOR,2013-10-14,-16.0704,-69.1489,7.0,1.7,25.67,13.8,LS,1,1.0,-0.07859,-0.02008,-0.02873,0.02874,0.04073,0.02544,12.74
67,E68,LAGO MAYOR,2013-10-14,-16.0033,-69.1365,7.2,0.88,11.0,14.1,LS,1,1.0,0.03113,0.04387,0.0354,0.07057,0.06544,0.0493,6.16
68,E69,LAGO MAYOR,2013-10-14,-15.9483,-69.0667,6.5,0.88,12.33,13.7,LS,1,1.0,0.04046,0.05293,0.0445,0.0779,0.07071,0.05409,0.73
69,E70,LAGO MAYOR,2013-10-14,-15.8933,-68.9958,6.0,1.3,10.33,13.4,LS,1,1.0,0.03262,0.04558,0.03694,0.07219,0.06717,0.04953,6.09
70,E71,LAGO MAYOR,2013-10-14,-15.9833,-68.8583,5.0,1.77,6.33,13.4,LS,1,1.0,0.04382,0.05393,0.04777,0.07973,0.07245,0.0535,8.28
71,E72,LAGO MAYOR,2013-10-15,-16.0383,-68.9258,6.0,1.36,17.0,13.0,LS,1,1.0,0.02554,0.0282,0.02127,0.05424,0.04571,0.02857,11.13
72,E73,LAGO MAYOR,2013-10-15,-16.0577,-69.036,5.5,1.36,13.0,13.8,LS,1,1.0,0.02409,0.02489,0.0193,0.05238,0.04389,0.02639,11.79
73,E74,LAGO MAYOR,2013-10-15,-16.1232,-68.9602,8.4,0.88,12.0,13.2,LS,1,1.0,0.01962,0.02226,0.01492,0.04862,0.04284,0.02557,13.5
74,E75,LAGO MAYOR,2013-10-15,-16.1806,-68.8926,6.0,1.36,4.67,14.1,LS,1,1.0,0.03648,0.03556,0.02909,0.06141,0.05191,0.03386,14.14
75,E76,LAGO MENOR,2013-10-15,-16.232,-68.8295,5.5,2.71,17.33,14.7,LS,1,1.0,0.06981,0.07871,0.07333,0.09989,0.08862,0.06603,15.37
76,E77,LAGO MENOR,2013-10-15,-16.1883,-68.7958,5.0,3.47,18.0,14.9,LS,1,1.0,0.04928,0.0567,0.05023,0.07862,0.0704,0.04989,13.59
77,E78,LAGO MENOR,2013-10-15,-16.216,-68.7115,,1.77,17.33,15.1,LS,0,,,,,,,,
78,E79,LAGO MENOR,2013-10-15,-16.2425,-68.7686,5.4,0.95,13.67,15.4,LS,1,1.0,0.02316,0.03828,0.03082,0.06291,0.06069,0.0424,12.51
79,E80,LAGO MENOR,2013-10-15,-16.2703,-68.8273,5.1,2.17,11.0,14.2,LS,1,1.0,0.03188,0.03916,0.01657,0.0432,0.03427,0.01681,16.08
80,E81,LAGO MENOR,2013-10-15,-16.3066,-68.8716,4.5,2.11,10.33,14.7,LS,1,1.0,0.04604,0.04595,0.03426,0.06374,0.05167,0.03201,12.6
81,E82,LAGO MENOR,2013-10-16,-16.2682,-68.9598,5.5,1.29,5.67,13.4,LS,1,1.0,0.02322,0.02253,0.01267,0.04459,0.03518,0.01745,13.92
82,E83,LAGO MENOR,2013-10-16,-16.313,-69.0149,6.0,4.46,6.67,13.5,LS,1,1.0,0.01951,0.03512,0.02579,0.06159,0.05762,0.03901,10.84
83,E84,LAGO MENOR,2013-10-15,-16.3419,-68.9102,6.0,4.36,6.0,14.1,LS,1,1.0,0.02149,0.02266,0.01268,0.04549,0.0375,0.02006,13.06
84,E85,LAGO MENOR,2013-10-16,-16.4203,-68.9214,6.3,0.89,5.67,14.0,LS,1,1.0,0.02562,0.02605,0.01498,0.04676,0.03766,0.01973,15.41
85,E86,LAGO MENOR,2013-10-16,-16.4231,-69.0257,,1.29,20.33,14.0,LS,1,1.0,0.04047,0.06375,0.05221,0.08156,0.07245,0.05327,7.98
86,E87,LAGO MENOR,2013-10-16,-16.4964,-68.971,6.0,0.47,18.33,14.8,LS,1,1.0,0.02742,0.0301,0.01815,0.04983,0.04196,0.02408,12.86
87,E88,LAGO MENOR,2013-10-16,-16.552,-69.0329,,0.47,8.67,13.7,LS,1,1.0,0.05904,0.09135,0.08554,0.11848,0.10878,0.08696,8.12
88,E01,BAHIA PUNO,2014-07-19,-15.8521,-69.9614,,2.18,,12.7,LS,1,1.0,0.027,0.02658,0.01944,0.05203,0.03494,0.01523,13.94
89,E02,BAHIA PUNO,2014-07-19,-15.8295,-69.9437,,1.76,,12.6,LS,1,1.0,0.04171,0.04801,0.04978,0.10641,0.09355,0.05173,12.07
90,E03,BAHIA PUNO,2014-07-19,-15.8461,-69.9271,6.0,2.65,,12.5,LS,1,1.0,0.02551,0.0217,0.01321,0.04345,0.0311,0.01237,12.94
91,E04,BAHIA PUNO,2014-07-19,-15.8783,-69.8958,,2.24,,13.2,LS,1,1.0,0.02687,0.0265,0.01398,0.04392,0.03136,0.01278,13.49
92,E05,BAHIA PUNO,2014-07-19,-15.84,-69.8923,7.0,1.7,,12.6,LS,0,,,,,,,,
93,E06,BAHIA PUNO,2014-07-19,-15.8342,-69.8592,,2.17,,12.2,LS,1,1.0,0.02638,0.02524,0.01316,0.04369,0.03109,0.01223,13.0
94,E07,BAHIA PUNO,2014-07-19,-15.7682,-69.8518,7.0,1.7,,12.3,LS,1,1.0,0.02485,0.02202,0.0131,0.04385,0.03279,0.01428,11.66
95,E08,BAHIA PUNO,2014-07-20,-15.7236,-69.8072,6.5,2.58,,11.9,LS,1,1.0,0.02694,0.02786,0.01397,0.04425,0.03184,0.01325,12.69
96,E09,LAGO MAYOR,2014-07-20,-15.7954,-69.7922,8.0,1.63,,12.4,LS,1,1.0,0.0242,0.02231,0.01517,0.04743,0.03621,0.01788,11.78
97,E10,LAGO MAYOR,2014-07-20,-15.774,-69.74,8.5,1.03,,12.5,LS,1,1.0,0.02252,0.01927,0.01234,0.04416,0.03307,0.01464,12.45
98,E11,LAGO MAYOR,2014-07-21,-15.5033,-69.8633,,1.29,,12.7,LS,1,1.0,0.02768,0.02126,0.01417,0.04463,0.03122,0.01219,13.48
99,E12,LAGO MAYOR,2014-07-21,-15.4112,-69.7935,8.0,1.7,,13.0,LS,1,1.0,0.02727,0.02127,0.01371,0.0439,0.03081,0.01203,13.21
100,E13,LAGO MAYOR,2014-07-21,-15.3358,-69.7363,9.5,1.16,,12.9,LS,1,1.0,0.03101,0.0251,0.01433,0.04398,0.03106,0.01213,13.43
101,E14,LAGO MAYOR,2014-07-20,-15.3501,-69.6433,9.0,1.7,,12.8,LS,1,1.0,0.02758,0.02114,0.01302,0.04398,0.03105,0.01225,13.37
102,E15,LAGO MAYOR,2014-07-22,-15.3845,-69.5367,8.0,0.47,,12.3,LS,1,1.0,0.0263,0.0208,0.01332,0.04453,0.0315,0.01251,13.71
103,E16,LAGO MAYOR,2014-07-21,-15.4387,-69.601,12.2,1.29,,13.8,LS,1,1.0,0.04408,0.04696,0.03871,0.07178,0.07561,0.04493,10.69
104,E17,LAGO MAYOR,2014-07-22,-15.4946,-69.6674,10.5,1.16,,12.7,LS,1,1.0,0.02049,0.01884,0.01242,0.04511,0.03587,0.01679,12.47
105,E18,LAGO MAYOR,2014-07-22,-15.55,-69.7332,12.0,1.7,,13.1,LS,1,1.0,0.02668,0.01978,0.01338,0.044,0.03104,0.01205,12.83
106,E19,LAGO MAYOR,2014-07-22,-15.6047,-69.7981,12.4,0.88,,13.3,LS,1,1.0,0.02827,0.02145,0.0144,0.04463,0.03138,0.01235,13.4
107,E20,LAGO MAYOR,2014-07-23,-15.7104,-69.7385,8.5,1.23,,12.4,LS,1,1.0,0.03296,0.03264,0.02677,0.05921,0.04542,0.02692,10.21
108,E21,LAGO MAYOR,2014-07-23,-15.6612,-69.6802,9.4,1.7,,12.2,LS,1,1.0,0.0234,0.01952,0.01304,0.04474,0.03321,0.01474,12.56
109,E22,LAGO MAYOR,2014-07-23,-15.6119,-69.6217,10.0,0.9,,12.3,LS,1,1.0,0.02611,0.01981,0.0136,0.04417,0.0315,0.01283,13.22
110,E23,LAGO MAYOR,2014-07-23,-15.5632,-69.5639,10.2,2.65,,12.3,LS,1,1.0,0.0243,0.01884,0.01261,0.04398,0.032,0.01343,12.82
111,E24,LAGO MAYOR,2014-07-23,-15.514,-69.5055,10.6,2.05,,12.6,LS,1,1.0,0.02468,0.01845,0.01226,0.04354,0.03092,0.0122,13.13
112,E25,LAGO MAYOR,2014-07-23,-15.4665,-69.4491,9.5,0.64,,12.7,LS,1,1.0,0.02397,0.01876,0.0127,0.04399,0.03123,0.01238,13.66
113,E26,LAGO MAYOR,2014-07-23,-15.5373,-69.3601,8.0,2.18,,13.0,LS,1,1.0,0.02259,0.01825,0.01235,0.04408,0.03174,0.01307,13.26
114,E27,LAGO MAYOR,2014-07-23,-15.6036,-69.4411,10.0,1.92,,12.8,LS,1,1.0,0.02328,0.01858,0.01224,0.04347,0.03174,0.01323,13.13
115,E28,LAGO MAYOR,2014-07-24,-15.6698,-69.5219,11.4,1.7,,12.5,LS,1,1.0,0.02779,0.02066,0.01441,0.04461,0.03135,0.01258,12.92
116,E29,LAGO MAYOR,2014-07-24,-15.7366,-69.6035,10.4,1.58,,12.7,LS,1,1.0,0.02546,0.01995,0.01273,0.04361,0.03122,0.01261,13.04
117,E30,LAGO MAYOR,2014-07-24,-15.8028,-69.6843,11.6,1.09,,13.3,LS,1,1.0,0.02248,0.02111,0.01315,0.04537,0.03504,0.01736,11.71
118,E31,LAGO MAYOR,2014-07-24,-15.8696,-69.7658,10.8,1.25,,12.9,LS,1,1.0,-0.00826,0.03446,0.02837,0.07617,0.07057,0.04981,7.85
119,E32,LAGO MAYOR,2014-07-25,-15.9267,-69.6772,10.0,1.23,,12.3,LS,1,2.0,0.02522,0.02086,0.01297,0.04371,0.03107,0.01245,13.06
120,E33,LAGO MAYOR,2014-07-25,-15.8779,-69.6162,10.5,1.17,,12.2,LS,1,2.0,0.02608,0.0198,0.01343,0.0443,0.03147,0.01263,12.64
121,E34,LAGO MAYOR,2014-07-25,-15.8286,-69.5545,10.0,1.23,,12.3,LS,1,2.0,0.02307,0.01802,0.01213,0.04379,0.03109,0.01239,12.49
122,E35,LAGO MAYOR,2014-07-25,-15.7793,-69.4928,10.0,1.7,,12.4,LS,1,2.0,0.02222,0.01693,0.01192,0.04361,0.03185,0.01301,12.47
123,E36,LAGO MAYOR,2014-07-25,-15.7303,-69.4315,10.5,0.82,,12.6,LS,1,2.0,0.02289,0.01812,0.01298,0.04452,0.03274,0.01388,12.47
124,E37,LAGO MAYOR,2014-07-25,-15.6812,-69.37,11.0,1.29,,12.7,LS,1,2.0,0.02419,0.01973,0.01319,0.04412,0.03221,0.01348,12.8
125,E38,LAGO MAYOR,2014-07-25,-15.6908,-69.2177,,1.7,,13.0,LS,1,2.0,0.02443,0.0239,0.01586,0.04796,0.0368,0.01817,11.78
126,E39,LAGO MAYOR,2014-07-25,-15.7568,-69.2993,10.0,1.23,,12.9,LS,1,2.0,0.02222,0.01794,0.01243,0.04402,0.03212,0.01334,12.32
127,E40,LAGO MAYOR,2014-07-26,-15.8221,-69.3801,11.0,0.34,,12.7,LS,1,2.0,0.02192,0.01763,0.01181,0.04367,0.03152,0.01299,12.52
128,E41,LAGO MAYOR,2014-07-26,-15.8882,-69.4619,11.0,1.16,,12.7,LS,1,2.0,0.02507,0.01922,0.01364,0.04445,0.0316,0.01274,12.56
129,E42,LAGO MAYOR,2014-07-26,-15.9534,-69.5425,7.0,1.22,,12.5,LS,1,2.0,0.02688,0.02246,0.01378,0.04389,0.03125,0.01248,12.74
130,E43,LAGO MAYOR,2014-07-27,-15.9971,-69.4378,,1.16,,12.0,LS,1,2.0,0.02865,0.02958,0.01665,0.04418,0.03163,0.01263,11.98
131,E44,LAGO MAYOR,2014-07-27,-15.9455,-69.3735,11.0,1.29,,12.3,LS,1,2.0,0.02596,0.02021,0.01365,0.04448,0.03157,0.01245,12.54
132,E45,LAGO MAYOR,2017-07-27,-15.8939,-69.3092,11.0,0.41,,12.4,LS,1,1.0,0.0221,0.0174,0.01209,0.04387,0.03177,0.01292,13.51
133,E46,LAGO MAYOR,2014-07-27,-15.8422,-69.2448,11.0,1.7,,12.6,LS,1,2.0,0.02175,0.01927,0.01266,0.04457,0.03427,0.01596,12.56
134,E47,LAGO MAYOR,2014-07-27,-15.7906,-69.1805,11.0,1.83,,12.7,LS,1,2.0,0.02126,0.01779,0.01199,0.0439,0.03309,0.01459,12.48
135,E48,LAGO MAYOR,2014-07-27,-15.7387,-69.1159,7.4,1.36,,12.7,LS,1,2.0,0.02192,0.01943,0.01146,0.04335,0.03232,0.01384,12.52
136,E49,LAGO MAYOR,2014-07-27,-15.8116,-69.0456,10.0,2.17,,13.1,LS,1,2.0,0.021,0.01823,0.01199,0.04385,0.03168,0.01272,12.83
137,E50,LAGO MAYOR,2014-07-27,-15.885,-69.1365,10.2,1.29,,12.9,LS,1,2.0,0.02158,0.01735,0.01189,0.0438,0.03161,0.01316,12.61
138,E51,LAGO MAYOR,2014-07-28,-15.9588,-69.2277,11.5,1.7,,12.4,LS,1,2.0,0.0268,0.02198,0.01294,0.04537,0.03312,0.01485,12.16
139,E52,LAGO MAYOR,2014-07-28,-16.0334,-69.32,13.0,0.62,,12.8,LS,1,2.0,0.02373,0.01919,0.01289,0.04378,0.03144,0.0127,12.74
140,E53,LAGO MAYOR,2014-07-28,-16.1084,-69.4127,11.0,1.77,,12.8,LS,1,2.0,0.02367,0.01868,0.01319,0.04414,0.03124,0.01229,12.39
141,E54,LAGO MAYOR,2014-07-28,-16.1839,-69.5061,10.5,1.7,,12.7,LS,1,2.0,0.02442,0.02084,0.01343,0.04437,0.03201,0.01316,13.26
142,E55,LAGO MAYOR,2014-07-28,-16.1566,-69.3562,9.5,1.29,,13.0,LS,1,2.0,0.02404,0.01912,0.013,0.04393,0.03133,0.01248,12.82
143,E56,LAGO MAYOR,2014-07-28,-16.2292,-69.2727,9.2,1.36,,13.0,LS,1,2.0,0.02416,0.01955,0.01346,0.0443,0.03153,0.01259,13.11
144,E57,LAGO MAYOR,2014-07-20,-16.1167,-69.2402,9.5,2.93,,13.0,LS,1,1.0,0.02563,0.02041,0.01388,0.0447,0.03185,0.01297,13.19
145,E58,LAGO MAYOR,2014-07-29,-16.2076,-69.1457,10.0,1.44,,12.2,LS,1,1.0,0.02365,0.01916,0.01341,0.04447,0.03105,0.01215,13.09
146,E59,LAGO MAYOR,2014-07-29,-16.0704,-69.1489,10.6,2.11,,12.5,LS,1,1.0,0.02397,0.01929,0.01313,0.04444,0.03116,0.01219,12.55
147,E60,LAGO MAYOR,2014-07-29,-16.0033,-69.1375,11.2,1.44,,12.3,LS,1,1.0,0.02129,0.01768,0.01148,0.04347,0.03137,0.01245,12.81
148,E61,LAGO MAYOR,2014-07-29,-15.9483,-69.0667,11.0,1.16,,12.6,LS,1,1.0,0.0213,0.01818,0.01221,0.04371,0.0318,0.01278,12.66
149,E62,LAGO MAYOR,2014-07-29,-15.8933,-68.9958,10.0,1.7,,12.7,LS,1,1.0,0.02035,0.0174,0.01277,0.04435,0.03228,0.01348,12.77
150,E63,LAGO MAYOR,2014-07-29,-15.9383,-68.9271,10.2,2.05,,12.7,LS,1,1.0,0.02239,0.0179,0.01283,0.04435,0.03128,0.01244,12.54
151,E64,LAGO MAYOR,2014-07-29,-15.9833,-68.8583,9.5,1.7,,12.8,LS,1,2.0,0.02353,0.01935,0.01348,0.04447,0.03132,0.01197,12.41
152,E65,LAGO MAYOR,2014-07-30,-16.0192,-68.9434,9.5,1.7,,12.3,LS,1,1.0,0.02347,0.0184,0.01318,0.04455,0.03151,0.01243,12.72
153,E66,LAGO MAYOR,2014-07-30,-16.0551,-69.0285,11.0,1.98,,12.7,LS,1,1.0,0.02044,0.01753,0.0118,0.04359,0.03132,0.01254,12.71
154,E67,LAGO MAYOR,2014-07-30,-16.1204,-68.9577,9.0,1.44,,12.7,LS,1,1.0,0.02428,0.01948,0.01361,0.04457,0.03142,0.01229,12.97
155,E68,LAGO MAYOR,2014-07-30,-16.1806,-68.8926,10.0,2.11,,12.8,LS,1,2.0,0.02164,0.01798,0.01317,0.04468,0.03131,0.01216,12.87
156,E69,LAGO MAYOR,2014-07-30,-16.232,-68.8295,8.0,2.65,,12.9,LS,1,2.0,0.01992,0.01776,0.01221,0.04413,0.03157,0.01252,12.83
157,E70,LAGO MAYOR,2014-07-30,-16.1883,-68.7958,5.0,1.85,,12.3,LS,1,2.0,0.02021,0.0206,0.01423,0.04514,0.03174,0.01237,11.98
158,E71,LAGO MAYOR,2014-07-30,-16.2165,-68.7335,5.5,2.71,,12.5,LS,1,1.0,0.01764,0.01877,0.01209,0.044,0.03113,0.01207,11.41
159,E72,LAGO MENOR,2014-07-30,-16.2747,-68.7992,,2.58,,12.1,LS,1,2.0,0.02867,0.03588,0.01488,0.04399,0.03115,0.01212,11.29
160,E73,LAGO MENOR,2014-07-30,-16.3066,-68.8716,,1.7,,11.7,LS,1,2.0,0.02705,0.02677,0.01442,0.04455,0.03202,0.01289,11.21
161,E74,LAGO MENOR,2014-07-30,-16.2682,-68.9598,6.5,0.89,,12.4,LS,1,2.0,0.02274,0.02199,0.01345,0.04415,0.03102,0.01205,10.99
162,E75,LAGO MENOR,2014-07-30,-16.313,-69.0149,6.0,1.7,,11.7,LS,1,1.0,0.023,0.0224,0.01318,0.04357,0.03108,0.01247,11.56
163,E76,LAGO MENOR,2014-07-30,-16.3439,-68.876,5.0,0.88,,12.9,LS,1,3.0,0.03052,0.02605,0.01486,0.04478,0.03127,0.01217,10.24
164,E77,LAGO MENOR,2014-07-31,-16.4171,-68.9611,6.0,1.7,,10.8,LS,1,3.0,0.024,0.02275,0.01421,0.04441,0.03108,0.01187,10.41
165,E78,LAGO MENOR,2014-07-31,-16.4126,-69.0235,,0.88,,11.2,LS,1,2.0,0.02414,0.02635,0.01427,0.04365,0.03124,0.01242,11.7
166,E79,LAGO MENOR,2014-07-31,-16.5092,-68.9671,6.0,0.82,,10.5,LS,1,3.0,0.02669,0.0251,0.01439,0.04454,0.03105,0.012,8.48
167,E80,LAGO MENOR,2014-07-31,-16.4877,-69.0406,6.0,1.29,,10.7,LS,1,3.0,0.02442,0.02395,0.01338,0.04327,0.031,0.0123,10.61
168,E01,BAHIA PUNO,2015-07-14,-15.853,-69.9605,,0.59,1.67,11.54,LS,1,2.0,0.0224,0.02018,0.01216,0.04422,0.03266,0.01407,13.51
169,E02,BAHIA PUNO,2015-07-14,-15.8482,-69.9182,6.5,1.19,0.67,11.77,LS,1,2.0,0.02711,0.02149,0.01334,0.0443,0.0314,0.0124,12.61
170,E03,BAHIA PUNO,2015-07-14,-15.8745,-69.9079,,0.59,1.0,11.44,LS,1,2.0,0.02714,0.02562,0.01429,0.04449,0.03147,0.01262,13.15
171,E05,BAHIA PUNO,2015-07-15,-15.8398,-69.8918,7.0,0.59,0.67,11.62,LS,1,2.0,0.02644,0.02127,0.01313,0.04385,0.03117,0.01235,12.68
172,E06,BAHIA PUNO,2015-07-14,-15.8053,-69.9118,,0.59,0.67,11.48,LS,1,2.0,0.02621,0.02515,0.01351,0.04414,0.03113,0.01232,12.17
173,E07,BAHIA PUNO,2015-07-15,-15.7748,-69.8851,,0.59,0.67,11.53,LS,1,2.0,0.02597,0.02226,0.01314,0.04382,0.03105,0.01233,12.42
174,E08,BAHIA PUNO,2015-07-15,-15.801,-69.8724,8.0,0.59,1.33,11.95,LS,1,2.0,0.0258,0.02059,0.013,0.04354,0.03098,0.01229,12.82
175,E09,BAHIA PUNO,2015-07-15,-15.8342,-69.8592,,0.59,0.98,12.1,LS,1,2.0,0.02569,0.02337,0.01322,0.04395,0.03118,0.01225,12.93
176,E10,BAHIA PUNO,2015-07-15,-15.7938,-69.8376,,0.08,0.67,12.47,LS,1,2.0,0.02498,0.0215,0.0134,0.0442,0.03166,0.01264,13.09
177,E11,BAHIA PUNO,2015-07-15,-15.7454,-69.8613,,0.59,0.67,11.77,LS,1,2.0,0.02415,0.02152,0.01278,0.04359,0.0312,0.01235,12.4
178,E12,BAHIA PUNO,2015-07-15,-15.7591,-69.8253,8.0,1.18,0.67,12.41,LS,1,2.0,0.02436,0.01975,0.01298,0.04352,0.03117,0.01218,12.72
179,E13,BAHIA PUNO,2015-07-15,-15.7895,-69.7698,9.0,2.29,1.67,12.62,LS,1,2.0,0.02479,0.01941,0.01302,0.04374,0.03131,0.0124,13.03
180,E14,BAHIA PUNO,2015-07-15,-15.7489,-69.783,9.0,0.52,3.0,12.44,LS,1,2.0,0.02443,0.01955,0.01286,0.04389,0.03143,0.01254,13.09
181,E15,BAHIA PUNO,2015-07-15,-15.715,-69.8226,7.0,0.59,2.67,11.96,LS,1,2.0,0.0255,0.02183,0.01381,0.0441,0.03131,0.01238,12.75
182,E16,BAHIA PUNO,2015-07-16,-15.6737,-69.8541,7.0,2.29,7.0,11.43,LS,1,1.0,0.02452,0.02237,0.0147,0.04478,0.032,0.0131,12.78
183,E17,BAHIA PUNO,2015-07-16,-15.6048,-69.9059,,2.88,4.0,10.74,LS,1,1.0,0.02248,0.02323,0.01455,0.04403,0.03193,0.01289,11.56
184,E18,LAGO MAYOR,2015-07-16,-15.7328,-69.7479,10.0,1.19,1.67,12.82,LS,1,1.0,0.02457,0.01961,0.0137,0.04445,0.03185,0.01322,13.36
185,E19,LAGO MAYOR,2015-07-16,-15.7088,-69.7343,9.5,0.59,0.67,12.81,LS,1,1.0,0.02454,0.01909,0.01285,0.04397,0.0315,0.0126,13.45
186,E20,LAGO MAYOR,2015-07-16,-15.6856,-69.7837,8.5,1.19,1.0,12.78,LS,1,1.0,0.02471,0.02002,0.01333,0.04447,0.03174,0.01275,13.78
187,E21,LAGO MAYOR,2015-07-16,-15.6466,-69.7621,9.0,0.59,0.67,12.88,LS,1,1.0,0.02579,0.01954,0.01295,0.0439,0.0311,0.01222,13.12
188,E22,LAGO MAYOR,2015-07-16,-15.6181,-69.807,10.0,0.59,3.0,12.82,LS,1,1.0,0.02666,0.02116,0.01398,0.04444,0.03166,0.01275,13.75
189,E23,LAGO MAYOR,2015-07-17,-15.5598,-69.8466,8.0,0.59,6.33,12.53,LS,1,1.0,0.027,0.02122,0.01406,0.04479,0.03181,0.01303,14.15
190,E24,LAGO MAYOR,2015-07-17,-15.516,-69.8312,12.0,1.19,6.33,12.51,LS,1,1.0,0.02656,0.02132,0.01346,0.0438,0.03122,0.0123,13.65
191,E25,LAGO MAYOR,2015-07-17,-15.4913,-69.893,,0.59,2.33,12.63,LS,1,1.0,0.02437,0.02062,0.0124,0.04383,0.03206,0.01345,14.06
192,E26,LAGO MAYOR,2015-07-17,-15.4727,-69.8582,,0.08,4.67,12.23,LS,1,1.0,0.02652,0.02154,0.01335,0.04408,0.03138,0.01239,12.86
193,E27,LAGO MAYOR,2015-07-17,-15.4508,-69.8379,9.0,2.21,1.0,12.98,LS,1,1.0,0.02676,0.02103,0.01289,0.04366,0.03126,0.01224,13.29
194,E28,LAGO MAYOR,2015-07-17,-15.3928,-69.7822,5.5,0.59,6.67,10.94,LS,1,1.0,0.02774,0.02352,0.01338,0.0434,0.03081,0.01206,13.53
195,E29,LAGO MAYOR,2015-07-17,-15.368,-69.8301,7.0,1.1,0.67,12.16,LS,1,1.0,0.02897,0.02362,0.01337,0.04383,0.03156,0.01255,13.05
196,E30,LAGO MAYOR,2015-07-18,-15.3261,-69.7972,,0.52,0.33,11.61,LS,1,1.0,0.02717,0.02399,0.0135,0.04385,0.03129,0.01218,12.25
197,E31,LAGO MAYOR,2015-07-18,-15.3399,-69.7389,8.0,0.52,5.0,12.99,LS,1,1.0,0.03064,0.02825,0.01464,0.04365,0.03096,0.01216,12.88
198,E32,LAGO MAYOR,2015-07-18,-15.3384,-69.7205,7.0,0.52,0.67,13.23,LS,1,1.0,0.03016,0.02596,0.01391,0.04352,0.03106,0.0121,13.24
199,E33,LAGO MAYOR,2015-07-18,-15.333,-69.756,,0.59,2.33,13.08,LS,1,1.0,0.05375,0.07003,0.03728,0.0439,0.03098,0.01231,11.73
200,E34,LAGO MAYOR,2015-07-19,-15.3027,-69.7469,,0.59,6.67,12.12,LS,1,1.0,0.03861,0.03626,0.01619,0.04435,0.03156,0.01257,13.62
201,E35,LAGO MAYOR,2015-07-19,-15.2409,-69.6964,8.0,1.1,2.67,12.59,LS,1,2.0,0.02685,0.0237,0.01323,0.04399,0.03193,0.01281,13.96
202,E36,LAGO MAYOR,2015-07-19,-15.2971,-69.6814,10.0,1.19,1.0,13.01,LS,1,1.0,0.02845,0.02425,0.01388,0.04367,0.03119,0.01248,13.28
203,E37,LAGO MAYOR,2015-07-19,-15.3413,-69.6373,10.0,0.51,1.0,13.07,LS,1,1.0,0.02683,0.02279,0.01339,0.04396,0.0318,0.01284,13.77
204,E38,LAGO MAYOR,2015-07-19,-15.3782,-69.6351,9.0,0.52,2.0,13.51,LS,1,1.0,0.02568,0.02148,0.01299,0.04363,0.03145,0.01258,13.63
205,E39,LAGO MAYOR,2015-07-19,-15.3748,-69.5276,6.0,0.6,1.0,13.25,LS,1,1.0,0.03148,0.03281,0.01584,0.04415,0.03191,0.01299,14.45
206,E40,LAGO MAYOR,2015-07-20,-15.3951,-69.5361,10.0,1.86,2.0,12.66,LS,1,1.0,0.02278,0.01803,0.01189,0.04356,0.03099,0.01205,13.85
207,E41,LAGO MAYOR,2015-07-20,-15.4392,-69.6009,11.0,0.6,0.67,12.92,LS,1,1.0,0.02392,0.0184,0.01257,0.04378,0.03143,0.01276,13.73
208,E42,LAGO MAYOR,2015-07-20,-15.4967,-69.6685,10.0,1.19,1.67,13.58,LS,1,1.0,0.0236,0.01805,0.01219,0.04369,0.03105,0.01252,13.59
209,E43,LAGO MAYOR,2015-07-21,-15.5603,-69.7411,9.0,1.78,4.0,12.95,LS,1,1.0,0.02453,0.01898,0.01269,0.04371,0.03115,0.01235,13.21
210,E44,LAGO MAYOR,2015-07-21,-15.4333,-69.4798,8.0,1.62,6.67,12.73,LS,1,1.0,0.02221,0.01801,0.01232,0.0437,0.0316,0.01252,14.1
211,E45,LAGO MAYOR,2015-07-21,-15.4932,-69.4733,10.0,0.59,3.33,12.8,LS,1,1.0,0.02239,0.01678,0.01155,0.043,0.03098,0.01196,13.88
212,E46,LAGO MAYOR,2015-07-21,-15.5016,-69.4082,9.0,2.21,7.0,13.26,LS,1,1.0,0.02253,0.01732,0.01168,0.04342,0.03109,0.01207,14.05
213,E48,LAGO MAYOR,2015-07-22,-15.5358,-69.3597,10.0,1.1,4.67,14.04,LS,1,1.0,0.0219,0.01705,0.01141,0.04338,0.03116,0.01219,14.23
214,E49,LAGO MAYOR,2015-07-22,-15.6067,-69.4456,9.0,1.11,5.33,13.12,LS,1,1.0,0.02385,0.01833,0.01257,0.04392,0.03162,0.01261,13.84
215,E50,LAGO MAYOR,2015-07-22,-15.6688,-69.5213,10.0,1.62,6.0,12.47,LS,1,1.0,0.0241,0.01844,0.01261,0.04381,0.03125,0.01264,13.62
216,E51,LAGO MAYOR,2015-07-23,-15.7371,-69.6038,10.0,1.1,2.33,12.63,LS,1,1.0,0.0241,0.01811,0.01197,0.04327,0.03109,0.01223,13.43
217,E52,LAGO MAYOR,2015-07-23,-15.8028,-69.6843,9.0,1.19,6.0,12.96,LS,1,1.0,0.02469,0.01883,0.01281,0.04395,0.03121,0.01243,13.47
218,E53,LAGO MAYOR,2015-07-23,-15.8686,-69.7634,8.0,1.77,4.0,12.78,LS,1,1.0,0.02602,0.02126,0.0135,0.04411,0.03131,0.01241,13.11
219,E54,LAGO MAYOR,2015-07-23,-15.8983,-69.7317,8.0,1.11,6.0,12.92,LS,1,1.0,0.02521,0.02067,0.01337,0.04422,0.03135,0.01269,13.46
220,E55,LAGO MAYOR,2015-07-24,-15.8738,-69.6776,11.0,0.59,7.0,12.51,LS,1,1.0,0.02436,0.01861,0.01237,0.04349,0.03108,0.01212,13.44
221,E56,LAGO MAYOR,2015-07-25,-15.9247,-69.6805,9.0,0.59,3.33,12.63,LS,1,1.0,0.02561,0.02095,0.01353,0.04447,0.03135,0.01272,13.61
222,E57,LAGO MAYOR,2015-07-24,-15.9121,-69.6099,8.0,1.7,6.67,12.93,LS,1,1.0,0.02387,0.01834,0.01255,0.0435,0.0311,0.01211,13.46
223,E58,LAGO MAYOR,2015-07-24,-15.9519,-69.5453,8.3,1.19,7.0,13.02,LS,1,1.0,0.0247,0.01941,0.01282,0.04384,0.03114,0.01221,13.45
224,E59,LAGO MAYOR,2015-07-24,-15.8876,-69.4615,8.0,1.1,9.0,14.03,LS,1,1.0,0.02285,0.0171,0.01216,0.04344,0.03116,0.01235,13.44
225,E60,LAGO MAYOR,2015-07-27,-15.8271,-69.3776,11.0,1.11,4.0,12.8,LS,1,1.0,0.02252,0.01776,0.01226,0.04376,0.03128,0.01239,13.25
226,E61,LAGO MAYOR,2015-07-27,-15.7585,-69.3045,8.0,1.19,5.0,12.63,LS,1,1.0,0.02327,0.0185,0.0128,0.04374,0.03119,0.0126,13.68
227,E62,LAGO MAYOR,2015-07-25,-15.643,-69.2659,9.0,1.1,7.33,13.47,LS,1,1.0,0.02264,0.01741,0.01211,0.04391,0.03186,0.01291,14.51
228,E63,LAGO MAYOR,2015-07-25,-15.6259,-69.3171,10.0,0.59,0.67,13.52,LS,1,1.0,0.02417,0.01923,0.01348,0.04429,0.03111,0.0121,13.89
229,E64,LAGO MAYOR,2015-07-23,-15.5625,-69.2915,9.0,1.1,4.67,12.58,LS,1,1.0,0.02265,0.01798,0.01246,0.04385,0.03166,0.01255,14.4
230,E65,LAGO MAYOR,2015-07-25,-15.6901,-69.2315,,0.68,1.33,13.36,LS,1,1.0,0.02251,0.0199,0.01171,0.04336,0.03119,0.0123,13.74
231,E66,LAGO MAYOR,2015-07-28,-15.951,-69.473,11.0,0.52,2.67,12.78,LS,1,2.0,0.02431,0.01893,0.01311,0.04399,0.03116,0.01217,13.19
232,E67,LAGO MAYOR,2015-07-27,-15.9889,-69.4127,10.0,1.69,2.33,13.12,LS,1,1.0,0.02324,0.01823,0.01214,0.04353,0.03113,0.01232,13.7
233,E68,LAGO MAYOR,2015-07-28,-15.9935,-69.4278,7.0,1.69,4.33,13.18,LS,1,2.0,0.02495,0.0197,0.0134,0.04421,0.03127,0.01235,13.26
234,E71,LAGO MAYOR,2015-07-26,-15.6953,-69.1984,,1.1,0.67,12.81,LS,1,1.0,0.02847,0.02736,0.01515,0.04421,0.03183,0.01302,13.39
235,E72,LAGO MAYOR,2015-07-26,-15.6921,-69.1709,6.0,1.1,4.67,12.08,LS,1,1.0,0.02893,0.03045,0.01465,0.04333,0.03196,0.01317,13.88
236,E73,LAGO MAYOR,2015-07-26,-15.7202,-69.1628,5.2,1.19,7.67,12.84,LS,1,1.0,0.03127,0.03234,0.01557,0.04428,0.0321,0.0133,13.91
237,E74,LAGO MAYOR,2015-07-26,-15.7656,-69.1477,8.0,0.59,3.0,12.98,LS,1,1.0,0.02631,0.02233,0.01313,0.04365,0.0313,0.01257,13.8
238,E75,LAGO MAYOR,2015-07-26,-15.7544,-69.087,5.0,1.7,3.67,13.67,LS,1,1.0,0.02688,0.02329,0.01352,0.0436,0.03136,0.01248,13.81
239,E76,LAGO MAYOR,2015-07-26,-15.8125,-69.0449,8.0,0.6,1.33,13.97,LS,1,1.0,0.02624,0.02224,0.0132,0.04407,0.03187,0.01292,14.21
240,E77,LAGO MAYOR,2015-07-26,-15.8852,-69.0349,7.5,0.59,2.0,13.71,LS,1,1.0,0.02404,0.01964,0.01267,0.04388,0.03175,0.01275,14.14
241,E78,LAGO MAYOR,2015-07-30,-15.8903,-69.1327,11.0,1.11,5.67,12.75,LS,1,2.0,0.02608,0.02092,0.01352,0.04428,0.0315,0.01257,13.48
242,E79,LAGO MAYOR,2015-07-29,-15.96,-69.2272,9.0,1.7,4.67,14.09,LS,1,2.0,0.02438,0.01983,0.01244,0.04363,0.03167,0.01289,13.4
243,E80,LAGO MAYOR,2015-07-29,-16.0316,-69.3198,10.0,0.52,4.67,12.88,LS,1,2.0,0.02422,0.01865,0.01273,0.04395,0.03126,0.01235,13.25
244,E81,LAGO MAYOR,2015-07-30,-16.0352,-69.3885,10.0,1.7,5.0,13.1,LS,1,2.0,0.02412,0.01906,0.01313,0.04416,0.03115,0.01235,13.24
245,E82,LAGO MAYOR,2015-07-30,-16.1109,-69.4173,9.0,1.7,7.0,13.09,LS,1,2.0,0.02425,0.01924,0.01292,0.04415,0.03129,0.01241,13.16
246,E83,LAGO MAYOR,2015-07-31,-16.1837,-69.5067,9.0,1.1,1.33,13.06,LS,1,2.0,0.02409,0.01999,0.01264,0.04372,0.03144,0.01269,13.62
247,E84,LAGO MAYOR,2015-07-31,-16.2007,-69.4624,,0.59,2.33,12.82,LS,1,2.0,0.02275,0.01963,0.01247,0.04436,0.03264,0.01384,14.53
248,E85,LAGO MAYOR,2015-07-31,-16.1599,-69.4444,9.0,1.11,1.33,13.06,LS,1,2.0,0.02418,0.01916,0.013,0.04413,0.03109,0.0123,13.13
249,E86,LAGO MAYOR,2015-07-31,-16.1485,-69.3872,9.0,0.52,1.0,13.47,LS,1,2.0,0.02396,0.01889,0.01306,0.04392,0.03112,0.01221,13.13
250,E88,LAGO MAYOR,2015-08-03,-16.2064,-69.3781,9.5,0.59,6.33,13.33,LS,1,1.0,0.02632,0.021,0.01395,0.04469,0.03119,0.01195,13.15
251,E90,LAGO MAYOR,2015-08-02,-16.2446,-69.3569,9.0,0.08,5.33,13.56,LS,1,1.0,0.02425,0.0199,0.01237,0.04353,0.03118,0.01221,13.86
252,E91,LAGO MAYOR,2015-08-02,-16.232,-69.3428,10.0,0.59,1.0,13.38,LS,1,1.0,0.02604,0.02034,0.01348,0.04437,0.03099,0.01202,13.09
253,E92,LAGO MAYOR,2015-08-02,-16.2428,-69.3065,9.0,0.59,1.0,13.44,LS,1,1.0,0.02621,0.02052,0.01338,0.04447,0.03097,0.01213,13.38
254,E93,LAGO MAYOR,2015-08-03,-16.2582,-69.293,,1.7,1.67,12.89,LS,1,1.0,0.02313,0.01974,0.01226,0.04414,0.03255,0.01372,14.25
255,E94,LAGO MAYOR,2015-08-02,-16.251,-69.2884,9.0,0.08,2.0,13.31,LS,1,1.0,0.02602,0.02032,0.01362,0.0444,0.03115,0.01201,13.5
256,E95,LAGO MAYOR,2015-08-03,-16.2657,-69.2815,9.0,0.59,1.33,12.69,LS,1,1.0,0.02312,0.01889,0.01145,0.04328,0.03098,0.01224,13.63
257,E96,LAGO MAYOR,2015-08-03,-16.2501,-69.2737,7.5,0.59,3.0,12.83,LS,1,1.0,0.02643,0.02027,0.01389,0.04447,0.03105,0.01205,13.28
258,E97,LAGO MAYOR,2015-08-02,-16.1757,-69.1958,10.0,0.51,3.33,12.71,LS,1,1.0,0.02358,0.01875,0.01258,0.04368,0.03073,0.01177,12.9
259,E98,LAGO MAYOR,2015-08-05,-16.1117,-69.1016,9.0,0.6,7.0,12.94,LS,1,1.0,0.02519,0.01933,0.01246,0.04396,0.03105,0.01196,13.46
260,E99,LAGO MAYOR,2015-08-05,-16.0745,-69.0742,9.5,1.62,2.33,13.44,LS,1,1.0,0.02466,0.02005,0.01322,0.04435,0.0311,0.01207,13.22
261,E100,LAGO MAYOR,2015-08-01,-16.0055,-68.9959,10.0,1.1,1.33,13.48,LS,1,1.0,0.0246,0.01914,0.01296,0.04447,0.03085,0.01183,13.17
262,E101,LAGO MAYOR,2015-08-01,-15.8962,-68.9707,10.5,1.7,1.0,12.59,LS,1,1.0,0.0236,0.01934,0.0128,0.04459,0.03195,0.01302,13.48
263,E102,LAGO MAYOR,2015-08-01,-15.9356,-68.9684,9.0,2.21,1.0,12.77,LS,1,1.0,0.02312,0.01832,0.0125,0.0442,0.03128,0.01237,13.1
264,E103,LAGO MAYOR,2015-08-01,-15.9394,-68.9017,,1.7,1.33,12.91,LS,1,2.0,0.02387,0.02085,0.01397,0.04528,0.03221,0.0129,13.29
265,E104,LAGO MAYOR,2015-08-01,-15.994,-68.8804,11.0,1.18,1.33,13.07,LS,1,2.0,0.02397,0.01956,0.01342,0.04469,0.03128,0.01219,12.89
266,E105,LAGO MAYOR,2015-08-01,-15.9864,-68.8016,2.2,1.18,1.0,12.93,LS,1,2.0,0.02417,0.02593,0.01518,0.04468,0.03174,0.01239,12.59
267,E106,LAGO MAYOR,2015-08-01,-16.0543,-68.8469,,1.27,1.0,13.09,LS,1,2.0,0.02538,0.02788,0.01548,0.04522,0.03177,0.01254,13.21
268,E107,LAGO MAYOR,2015-08-01,-16.0696,-68.9361,10.5,1.18,7.67,13.41,LS,1,2.0,0.02381,0.01991,0.01366,0.04454,0.03127,0.01204,13.05
269,E109,LAGO MAYOR,2015-08-04,-16.2611,-69.2611,10.0,1.19,3.33,13.3,LS,1,1.0,0.02596,0.01983,0.01378,0.04476,0.03118,0.012,13.46
270,E110,LAGO MAYOR,2015-08-04,-16.2345,-69.2054,9.0,1.1,4.33,13.28,LS,1,1.0,0.02537,0.01961,0.0135,0.04395,0.0309,0.012,13.29
271,E111,LAGO MAYOR,2015-08-04,-16.2565,-69.1846,8.0,1.18,8.0,13.37,LS,1,1.0,0.02569,0.02018,0.01335,0.0444,0.03147,0.01244,14.21
272,E112,LAGO MAYOR,2015-08-04,-16.2462,-69.1419,9.5,0.75,8.33,13.5,LS,1,1.0,0.02616,0.02046,0.01368,0.04465,0.03128,0.01233,14.35
273,E113,LAGO MAYOR,2015-08-04,-16.2174,-69.1367,9.5,0.67,10.33,13.34,LS,1,1.0,0.02543,0.01981,0.0127,0.04397,0.031,0.01192,13.48
274,E115,LAGO MAYOR,2015-08-04,-16.1709,-69.1375,10.0,0.52,8.33,13.14,LS,1,1.0,0.02399,0.01926,0.01251,0.04413,0.03083,0.01169,13.1
275,E116,LAGO MAYOR,2015-08-05,-16.1501,-69.1207,9.0,2.21,2.33,12.88,LS,1,1.0,0.02417,0.0199,0.01288,0.04415,0.03074,0.01184,13.35
276,E117,LAGO MAYOR,2015-08-04,-16.1653,-69.1027,9.0,0.59,6.0,13.71,LS,1,1.0,0.02565,0.02066,0.01321,0.04429,0.03128,0.0122,13.79
277,E118,LAGO MAYOR,2015-08-05,-16.0851,-69.1499,9.0,1.11,10.33,13.06,LS,1,1.0,0.02664,0.02091,0.01396,0.04473,0.03099,0.01179,13.09
278,E119,LAGO MAYOR,2015-08-05,-16.0439,-69.1309,9.0,1.03,9.33,13.11,LS,1,1.0,0.0243,0.01983,0.01289,0.04416,0.03099,0.01206,13.13
279,E120,LAGO MAYOR,2015-08-05,-16.1421,-68.9605,10.0,0.59,6.0,13.66,LS,1,2.0,0.02448,0.02109,0.01435,0.04511,0.03146,0.01242,13.5
280,E121,LAGO MAYOR,2015-08-05,-16.2068,-68.8643,9.0,0.59,5.33,13.58,LS,1,2.0,0.0237,0.02094,0.01388,0.04526,0.03195,0.01264,13.77
281,E125,LAGO MENOR,2015-08-06,-16.2135,-68.733,8.0,1.19,2.0,13.53,LS,1,2.0,0.02352,0.02314,0.01443,0.04566,0.03172,0.01252,12.4
282,E126,LAGO MENOR,2015-08-06,-16.2467,-68.721,,1.1,2.67,13.18,LS,1,2.0,0.03275,0.04103,0.01511,0.04466,0.03165,0.01223,12.08
283,E127,LAGO MENOR,2015-08-06,-16.218,-68.6226,,1.19,4.0,12.69,LS,1,2.0,0.02885,0.03255,0.01553,0.04509,0.03163,0.01235,11.44
284,E128,LAGO MENOR,2015-08-06,-16.2768,-68.6323,,1.1,1.33,12.92,LS,1,2.0,0.02896,0.03654,0.0151,0.04404,0.03125,0.0122,11.17
285,E129,LAGO MENOR,2015-08-07,-16.3339,-68.7808,,2.29,11.0,12.37,LS,1,3.0,0.02528,0.03971,0.0171,0.04469,0.03119,0.01205,12.31
286,E130,LAGO MENOR,2015-08-07,-16.217,-68.9353,4.5,1.19,5.0,12.67,LS,1,3.0,0.0233,0.02191,0.01447,0.04488,0.03121,0.01208,11.87
287,E131,LAGO MENOR,2015-08-07,-16.2875,-68.9046,5.0,1.7,8.67,12.56,LS,1,3.0,0.02301,0.02221,0.0146,0.04476,0.03141,0.01199,11.7
288,E132,LAGO MENOR,2015-08-07,-16.3144,-68.8451,5.0,2.29,6.33,12.62,LS,1,3.0,0.02597,0.02895,0.01518,0.04454,0.03136,0.01239,12.51
289,E133,LAGO MENOR,2015-08-07,-16.3583,-68.8046,,1.27,5.67,12.23,LS,1,5.0,0.02961,0.04177,0.0178,0.04437,0.03106,0.01187,11.73
290,E135,LAGO MENOR,2015-08-07,-16.2659,-69.0601,8.0,1.86,5.0,12.78,LS,1,1.0,0.02182,0.02031,0.01275,0.04365,0.03142,0.01268,13.1
291,E136,LAGO MENOR,2015-08-07,-16.3028,-68.9852,5.0,1.7,9.0,12.38,LS,1,4.0,0.02447,0.02299,0.01442,0.0446,0.03101,0.01182,11.56
292,E137,LAGO MENOR,2015-08-08,-16.3653,-68.9031,6.0,1.7,6.33,11.82,LS,1,5.0,0.02414,0.02385,0.01452,0.04443,0.03113,0.01197,11.8
293,E138,LAGO MENOR,2015-08-08,-16.4011,-68.8334,,0.59,4.33,13.5,LS,1,5.0,0.02812,0.03603,0.01847,0.04459,0.03113,0.01205,12.33
294,E139,LAGO MENOR,2015-08-08,-16.4224,-68.903,4.0,1.7,10.33,12.77,LS,1,5.0,0.02654,0.0288,0.01524,0.04405,0.0312,0.01228,12.85
295,E141,LAGO MENOR,2015-08-08,-16.4109,-69.0216,4.0,1.1,6.67,12.61,LS,1,5.0,0.02939,0.02985,0.01629,0.04479,0.03134,0.01205,12.46
296,E142,LAGO MENOR,2015-08-08,-16.4626,-69.0104,5.0,2.22,4.33,12.01,LS,1,5.0,0.02584,0.02478,0.01516,0.04481,0.03119,0.01208,11.63
297,E143,LAGO MENOR,2015-08-09,-16.4818,-68.9406,6.0,1.7,4.67,11.61,LS,1,5.0,0.0264,0.02734,0.01467,0.04463,0.03141,0.01211,11.79
298,E144,LAGO MENOR,2015-08-09,-16.5187,-68.8773,,1.1,9.33,11.98,LS,1,5.0,0.02381,0.03131,0.01623,0.04467,0.03124,0.0125,11.53
299,E145,LAGO MENOR,2015-08-09,-16.5139,-68.977,6.0,1.7,9.33,11.55,LS,1,5.0,0.0246,0.02481,0.015,0.04452,0.03114,0.01209,11.59
300,E146,LAGO MENOR,2015-08-09,-16.581,-68.8707,,1.1,3.67,12.46,LS,1,5.0,0.02669,0.03662,0.01769,0.04536,0.0315,0.01275,12.27
301,E147,LAGO MENOR,2015-08-09,-16.56,-68.9168,6.0,1.03,9.0,11.74,LS,1,5.0,0.02507,0.02505,0.01443,0.04449,0.03141,0.01255,11.4
302,E148,LAGO MENOR,2015-08-08,-16.493,-69.0596,,1.1,10.67,12.93,LS,1,1.0,0.02619,0.03405,0.01657,0.04383,0.03096,0.01202,12.35
303,E149,LAGO MENOR,2015-08-09,-16.5583,-69.0356,,1.11,3.33,11.66,LS,1,5.0,0.02423,0.02763,0.01673,0.04413,0.03251,0.01409,12.47
304,E01,BAHIA PUNO,2016-08-03,-15.853,-69.9605,8.5,0.18,30.0,12.9,LS,1,1.0,0.02408,0.02223,0.01376,0.04458,0.03301,0.01421,15.21
305,E02,BAHIA PUNO,2016-08-03,-15.8482,-69.9182,9.5,0.03,38.75,13.0,LS,1,1.0,0.02667,0.02226,0.01351,0.04391,0.03127,0.01227,13.75
306,E03,BAHIA PUNO,2016-08-03,-15.8745,-69.9079,,0.68,31.75,13.3,LS,1,1.0,0.02858,0.02855,0.01517,0.04438,0.03161,0.01268,14.7
307,E04,BAHIA PUNO,2016-08-03,-15.8789,-69.8907,7.0,1.27,1.5,13.2,LS,1,1.0,0.02789,0.02336,0.01392,0.04435,0.0314,0.01261,14.29
308,E05,BAHIA PUNO,2016-08-03,-15.8398,-69.8918,7.0,0.37,37.25,13.0,LS,1,1.0,0.02671,0.02081,0.01264,0.0437,0.03109,0.0121,13.67
309,E06,BAHIA PUNO,2016-08-03,-15.8053,-69.9118,,0.27,43.25,12.5,LS,1,1.0,0.02576,0.02572,0.01363,0.04382,0.03109,0.01218,13.0
310,E07,BAHIA PUNO,2016-08-03,-15.7748,-69.8851,5.0,0.25,39.5,12.6,LS,1,1.0,0.0279,0.02453,0.01345,0.04363,0.03107,0.01204,12.84
311,E08,BAHIA PUNO,2016-08-03,-15.801,-69.8724,8.5,0.76,21.5,12.7,LS,1,1.0,0.02811,0.0215,0.01374,0.04405,0.03104,0.01216,13.55
312,E09,BAHIA PUNO,2016-08-03,-15.8342,-69.8592,6.0,0.49,44.0,12.8,LS,1,1.0,0.02994,0.02925,0.01371,0.04353,0.03105,0.01221,13.76
313,E10,BAHIA PUNO,2016-08-04,-15.7938,-69.8376,,0.04,25.75,12.4,LS,1,1.0,0.02673,0.02331,0.01319,0.04378,0.03135,0.01241,14.41
314,E13,BAHIA PUNO,2016-08-04,-15.7895,-69.7698,9.0,0.88,20.0,12.5,LS,1,1.0,0.02563,0.01926,0.01309,0.04397,0.03093,0.012,13.12
315,E14,BAHIA PUNO,2016-08-04,-15.7489,-69.783,9.5,0.21,17.0,12.7,LS,1,1.0,0.02668,0.02086,0.01387,0.04432,0.03114,0.01209,13.1
316,E15,BAHIA PUNO,2016-08-04,-15.715,-69.8226,8.5,0.51,33.5,12.5,LS,1,1.0,0.02576,0.02258,0.01396,0.04405,0.03106,0.0124,13.71
317,E16,BAHIA PUNO,2016-08-04,-15.6737,-69.8541,6.5,0.01,26.5,12.4,LS,1,1.0,0.02512,0.02534,0.01595,0.04406,0.03147,0.01264,14.07
318,E17,BAHIA PUNO,2016-08-04,-15.6048,-69.9059,3.5,1.98,25.75,12.5,LS,1,1.0,0.02594,0.02709,0.01739,0.04422,0.03214,0.01316,13.79
319,E25,LAGO MAYOR,2016-08-05,-15.4913,-69.893,,0.32,18.75,13.2,LS,1,1.0,0.02578,0.02131,0.01301,0.04431,0.03194,0.0132,14.58
320,E27,LAGO MAYOR,2016-08-05,-15.4508,-69.8379,9.8,0.04,24.75,12.9,LS,1,1.0,0.02828,0.02217,0.01388,0.04405,0.03094,0.01209,13.58
321,E28,LAGO MAYOR,2016-08-05,-15.3928,-69.7822,8.8,0.28,25.25,12.9,LS,1,1.0,0.02791,0.02259,0.0135,0.04351,0.03116,0.0122,13.67
322,E32,LAGO MAYOR,2016-08-05,-15.3384,-69.7205,9.8,0.62,19.0,13.1,LS,1,1.0,0.03142,0.02629,0.0142,0.04369,0.03102,0.01212,13.67
323,E33,LAGO MAYOR,2016-08-05,-15.333,-69.756,4.6,0.32,23.75,13.2,LS,1,1.0,0.04736,0.06118,0.04693,0.04432,0.03088,0.01231,12.63
324,E36,LAGO MAYOR,2016-08-05,-15.2971,-69.6814,9.0,0.02,14.75,12.8,LS,1,1.0,0.02891,0.02352,0.01388,0.04401,0.03134,0.01233,13.88
325,E39,LAGO MAYOR,2016-08-06,-15.3748,-69.5276,5.0,1.76,17.0,12.5,LS,1,1.0,0.02963,0.02906,0.01459,0.04378,0.03222,0.0134,14.9
326,E41,LAGO MAYOR,2016-08-06,-15.4392,-69.6009,11.0,0.27,16.5,12.4,LS,1,1.0,0.02537,0.01864,0.01223,0.04341,0.03098,0.01199,13.39
327,E42,LAGO MAYOR,2016-08-06,-15.4967,-69.6685,11.0,0.37,23.25,12.5,LS,1,1.0,0.02579,0.01947,0.01282,0.04378,0.03117,0.01205,13.31
328,E43,LAGO MAYOR,2016-08-04,-15.5603,-69.7411,11.0,0.43,0.75,13.1,LS,1,1.0,0.02523,0.01921,0.0125,0.04352,0.0309,0.01201,12.75
329,E22,LAGO MAYOR,2016-08-05,-15.6181,-69.807,10.2,0.09,20.0,12.6,LS,1,1.0,0.02678,0.02048,0.01389,0.04468,0.03151,0.01253,14.4
330,E48,LAGO MAYOR,2016-08-08,-15.5361,-69.3597,14.5,0.24,17.25,13.4,LS,1,1.0,0.02255,0.01686,0.01197,0.04366,0.03136,0.01244,13.91
331,E49,LAGO MAYOR,2016-08-08,-15.6063,-69.4449,12.8,0.15,26.75,12.8,LS,1,1.0,0.02661,0.01986,0.01346,0.04454,0.03123,0.01203,13.27
332,E50,LAGO MAYOR,2016-08-08,-15.6687,-69.5211,11.9,0.6,17.5,12.4,LS,1,1.0,0.02541,0.0197,0.01291,0.04391,0.03098,0.01218,13.11
333,E51,LAGO MAYOR,2016-08-06,-15.7371,-69.6038,9.4,0.26,16.25,12.7,LS,1,1.0,0.02618,0.0196,0.01315,0.04403,0.03099,0.01211,13.31
334,E52,LAGO MAYOR,2016-08-06,-15.8028,-69.6843,10.3,0.4,26.5,13.0,LS,1,1.0,0.02464,0.01945,0.01295,0.04388,0.03117,0.01232,13.38
335,E53,LAGO MAYOR,2016-08-06,-15.8686,-69.7634,,0.22,18.75,13.2,LS,1,1.0,0.02674,0.02151,0.01323,0.04351,0.03103,0.01218,13.3
336,E58,LAGO MAYOR,2016-08-09,-15.9519,-69.5453,5.0,0.33,27.25,12.9,LS,1,1.0,0.02846,0.02524,0.01429,0.04353,0.03098,0.0121,13.29
337,E59,LAGO MAYOR,2016-08-09,-15.8876,-69.4615,13.0,0.19,14.75,13.0,LS,1,1.0,0.02506,0.01859,0.01294,0.044,0.03125,0.01221,13.2
338,E60,LAGO MAYOR,2016-08-09,-15.8271,-69.3776,12.0,0.21,16.25,12.6,LS,1,1.0,0.02558,0.01935,0.0131,0.04425,0.031,0.01205,13.08
339,E61,LAGO MAYOR,2016-08-08,-15.7585,-69.3045,10.2,0.27,19.25,13.2,LS,1,1.0,0.02338,0.01754,0.01224,0.04362,0.03152,0.01268,13.21
340,E65,LAGO MAYOR,2016-08-08,-15.6901,-69.2315,,0.93,24.0,13.4,LS,1,1.0,0.02339,0.02039,0.01254,0.04391,0.03211,0.01302,13.28
341,E68,LAGO MAYOR,2016-08-08,-15.9935,-69.4278,5.5,0.28,17.0,13.3,LS,1,1.0,0.02346,0.01813,0.01228,0.04357,0.03084,0.01214,13.34
342,E71,LAGO MAYOR,2016-08-08,-15.6953,-69.1984,,1.27,1.75,12.5,LS,1,1.0,0.02465,0.02294,0.01418,0.04432,0.0324,0.01378,12.95
343,E72,LAGO MAYOR,2016-08-09,-15.6921,-69.1709,5.8,0.72,23.25,11.9,LS,1,1.0,0.02764,0.03056,0.0154,0.04362,0.03226,0.01345,13.66
344,E76,LAGO MAYOR,2016-08-11,-15.8125,-69.0449,12.5,0.17,18.25,13.4,LS,1,1.0,0.02161,0.01765,0.01181,0.04357,0.03139,0.01246,13.83
345,E78,LAGO MAYOR,2016-08-11,-15.8903,-69.1327,13.5,0.22,13.75,12.9,LS,1,1.0,0.0235,0.01825,0.01256,0.04406,0.03179,0.01304,13.43
346,E79,LAGO MAYOR,2016-08-11,-15.96,-69.2272,11.5,0.61,18.75,12.4,LS,1,1.0,0.02322,0.01832,0.0129,0.04437,0.03193,0.01312,13.44
347,E80,LAGO MAYOR,2016-08-11,-16.0316,-69.3198,10.5,0.34,41.5,12.3,LS,1,1.0,0.02612,0.01977,0.01372,0.04448,0.03115,0.0119,13.17
348,E82,LAGO MAYOR,2016-08-10,-16.1109,-69.4173,8.2,1.08,10.25,12.3,LS,1,1.0,0.02314,0.01793,0.01204,0.04354,0.03095,0.01234,13.39
349,E83,LAGO MAYOR,2016-08-10,-16.1837,-69.5067,5.5,0.65,11.5,12.3,LS,1,1.0,0.02678,0.02295,0.01408,0.04419,0.03162,0.01267,14.22
350,E84,LAGO MAYOR,2016-08-10,-16.2007,-69.4624,4.7,1.77,21.75,12.7,LS,1,1.0,0.02813,0.02735,0.01537,0.04426,0.03228,0.0138,15.05
351,E85,LAGO MAYOR,2016-08-10,-16.1599,-69.4444,9.8,0.26,27.5,12.4,LS,1,1.0,0.0247,0.01942,0.01317,0.04402,0.03122,0.0122,13.51
352,E88,LAGO MAYOR,2016-08-10,-16.2064,-69.3781,6.5,0.21,18.0,12.8,LS,1,1.0,0.02389,0.01893,0.01277,0.04388,0.03145,0.01276,13.62
353,E94,LAGO MAYOR,2016-08-10,-16.251,-69.2884,7.4,0.21,6.5,13.3,LS,1,1.0,0.02376,0.0209,0.01239,0.04363,0.03216,0.01328,14.25
354,E97,LAGO MAYOR,2016-08-10,-16.1757,-69.1958,9.5,0.13,10.25,13.6,LS,1,1.0,0.02509,0.01898,0.01359,0.04455,0.03121,0.01193,13.43
355,E98,LAGO MAYOR,2016-08-10,-16.1117,-69.1016,9.0,0.22,25.5,12.9,LS,1,1.0,0.02277,0.01773,0.012,0.04351,0.03101,0.01205,13.72
356,E99,LAGO MAYOR,2016-08-12,-16.0745,-69.0742,9.2,0.44,25.0,12.9,LS,1,1.0,0.0235,0.01799,0.01197,0.04379,0.03111,0.01226,13.76
357,E100,LAGO MAYOR,2016-08-12,-16.0055,-68.9959,10.2,0.22,21.75,12.1,LS,1,1.0,0.02233,0.01801,0.01212,0.04381,0.03193,0.01303,13.34
358,E103,LAGO MAYOR,2016-08-11,-15.9394,-68.9017,,0.16,13.0,13.4,LS,1,3.0,0.02215,0.01939,0.0138,0.04557,0.03244,0.01292,14.13
359,E104,LAGO MAYOR,2016-08-11,-15.994,-68.8804,11.5,0.4,7.5,13.0,LS,1,3.0,0.02199,0.01851,0.01354,0.0451,0.03142,0.0123,13.37
360,E105,LAGO MAYOR,2016-08-11,-15.9864,-68.8016,,0.57,7.0,12.8,LS,1,3.0,0.02244,0.02227,0.01547,0.04565,0.03167,0.01228,12.74
361,E113,LAGO MAYOR,2016-08-10,-16.2174,-69.1367,9.3,0.23,19.5,13.1,LS,1,1.0,0.02307,0.01802,0.01222,0.04372,0.03091,0.01201,13.96
362,E117,LAGO MAYOR,2016-08-10,-16.1653,-69.1027,10.0,0.3,17.5,13.4,LS,1,1.0,0.02362,0.01895,0.01254,0.044,0.03098,0.01199,14.08
363,E119,LAGO MAYOR,2016-08-10,-16.0439,-69.1309,10.5,0.97,14.2,12.9,LS,1,1.0,0.02132,0.01704,0.01138,0.04357,0.03236,0.01365,13.67
364,E120,LAGO MAYOR,2016-08-12,-16.1264,-68.9337,14.2,0.56,15.5,12.8,LS,1,2.0,0.02169,0.01827,0.01272,0.0444,0.03135,0.01239,13.62
365,E121,LAGO MAYOR,2016-08-12,-16.2068,-68.8643,10.5,0.32,14.0,13.3,LS,1,2.0,0.02347,0.01967,0.0142,0.04549,0.03192,0.01263,14.34
366,E01,BAHIA PUNO,2017-07-10,-15.853,-69.9605,5.3,1.62,31.5,13.9,LS,1,1.0,0.0283,0.02632,0.01782,0.04716,0.0335,0.01425,14.57
367,E02,BAHIA PUNO,2017-07-11,-15.8461,-69.9271,6.0,1.62,35.0,12.7,LS,1,1.0,0.0234,0.02137,0.01291,0.0434,0.03095,0.01229,13.13
368,E05,BAHIA PUNO,2017-07-11,-15.84,-69.8923,6.6,1.1,24.25,13.3,LS,1,1.0,0.02416,0.02091,0.01284,0.0435,0.0309,0.01216,13.01
369,E09,BAHIA PUNO,2017-07-11,-15.8342,-69.8592,,0.59,27.0,13.4,LS,1,1.0,0.02287,0.02186,0.01245,0.04346,0.03108,0.01223,12.99
370,E10,BAHIA PUNO,2017-07-11,-15.7938,-69.8376,,1.62,25.75,13.5,LS,1,1.0,0.02326,0.02069,0.01281,0.04392,0.03144,0.01238,13.68
371,E14,BAHIA PUNO,2017-07-12,-15.7489,-69.783,10.6,1.7,35.5,11.5,LS,1,1.0,0.02188,0.01779,0.01178,0.04342,0.03095,0.01227,13.29
372,E15,BAHIA PUNO,2017-07-12,-15.715,-69.8226,6.6,1.62,44.0,11.5,LS,1,1.0,0.02365,0.02129,0.01312,0.04367,0.03094,0.0125,13.18
373,E16,BAHIA PUNO,2017-07-12,-15.6737,-69.8541,6.0,0.59,23.5,11.2,LS,1,1.0,0.02389,0.02416,0.01481,0.04414,0.03167,0.01276,13.24
374,E17,BAHIA PUNO,2017-07-11,-15.6048,-69.9059,4.2,2.72,30.75,11.4,LS,1,1.0,0.02676,0.03138,0.0185,0.04331,0.03186,0.01316,12.86
375,E25,LAGO MAYOR,2017-07-12,-15.4913,-69.893,,1.02,30.5,13.5,LS,1,1.0,0.02452,0.02176,0.01292,0.04423,0.0318,0.01289,14.51
376,E27,LAGO MAYOR,2017-07-12,-15.4437,-69.8425,,1.62,27.0,13.4,LS,1,1.0,0.02467,0.02093,0.01216,0.04351,0.03105,0.01238,12.78
377,E28,LAGO MAYOR,2017-07-12,-15.3928,-69.7822,10.3,1.1,38.0,13.3,LS,1,1.0,0.02916,0.02476,0.0145,0.04452,0.03122,0.01222,13.67
378,E32,LAGO MAYOR,2017-07-12,-15.3384,-69.7205,7.0,0.51,0.75,13.0,LS,1,1.0,0.02862,0.02257,0.01424,0.04464,0.03109,0.01201,13.6
379,E36,LAGO MAYOR,2017-07-13,-15.2971,-69.6814,10.8,0.59,4.0,12.6,LS,1,1.0,0.02757,0.02245,0.01389,0.04428,0.03137,0.01223,13.5
380,E39,LAGO MAYOR,2017-07-13,-15.3748,-69.5276,8.4,0.52,0.25,13.1,LS,1,1.0,0.03027,0.03056,0.01492,0.04407,0.03201,0.01314,14.09
381,E41,LAGO MAYOR,2017-07-13,-15.4392,-69.6009,13.0,1.7,36.75,13.5,LS,1,1.0,0.02307,0.0179,0.01235,0.04395,0.03139,0.01251,13.49
382,E42,LAGO MAYOR,2017-07-13,-15.4967,-69.6685,14.0,0.59,25.0,13.6,LS,1,1.0,0.0231,0.01889,0.01178,0.04299,0.03142,0.01258,13.51
383,E43,LAGO MAYOR,2017-07-13,-15.5603,-69.7411,12.0,1.1,47.0,13.4,LS,1,1.0,0.02269,0.01777,0.01148,0.04333,0.03101,0.01248,13.3
384,E22,LAGO MAYOR,2017-07-13,-15.6181,-69.807,9.0,2.05,3.25,13.1,LS,1,1.0,0.02403,0.01918,0.01253,0.0439,0.03149,0.01262,14.16
385,E48,LAGO MAYOR,2017-07-15,-15.5361,-69.3597,12.0,1.7,1.75,13.4,LS,1,1.0,0.02415,0.01881,0.0137,0.04545,0.03221,0.01305,13.4
386,E49,LAGO MAYOR,2017-07-15,-15.6063,-69.4449,9.0,1.1,1.5,13.2,LS,1,1.0,0.02185,0.01758,0.01274,0.04397,0.03203,0.01298,13.29
387,E50,LAGO MAYOR,2017-07-15,-15.6687,-69.5211,12.0,1.62,3.0,12.4,LS,1,1.0,0.02496,0.02217,0.01606,0.04825,0.0364,0.017,13.11
388,E51,LAGO MAYOR,2017-07-15,-15.7371,-69.6038,9.8,2.13,1.5,12.1,LS,1,1.0,0.02264,0.01721,0.01161,0.04349,0.0313,0.01266,13.46
389,E52,LAGO MAYOR,2017-07-15,-15.8028,-69.6843,9.0,3.83,2.25,12.1,LS,1,1.0,0.02339,0.01869,0.01309,0.04392,0.03132,0.01231,13.41
390,E53,LAGO MAYOR,2017-07-15,-15.8686,-69.7634,,1.61,,13.5,LS,1,1.0,0.0248,0.02055,0.01235,0.0436,0.03101,0.01236,13.56
391,E58,LAGO MAYOR,2017-07-16,-15.9519,-69.5453,,1.18,1.75,13.5,LS,1,1.0,0.02326,0.01906,0.01266,0.04376,0.03153,0.01261,13.19
392,E59,LAGO MAYOR,2017-07-16,-15.8876,-69.4615,10.0,2.13,1.5,13.2,LS,1,1.0,0.02286,0.01782,0.01216,0.04359,0.0313,0.01254,13.25
393,E60,LAGO MAYOR,2017-07-16,-15.8271,-69.3776,10.0,2.21,1.75,12.8,LS,1,1.0,0.02167,0.01684,0.01138,0.04336,0.03121,0.01259,13.22
394,E61,LAGO MAYOR,2017-07-16,-15.7585,-69.3045,12.8,1.7,1.75,12.7,LS,1,1.0,0.0215,0.01691,0.0116,0.04346,0.03164,0.01299,13.1
395,E65,LAGO MAYOR,2017-07-16,-15.6901,-69.2315,,2.13,0.0,13.3,LS,1,1.0,0.02445,0.02109,0.01295,0.04441,0.03127,0.0122,13.07
396,E72,LAGO MAYOR,2017-07-16,-15.6921,-69.1709,5.8,1.54,1.0,12.7,LS,1,1.0,0.02664,0.03033,0.01525,0.04377,0.03204,0.01322,12.9
397,E76,LAGO MAYOR,2017-07-19,-15.8125,-69.0449,9.0,1.1,0.75,12.8,LS,1,2.0,0.02181,0.01844,0.01246,0.04436,0.03188,0.01292,13.78
398,E78,LAGO MAYOR,2017-07-19,-15.8903,-69.1327,10.3,0.51,0.0,12.5,LS,1,2.0,0.02159,0.017,0.01177,0.04354,0.03111,0.01224,13.5
399,E79,LAGO MAYOR,2017-07-16,-15.96,-69.2272,10.0,0.59,0.0,13.4,LS,1,1.0,0.02148,0.01671,0.01143,0.04341,0.03152,0.01279,13.39
400,E80,LAGO MAYOR,2017-07-17,-16.0316,-69.3198,10.0,0.59,0.0,13.3,LS,1,2.0,0.02219,0.01759,0.01233,0.04402,0.03201,0.01328,13.52
401,E82,LAGO MAYOR,2017-07-17,-16.1109,-69.4173,10.0,2.72,1.25,13.0,LS,1,2.0,0.0238,0.01915,0.0134,0.04448,0.03164,0.01265,13.51
402,E83,LAGO MAYOR,2017-07-17,-16.1837,-69.5067,8.0,1.61,0.0,13.4,LS,1,2.0,0.02379,0.02026,0.01345,0.0448,0.03221,0.01324,14.09
403,E88,LAGO MAYOR,2017-07-20,-16.2064,-69.3781,8.0,1.53,1.0,13.2,LS,1,2.0,0.02369,0.01996,0.0136,0.04439,0.03166,0.01265,13.84
404,E94,LAGO MAYOR,2017-07-20,-16.251,-69.2884,9.0,1.02,0.75,13.2,LS,1,2.0,0.02351,0.0199,0.01467,0.04748,0.03504,0.01527,13.47
405,E97,LAGO MAYOR,2017-07-20,-16.1757,-69.1958,10.0,2.13,3.0,12.6,LS,1,2.0,0.0224,0.01796,0.01261,0.04393,0.03135,0.01246,13.45
406,E98,LAGO MAYOR,2017-07-19,-16.1056,-69.1103,9.5,1.53,0.75,13.4,LS,1,2.0,0.02218,0.01719,0.01213,0.04399,0.03158,0.01274,13.6
407,E99,LAGO MAYOR,2017-07-19,-16.0745,-69.0742,11.0,0.51,0.0,13.6,LS,1,2.0,0.02223,0.01851,0.01293,0.04445,0.03189,0.0128,13.61
408,E100,LAGO MAYOR,2017-07-19,-16.0055,-68.9959,10.0,1.02,1.0,13.7,LS,1,2.0,0.02125,0.01682,0.01163,0.0436,0.03132,0.01231,13.22
409,E103,LAGO MAYOR,2017-07-19,-15.9394,-68.9017,,1.03,0.75,13.0,LS,1,3.0,0.02147,0.01751,0.01255,0.04464,0.03203,0.01288,13.29
410,E104,LAGO MAYOR,2017-07-19,-16.0297,-68.8837,10.2,1.62,0.25,13.2,LS,1,3.0,0.02167,0.01729,0.01259,0.04421,0.0314,0.01217,13.19
411,E105,LAGO MAYOR,2017-07-19,-15.9864,-68.8016,,1.1,0.5,12.5,LS,1,3.0,0.0204,0.02043,0.01388,0.04426,0.03167,0.01229,11.87
412,E113,LAGO MAYOR,2017-07-20,-16.2174,-69.1367,10.0,1.53,0.75,11.9,LS,1,2.0,0.02143,0.01765,0.01223,0.04384,0.03147,0.01261,13.58
413,E117,LAGO MAYOR,2017-07-19,-16.1653,-69.1027,8.5,2.13,0.25,13.4,LS,1,2.0,0.02131,0.01748,0.0119,0.04371,0.03157,0.01276,13.74
414,E120,LAGO MAYOR,2017-07-21,-16.1264,-68.9337,9.5,2.13,31.25,12.9,LS,1,2.0,0.02099,0.01745,0.01317,0.04497,0.03204,0.01304,13.48
415,E121,LAGO MAYOR,2017-07-21,-16.2068,-68.8643,9.0,1.62,26.25,13.3,LS,1,2.0,0.01998,0.01679,0.01228,0.04484,0.0321,0.01295,13.95
416,E122,LAGO MENOR,2017-07-21,-16.2276,-68.8361,9.0,1.7,39.25,13.2,LS,1,2.0,0.01921,0.01664,0.01256,0.04487,0.03238,0.0133,13.8
417,E123,LAGO MENOR,2017-07-21,-16.1925,-68.797,6.5,1.1,32.25,13.1,LS,1,2.0,0.01832,0.01816,0.01239,0.04435,0.0318,0.01262,13.06
418,E125,LAGO MENOR,2017-07-21,-16.2626,-68.7843,8.0,2.13,37.5,13.3,LS,1,2.0,0.02741,0.03281,0.0146,0.04475,0.03161,0.01261,12.03
419,E127,LAGO MENOR,2017-07-21,-16.2135,-68.733,,0.59,34.0,12.7,LS,1,1.0,0.01848,0.01851,0.01326,0.04522,0.03182,0.01255,12.5
420,E126,LAGO MENOR,2017-07-21,-16.2677,-68.7154,,0.0,17.0,11.5,LS,1,1.0,0.02419,0.02487,0.01384,0.04546,0.03185,0.01253,11.04
421,E124,LAGO MENOR,2017-07-21,-16.218,-68.6226,,1.11,32.75,12.4,LS,1,1.0,0.02281,0.03001,0.01451,0.04574,0.03197,0.01259,11.72
422,E132,LAGO MENOR,2017-07-21,-16.3339,-68.7808,,0.08,16.75,12.7,LS,1,2.0,0.02374,0.03342,0.01704,0.04448,0.03143,0.01245,11.8
423,E129,LAGO MENOR,2017-07-22,-16.217,-68.9353,,0.59,22.0,11.2,LS,1,2.0,0.02196,0.02171,0.01384,0.04447,0.03151,0.0124,12.05
424,E130,LAGO MENOR,2017-07-22,-16.3144,-68.8451,5.4,1.62,24.5,11.1,LS,1,2.0,0.02351,0.02577,0.01306,0.0443,0.0317,0.01271,12.36
425,E136,LAGO MENOR,2017-07-22,-16.2659,-69.0601,7.0,1.02,20.25,11.4,LS,1,1.0,0.02065,0.02106,0.01373,0.04435,0.03216,0.01325,13.01
426,E135,LAGO MENOR,2017-07-22,-16.3028,-68.9852,6.0,3.32,28.5,12.0,LS,1,3.0,0.02397,0.02296,0.01435,0.04446,0.0316,0.01239,11.35
427,E137,LAGO MENOR,2017-07-22,-16.4011,-68.8334,6.0,1.1,15.5,13.2,LS,1,3.0,0.0231,0.02888,0.01535,0.04391,0.03143,0.01209,11.67
428,E138,LAGO MENOR,2017-07-22,-16.3653,-68.9031,,1.03,21.5,12.7,LS,1,3.0,0.02258,0.02178,0.01395,0.04374,0.03138,0.01241,11.68
429,E139,LAGO MENOR,2017-07-22,-16.4224,-68.903,,0.59,12.25,13.1,LS,1,3.0,0.02433,0.02629,0.01423,0.04402,0.03179,0.01258,12.37
430,E141,LAGO MENOR,2017-07-22,-16.3764,-69.0073,,0.08,29.5,12.1,LS,1,3.0,0.02415,0.02343,0.0142,0.04399,0.0315,0.01239,11.3
431,E142,LAGO MENOR,2017-07-22,-16.4515,-68.998,6.0,0.59,20.0,11.8,LS,1,3.0,0.02445,0.02372,0.0141,0.04385,0.0315,0.01247,11.12
432,E-148,LAGO MENOR,2017-07-22,-16.5187,-68.8773,6.0,0.43,13.75,12.4,LS,1,3.0,0.02807,0.04037,0.0185,0.04388,0.03134,0.01223,10.9
433,E-145,LAGO MENOR,2017-07-23,-16.5139,-68.977,6.5,1.03,26.0,10.7,LS,1,3.0,0.02502,0.02456,0.01488,0.04487,0.03151,0.01218,11.13
434,E-144,LAGO MENOR,2017-07-23,-16.56,-68.9168,,1.7,11.5,10.4,LS,1,3.0,0.02517,0.02673,0.01423,0.04462,0.03188,0.01286,10.99
435,E-147,LAGO MENOR,2017-07-23,-16.493,-69.0596,6.5,2.29,15.5,11.2,LS,1,1.0,0.02689,0.03492,0.01776,0.04413,0.03156,0.01277,12.24
436,E-150,LAGO MENOR,2017-07-23,-16.5583,-69.0356,,1.54,20.25,11.2,LS,1,3.0,0.0236,0.02563,0.01761,0.04449,0.03316,0.01399,11.25
437,E01,BAHIA PUNO,2018-07-18,-15.853,-69.9605,5.4,3.07,15.14,12.9,LS,1,1.0,0.02611,0.02533,0.01542,0.04566,0.03411,0.01537,13.14
438,E02,BAHIA PUNO,2018-07-18,-15.8461,-69.9271,6.0,1.53,15.43,12.8,LS,1,1.0,0.02283,0.01963,0.01363,0.04539,0.03605,0.01653,12.23
439,E03,BAHIA PUNO,2018-07-18,-15.8745,-69.9079,7.5,2.13,8.29,13.6,LS,1,1.0,0.02818,0.02465,0.01922,0.05337,0.04037,0.02118,9.93
440,E04,BAHIA PUNO,2018-07-18,-15.8741,-69.8671,,1.02,15.14,13.4,LS,0,,,,,,,,
441,E05,BAHIA PUNO,2018-07-18,-15.84,-69.8923,7.5,1.19,10.0,12.7,LS,0,,,,,,,,
442,E-6,BAHIA PUNO,2018-07-18,-15.8053,-69.9118,,2.21,10.29,12.3,LS,1,1.0,0.02876,0.0285,0.01417,0.04338,0.03131,0.01227,11.93
443,E08,BAHIA PUNO,2018-07-18,-15.7802,-69.8681,10.0,2.29,5.71,12.3,LS,0,,,,,,,,
444,E09,BAHIA PUNO,2018-07-18,-15.8342,-69.8592,,2.8,10.29,12.4,LS,0,,,,,,,,
445,E14,BAHIA PUNO,2018-07-19,-15.7489,-69.783,7.0,2.72,9.43,12.5,LS,0,,,,,,,,
446,E16,BAHIA PUNO,2018-07-19,-15.6737,-69.8541,7.0,3.4,8.29,11.8,LS,1,1.0,0.02348,0.02438,0.01506,0.04731,0.04012,0.02119,11.06
447,E17,BAHIA PUNO,2018-07-19,-15.6048,-69.9059,1.5,1.02,25.71,10.5,LS,1,1.0,0.01644,0.01908,0.01442,0.04431,0.03514,0.0166,11.19
448,E25,LAGO MAYOR,2018-07-20,-15.4913,-69.893,,1.19,10.57,12.0,LS,1,2.0,0.02488,0.02045,0.0125,0.04413,0.03162,0.01288,13.46
449,E27,LAGO MAYOR,2018-07-20,-15.4437,-69.8425,,2.2,9.14,12.0,LS,1,2.0,0.02876,0.02386,0.01412,0.04459,0.031,0.01202,12.1
450,E28,LAGO MAYOR,2018-07-20,-15.3928,-69.7822,8.0,2.72,11.14,12.2,LS,1,2.0,0.03116,0.02675,0.01489,0.04411,0.03116,0.01208,12.68
451,E32,LAGO MAYOR,2018-07-20,-15.3384,-69.7205,7.0,1.1,11.71,12.6,LS,1,2.0,0.03082,0.02569,0.01428,0.04388,0.03086,0.01197,12.74
452,E36,LAGO MAYOR,2018-07-20,-15.2971,-69.6814,7.5,2.2,12.0,12.5,LS,1,2.0,0.03134,0.02715,0.01535,0.04453,0.03132,0.01212,12.81
453,E39,LAGO MAYOR,2018-07-21,-15.3748,-69.5276,7.0,1.7,11.43,11.8,LS,1,2.0,0.03153,0.03067,0.01538,0.04412,0.03194,0.01305,13.29
454,E41,LAGO MAYOR,2018-07-21,-15.4392,-69.6009,8.5,2.89,15.14,11.9,LS,1,2.0,0.02236,0.01728,0.01172,0.04407,0.03301,0.01424,12.11
455,E42,LAGO MAYOR,2018-07-21,-15.4967,-69.6685,10.0,2.72,18.29,12.2,LS,1,2.0,0.02658,0.01958,0.01335,0.04462,0.03175,0.01257,12.52
456,E43,LAGO MAYOR,2018-07-21,-15.5603,-69.7411,11.0,2.29,11.71,12.0,LS,1,2.0,0.02692,0.01954,0.01357,0.04452,0.03141,0.01244,12.4
457,E22,LAGO MAYOR,2018-07-21,-15.6181,-69.807,8.0,2.37,20.86,11.8,LS,1,2.0,0.02559,0.02286,0.01677,0.05081,0.04226,0.02377,12.55
458,E48,LAGO MAYOR,2018-07-22,-15.5289,-69.3654,11.0,1.62,16.0,12.5,LS,1,2.0,0.02297,0.01756,0.01259,0.04791,0.03172,0.01268,13.01
459,E49,LAGO MAYOR,2018-07-22,-15.6063,-69.4449,13.0,1.7,10.57,12.5,LS,1,2.0,0.0256,0.01845,0.01273,0.04399,0.03101,0.01207,12.71
460,E50,LAGO MAYOR,2018-07-22,-15.6687,-69.5211,11.0,1.7,15.43,12.3,LS,1,2.0,0.02566,0.01862,0.0128,0.0441,0.03114,0.01198,12.45
461,E51,LAGO MAYOR,2018-07-23,-15.7371,-69.6038,10.5,1.7,16.57,12.4,LS,1,2.0,0.02292,0.01704,0.01231,0.04449,0.03311,0.01434,11.54
462,E52,LAGO MAYOR,2018-07-23,-15.8028,-69.6843,12.0,2.21,6.57,12.7,LS,1,2.0,0.02566,0.01961,0.01322,0.04432,0.03116,0.01207,12.65
463,E53,LAGO MAYOR,2018-07-23,-15.8686,-69.7634,9.5,3.31,12.57,13.3,LS,1,2.0,0.02762,0.02171,0.01349,0.0443,0.03111,0.01217,12.81
464,E58,LAGO MAYOR,2018-07-24,-15.9519,-69.5453,,2.8,19.14,11.9,LS,1,1.0,0.02322,0.01792,0.01173,0.04344,0.03084,0.01211,12.47
465,E59,LAGO MAYOR,2017-07-16,-15.8876,-69.4615,10.0,1.62,34.29,12.0,LS,1,1.0,0.02286,0.01782,0.01216,0.04359,0.0313,0.01254,13.25
466,E60,LAGO MAYOR,2018-07-24,-15.8271,-69.3776,13.5,2.21,15.71,12.2,LS,1,1.0,0.02523,0.01862,0.01303,0.04475,0.03154,0.0126,12.48
467,E61,LAGO MAYOR,2018-07-24,-15.7585,-69.3045,13.0,2.21,8.57,12.5,LS,1,1.0,0.02489,0.01801,0.01234,0.04415,0.03091,0.01204,12.74
468,E65,LAGO MAYOR,2018-07-24,-15.6901,-69.2315,,2.29,4.0,12.5,LS,1,1.0,0.02445,0.02081,0.01282,0.04428,0.03136,0.01239,12.93
469,E72,LAGO MAYOR,2018-07-24,-15.6921,-69.1709,4.0,1.1,23.71,11.8,LS,1,1.0,0.02484,0.02245,0.0123,0.04366,0.03225,0.01324,12.61
470,E76,LAGO MAYOR,2018-07-24,-15.8125,-69.0449,13.0,0.59,4.57,13.1,LS,1,1.0,0.02309,0.01821,0.01257,0.0442,0.03126,0.01226,13.03
471,E78,LAGO MAYOR,2018-07-24,-15.8903,-69.1327,13.0,1.1,6.86,13.1,LS,1,1.0,0.0237,0.0178,0.0125,0.04398,0.03095,0.01186,12.57
472,E79,LAGO MAYOR,2018-07-25,-15.96,-69.2272,10.5,1.62,1.14,12.3,LS,1,1.0,0.02412,0.01776,0.01251,0.04382,0.03091,0.01193,12.72
473,E80,LAGO MAYOR,2018-07-25,-16.0316,-69.3198,12.3,2.21,0.29,13.0,LS,1,1.0,0.02457,0.01806,0.01254,0.04399,0.03093,0.01191,12.73
474,E82,LAGO MAYOR,2018-07-25,-16.1109,-69.4173,11.0,1.19,0.57,13.3,LS,1,1.0,0.02476,0.01897,0.01307,0.04415,0.03133,0.01234,12.67
475,E83,LAGO MAYOR,2018-07-25,-16.1837,-69.5067,7.0,1.1,0.57,12.9,LS,1,1.0,0.02315,0.01866,0.01247,0.04413,0.03169,0.01262,13.25
476,E88,LAGO MAYOR,2018-07-25,-16.2064,-69.3781,9.4,1.1,0.29,13.5,LS,1,1.0,0.02196,0.01751,0.01182,0.04335,0.03119,0.01223,12.78
477,E94,LAGO MAYOR,2018-07-26,-16.251,-69.2884,9.0,1.7,0.57,12.6,LS,1,1.0,0.02519,0.02129,0.01649,0.0498,0.03746,0.01697,12.71
478,E97,LAGO MAYOR,2018-07-26,-16.1757,-69.1958,10.5,2.21,0.57,12.4,LS,1,1.0,0.02381,0.0183,0.01274,0.04409,0.03108,0.0121,12.6
479,E98,LAGO MAYOR,2018-07-26,-16.1056,-69.1103,12.0,2.88,6.86,12.7,LS,1,1.0,0.02339,0.01793,0.01282,0.04425,0.03134,0.01235,12.88
480,E99,LAGO MAYOR,2018-07-28,-16.0745,-69.0742,11.0,1.19,10.0,12.4,LS,1,1.0,0.0241,0.01926,0.01363,0.04429,0.03113,0.01218,12.77
481,E100,LAGO MAYOR,2018-07-28,-16.0055,-68.9959,13.0,2.29,0.29,12.1,LS,1,1.0,0.02345,0.01739,0.01225,0.04394,0.03099,0.01215,12.59
482,E103,LAGO MAYOR,2018-07-28,-15.9394,-68.9017,,2.2,0.29,12.4,LS,1,2.0,0.02271,0.00775,0.00246,0.04059,0.03272,0.01379,12.77
483,E104,LAGO MAYOR,2018-07-28,-16.0297,-68.8837,12.0,0.59,0.57,13.1,LS,1,2.0,0.02475,0.02136,0.0158,0.04805,0.03514,0.01628,11.48
484,E105,LAGO MAYOR,2018-07-28,-15.9864,-68.8016,,0.51,0.29,12.6,LS,1,2.0,0.02687,0.0278,0.01648,0.04469,0.03185,0.01269,10.95
485,E113,LAGO MAYOR,2018-07-26,-16.2174,-69.1367,,1.7,8.86,13.4,LS,1,1.0,0.0232,0.01892,0.0133,0.04429,0.03119,0.01212,12.91
486,E117,LAGO MAYOR,2018-07-26,-16.1653,-69.1027,9.1,1.11,0.29,13.3,LS,1,1.0,0.02388,0.0191,0.01285,0.04438,0.03131,0.01233,13.05
487,E120,LAGO MAYOR,2018-07-28,-16.1264,-68.9337,9.5,1.19,10.29,13.1,LS,1,2.0,0.02389,0.0189,0.01296,0.04424,0.03111,0.01202,12.79
488,E121,LAGO MAYOR,2018-07-28,-16.2068,-68.8643,8.0,1.7,0.29,13.3,LS,1,2.0,0.02295,0.01925,0.01304,0.04456,0.03145,0.01241,12.66
489,E122,LAGO MENOR,2018-07-29,-16.2276,-68.8361,9.0,3.39,0.57,11.8,LS,1,3.0,0.02121,0.01839,0.01261,0.0447,0.03189,0.01286,12.52
490,E123,LAGO MENOR,2018-07-29,-16.1925,-68.797,9.0,0.59,12.29,11.4,LS,1,3.0,0.02277,0.0188,0.01279,0.04501,0.03172,0.0126,11.23
491,E125,LAGO MENOR,2018-07-29,-16.2626,-68.7843,7.5,1.78,9.43,11.4,LS,1,3.0,0.02304,0.02155,0.01368,0.04493,0.03155,0.01264,10.69
492,E127,LAGO MENOR,2018-07-29,-16.2135,-68.733,,1.1,6.0,10.1,LS,1,2.0,0.02097,0.01819,0.01321,0.04555,0.03203,0.013,11.04
493,E126,LAGO MENOR,2018-07-29,-16.2677,-68.7154,,2.88,21.71,10.2,LS,1,2.0,0.02166,0.02222,0.01321,0.04554,0.03215,0.01289,9.72
494,E124,LAGO MENOR,2018-07-29,-16.218,-68.6226,,0.59,17.43,11.3,LS,1,2.0,0.02224,0.02739,0.0135,0.04539,0.03187,0.01267,9.29
495,E132,LAGO MENOR,2018-07-29,-16.3339,-68.7808,7.0,0.59,6.0,11.5,LS,1,3.0,0.02385,0.0316,0.01578,0.04424,0.03164,0.01256,9.3
496,E129,LAGO MENOR,2018-07-29,-16.217,-68.9353,,0.59,0.57,11.6,LS,1,3.0,0.02458,0.02201,0.01467,0.04438,0.0312,0.01229,10.4
497,E130,LAGO MENOR,2018-07-29,-16.3144,-68.8451,6.0,1.1,5.43,11.5,LS,1,3.0,0.02436,0.02708,0.01624,0.04821,0.03607,0.01712,10.83
498,E136,LAGO MENOR,2018-07-29,-16.2659,-69.0601,8.0,1.58,3.14,11.8,LS,1,1.0,0.02099,0.02072,0.01343,0.04415,0.0319,0.01299,11.89
499,E135,LAGO MENOR,2018-07-29,-16.3028,-68.9852,,1.19,4.86,12.0,LS,1,5.0,0.02569,0.02311,0.01471,0.04403,0.03135,0.01223,10.5
500,E137,LAGO MENOR,2018-07-29,-16.4011,-68.8334,5.0,2.05,6.29,11.7,LS,1,5.0,0.02798,0.03948,0.02047,0.04499,0.03335,0.01395,10.55
501,E138,LAGO MENOR,2018-07-30,-16.3653,-68.9031,,2.21,2.29,10.5,LS,1,5.0,0.02507,0.02305,0.01517,0.04437,0.03146,0.0125,10.84
502,E141,LAGO MENOR,2018-07-30,-16.3764,-69.0073,5.5,3.39,1.71,10.3,LS,1,5.0,0.02534,0.02294,0.0147,0.04467,0.03216,0.0135,10.89
503,E142,LAGO MENOR,2018-07-30,-16.4515,-68.998,7.0,1.35,1.71,10.5,LS,1,5.0,0.02458,0.0214,0.01328,0.04414,0.03243,0.01422,9.67
504,E148,LAGO MENOR,2018-07-30,-16.5187,-68.8773,,2.22,1.43,11.0,LS,1,5.0,0.03242,0.0439,0.02018,0.04403,0.03121,0.01241,8.96
505,E145,LAGO MENOR,2018-07-30,-16.5139,-68.977,6.5,2.21,0.57,10.5,LS,1,5.0,0.02637,0.02449,0.0147,0.0443,0.03217,0.01345,10.52
506,E144,LAGO MENOR,2018-07-30,-16.56,-68.9168,,1.35,0.29,10.6,LS,1,5.0,0.0257,0.0252,0.01498,0.04403,0.03134,0.0125,10.66
507,E147,LAGO MENOR,2018-07-30,-16.493,-69.0596,,2.22,2.0,11.3,LS,1,1.0,0.02636,0.03199,0.0173,0.04411,0.03127,0.01248,11.14
508,E150,LAGO MENOR,2018-07-30,-16.5583,-69.0356,,1.19,0.57,11.0,LS,1,5.0,0.02743,0.03461,0.01872,0.04471,0.03518,0.01783,10.77
509,E01,BAHIA PUNO,2019-07-11,-15.8522,-69.9607,8.0,1.62,10.5,13.1,LS,1,1.0,0.03975,0.03428,0.02456,0.05238,0.0356,0.01558,14.94
510,E02,BAHIA PUNO,2019-07-11,-15.8464,-69.9276,8.0,1.1,12.0,13.0,LS,1,1.0,0.02736,0.02385,0.01457,0.04441,0.03214,0.0135,13.69
511,E03,BAHIA PUNO,2019-07-11,-15.8744,-69.9078,,1.62,8.5,14.0,LS,1,1.0,0.02402,0.02823,0.01294,0.0435,0.03239,0.01388,14.35
512,E04,BAHIA PUNO,2019-07-11,-15.8752,-69.8717,1.5,1.54,21.5,13.5,LS,1,1.0,0.02463,0.02985,0.01433,0.04374,0.03204,0.01351,13.88
513,E05,BAHIA PUNO,2019-07-11,-15.84,-69.892,8.0,0.59,10.75,13.6,LS,1,1.0,0.02557,0.02155,0.01294,0.04347,0.03182,0.0131,13.67
514,E07,BAHIA PUNO,2019-07-11,-15.758,-69.8783,,1.7,8.5,12.7,LS,1,1.0,0.02393,0.02404,0.01739,0.05066,0.04458,0.02385,12.86
515,E08,BAHIA PUNO,2019-07-11,-15.7798,-69.8691,10.0,1.1,6.5,13.0,LS,1,1.0,0.0394,0.03862,0.03154,0.06453,0.06213,0.03504,11.1
516,E09,BAHIA PUNO,2019-07-11,-15.8348,-69.8603,,2.05,12.0,13.6,LS,1,1.0,0.03216,0.03951,0.02457,0.05942,0.06017,0.03963,11.22
517,E14,BAHIA PUNO,2019-07-12,-15.7489,-69.783,9.0,0.51,15.0,13.0,LS,1,1.0,0.02695,0.02486,0.01686,0.04908,0.04124,0.02066,12.21
518,E16,BAHIA PUNO,2019-07-11,-15.6728,-69.8539,3.5,1.1,11.75,12.8,LS,1,1.0,0.03587,0.03845,0.02878,0.0614,0.05295,0.03053,11.94
519,E17,BAHIA PUNO,2019-07-12,-15.6054,-69.9049,3.0,3.9,7.75,10.2,LS,1,1.0,0.02574,0.02864,0.02311,0.05352,0.0402,0.01883,12.94
520,E25,LAGO MAYOR,2019-07-12,-15.4911,-69.8931,6.1,1.02,20.5,13.2,LS,1,1.0,0.02341,0.02108,0.01279,0.04392,0.03258,0.01398,15.16
521,E28,LAGO MAYOR,2019-07-12,-15.3928,-69.7822,7.0,0.59,9.25,13.0,LS,1,1.0,0.02737,0.022,0.0127,0.04321,0.0316,0.01289,14.18
522,E32,LAGO MAYOR,2019-07-12,-15.3382,-69.7205,6.0,0.52,15.0,12.9,LS,1,1.0,0.02729,0.02171,0.01307,0.04325,0.03144,0.01316,13.99
523,E36,LAGO MAYOR,2019-07-12,-15.2964,-69.6816,11.0,1.27,12.75,13.0,LS,1,1.0,0.02007,0.022,0.01652,0.0507,0.04775,0.02694,11.0
524,E39,LAGO MAYOR,2019-07-13,-15.3423,-69.529,8.0,1.19,15.0,12.6,LS,1,1.0,0.04682,0.05579,0.06818,0.12551,0.13913,0.09806,15.68
525,E41,LAGO MAYOR,2019-07-13,-15.4395,-69.6006,9.5,0.52,10.25,13.1,LS,1,1.0,0.02574,0.02035,0.01265,0.04345,0.03175,0.01322,13.75
526,E42,LAGO MAYOR,2019-07-13,-15.4967,-69.6687,10.0,0.59,4.75,13.8,LS,1,1.0,0.02708,0.02136,0.01342,0.04401,0.03198,0.01344,13.64
527,E43,LAGO MAYOR,2019-07-13,-15.5603,-69.7413,12.0,1.53,11.25,13.8,LS,1,1.0,0.02716,0.02131,0.01309,0.04356,0.03169,0.01317,13.26
528,E22,LAGO MAYOR,2019-07-13,-15.62,-69.8133,6.0,1.03,4.25,13.4,LS,1,1.0,0.02303,0.01994,0.01262,0.04432,0.03338,0.01483,15.04
529,E48,LAGO MAYOR,2019-07-14,-15.5266,-69.3605,,1.11,6.5,13.1,LS,0,,,,,,,,
530,E49,LAGO MAYOR,2019-07-14,-15.6063,-69.4449,12.0,0.52,10.0,13.4,LS,1,1.0,0.02832,0.02194,0.01466,0.04469,0.03207,0.01331,13.48
531,E50,LAGO MAYOR,2019-07-14,-15.6685,-69.521,12.0,0.59,16.25,14.0,LS,1,1.0,0.02747,0.02286,0.01428,0.04451,0.03362,0.01506,13.26
532,E51,LAGO MAYOR,2019-07-14,-15.7371,-69.6037,11.0,0.6,9.5,14.0,LS,0,,,,,,,,
533,E52,LAGO MAYOR,2019-07-14,-15.8017,-69.6838,10.0,1.53,10.25,13.1,LS,1,1.0,0.08148,0.0795,0.07535,0.10666,0.11315,0.0799,7.53
534,E53,LAGO MAYOR,2019-07-14,-15.8703,-69.7694,9.0,0.6,5.5,13.3,LS,1,1.0,0.04598,0.0592,0.06071,0.10281,0.11799,0.09384,7.45
535,E58,LAGO MAYOR,2019-07-16,-15.9513,-69.5449,,1.19,10.75,12.9,LS,1,1.0,0.02619,0.02264,0.01396,0.0444,0.03373,0.01509,13.45
536,E59,LAGO MAYOR,2019-07-15,-15.8874,-69.4614,11.0,0.24,13.25,13.6,LS,1,1.0,0.02921,0.02454,0.01542,0.04486,0.03361,0.01458,13.27
537,E60,LAGO MAYOR,2019-07-15,-15.8267,-69.3764,11.0,0.95,8.75,13.6,LS,1,1.0,0.02804,0.02321,0.01461,0.04425,0.0331,0.01438,13.38
538,E61,LAGO MAYOR,2019-07-15,-15.7589,-69.3042,11.0,1.02,10.75,13.2,LS,1,1.0,0.02159,0.01818,0.01056,0.04143,0.03174,0.01353,13.65
539,E65,LAGO MAYOR,2019-07-15,-15.6905,-69.2308,,1.1,8.75,12.7,LS,0,,,,,,,,
540,E72,LAGO MAYOR,2019-07-15,-15.6931,-69.1707,6.0,0.68,20.5,11.7,LS,1,1.0,0.0341,0.03851,0.02414,0.05132,0.03631,0.01609,13.47
541,E76,LAGO MAYOR,2019-07-19,-15.8077,-69.0414,9.9,1.1,11.5,12.6,LS,1,1.0,0.02212,0.01947,0.01157,0.04328,0.03265,0.01416,14.38
542,E78,LAGO MAYOR,2019-07-19,-15.8894,-69.1325,12.0,1.1,11.5,13.5,LS,1,1.0,0.02872,0.02255,0.01481,0.0445,0.03221,0.0134,13.88
543,E79,LAGO MAYOR,2019-07-19,-15.9605,-69.2275,9.0,0.51,6.75,12.5,LS,0,,,,,,,,
544,E80,LAGO MAYOR,2019-07-16,-16.0317,-69.3194,11.0,1.02,6.25,13.7,LS,0,,,,,,,,
545,E82,LAGO MAYOR,2019-07-16,-16.1121,-69.4175,9.0,0.08,6.25,13.8,LS,1,1.0,0.02478,0.0205,0.01193,0.04285,0.03222,0.01383,13.44
546,E83,LAGO MAYOR,2019-07-16,-16.1849,-69.5079,10.0,0.51,3.0,13.0,LS,1,1.0,0.02229,0.01974,0.01218,0.04435,0.034,0.01534,14.37
547,E88,LAGO MAYOR,2019-07-17,-16.2031,-69.3822,11.0,2.21,1.0,13.0,LS,1,1.0,0.02446,0.02097,0.01267,0.04353,0.0328,0.01387,13.93
548,E94,LAGO MAYOR,2019-07-17,-16.2545,-69.2917,8.0,1.02,0.75,13.1,LS,1,1.0,0.02175,0.01935,0.01143,0.04308,0.03293,0.01442,14.43
549,E97,LAGO MAYOR,2019-07-17,-16.1754,-69.1951,10.0,0.95,3.75,13.0,LS,1,1.0,0.02573,0.02192,0.01352,0.04389,0.03284,0.01434,13.92
550,E98,LAGO MAYOR,2019-07-18,-16.1034,-69.1089,7.0,0.51,1.75,13.0,LS,1,1.0,0.02537,0.02042,0.01296,0.04395,0.03241,0.01378,14.35
551,E99,LAGO MAYOR,2019-07-20,-16.0824,-69.0817,13.0,2.64,3.5,13.2,LS,1,1.0,0.02806,0.02486,0.0171,0.04773,0.03645,0.01785,15.82
552,E100,LAGO MAYOR,2019-07-20,-16.005,-68.9964,11.0,1.1,5.25,12.4,LS,1,1.0,0.02278,0.01794,0.01128,0.04269,0.03267,0.014,13.85
553,E103,LAGO MAYOR,2019-07-20,-15.9398,-68.9,,1.62,5.75,12.3,LS,1,2.0,0.02567,0.02547,0.0176,0.0461,0.0337,0.01473,13.41
554,E104,LAGO MAYOR,2019-07-20,-16.0384,-68.8577,10.0,1.02,5.75,12.4,LS,1,2.0,0.02892,0.02684,0.01398,0.04427,0.03297,0.01429,13.29
555,E105,LAGO MAYOR,2019-07-20,-15.9864,-68.8016,,1.53,8.5,12.5,LS,1,2.0,0.02905,0.03558,0.02242,0.04524,0.03361,0.01455,12.04
556,E113,LAGO MAYOR,2019-07-17,-16.2298,-69.1135,9.0,0.67,1.25,13.8,LS,1,1.0,0.02365,0.02144,0.01357,0.04413,0.03328,0.01464,14.43
557,E117,LAGO MAYOR,2019-07-18,-16.1686,-69.0979,10.0,0.59,5.0,13.6,LS,1,1.0,0.02374,0.02048,0.01265,0.04416,0.03305,0.01443,14.62
558,E120,LAGO MAYOR,2019-07-20,-16.1262,-68.9334,11.5,1.19,11.5,13.6,LS,1,2.0,0.02293,0.01795,0.01273,0.04437,0.03206,0.01315,13.32
559,E121,LAGO MAYOR,2019-07-21,-16.2077,-68.8626,11.0,0.59,10.75,12.6,LS,1,2.0,0.02311,0.01958,0.01433,0.04597,0.03309,0.01384,13.73
560,E122,LAGO MENOR,2019-07-21,-16.2281,-68.8351,11.0,1.19,3.75,12.7,LS,1,2.0,0.02339,0.0201,0.01357,0.04516,0.03289,0.01372,13.5
561,E123,LAGO MENOR,2019-07-21,-16.1922,-68.7968,9.0,1.1,5.5,12.4,LS,1,2.0,0.02191,0.01876,0.01356,0.04535,0.03287,0.01382,12.89
562,E125,LAGO MENOR,2019-07-21,-16.2132,-68.7325,8.5,1.19,1.0,12.4,LS,1,1.0,0.0212,0.01854,0.01462,0.04656,0.03309,0.0138,11.87
563,E127,LAGO MENOR,2019-07-21,-16.2173,-68.6217,,2.37,0.25,10.7,LS,1,1.0,0.02413,0.02911,0.01723,0.04782,0.03345,0.01406,9.87
564,E126,LAGO MENOR,2019-07-21,-16.2684,-68.7153,,1.11,0.5,11.0,LS,1,1.0,0.02373,0.02393,0.01469,0.04601,0.03242,0.01303,10.72
565,E124,LAGO MENOR,2019-07-21,-16.2631,-68.6226,,1.19,0.75,11.7,LS,1,1.0,0.02497,0.03208,0.01649,0.04679,0.03248,0.0133,9.12
566,E132,LAGO MENOR,2019-07-21,-16.315,-68.8479,7.0,1.7,2.75,11.4,LS,1,2.0,0.0249,0.02646,0.01388,0.04422,0.03239,0.0137,11.9
567,E129,LAGO MENOR,2019-07-22,-16.33,-68.7973,,0.51,2.5,10.4,LS,1,2.0,0.02459,0.03775,0.01617,0.04349,0.03173,0.01284,10.55
568,E130,LAGO MENOR,2019-07-22,-16.2142,-68.9393,10.0,1.27,3.25,11.6,LS,1,2.0,0.02338,0.02358,0.01515,0.04511,0.0324,0.01342,11.97
569,E135,LAGO MENOR,2019-07-22,-16.2802,-69.0344,,2.21,1.0,11.5,LS,1,1.0,0.02438,0.03246,0.01691,0.04428,0.03327,0.01456,12.56
570,E136,LAGO MENOR,2019-07-22,-16.3034,-68.9854,6.5,0.59,7.0,11.7,LS,1,3.0,0.02626,0.02479,0.0162,0.04553,0.03239,0.01299,10.8
571,E137,LAGO MENOR,2019-07-22,-16.3655,-68.9025,5.0,1.19,3.0,11.7,LS,1,3.0,0.02478,0.02512,0.01529,0.04384,0.0319,0.01299,10.98
572,E138,LAGO MENOR,2019-07-23,-16.3921,-68.8399,,2.88,6.5,10.8,LS,1,4.0,0.02809,0.0366,0.01783,0.04398,0.03176,0.01278,9.93
573,E139,LAGO MENOR,2019-07-23,-16.4219,-68.9028,,2.29,8.25,11.9,LS,1,4.0,0.04019,0.04848,0.021,0.04376,0.03162,0.0128,11.05
574,E141,LAGO MENOR,2019-07-23,-16.376,-69.0078,10.0,0.51,1.5,11.4,LS,1,2.0,0.02498,0.02454,0.0142,0.04348,0.03181,0.01316,11.75
575,E142,LAGO MENOR,2019-07-23,-16.4489,-68.9969,11.0,1.03,6.75,10.8,LS,1,4.0,0.02569,0.02718,0.01541,0.04401,0.03161,0.01239,10.46
576,E145,LAGO MENOR,2019-07-23,-16.5179,-68.9781,6.0,3.99,3.0,11.1,LS,1,4.0,0.02761,0.0287,0.01532,0.04429,0.03136,0.0122,10.15
577,E144,LAGO MENOR,2019-07-24,-16.5161,-68.8866,,0.67,2.25,9.9,LS,1,4.0,0.02726,0.03365,0.01657,0.04493,0.03271,0.01372,9.42
578,E147,LAGO MENOR,2019-07-24,-16.559,-68.9174,5.5,2.21,6.5,10.4,LS,1,4.0,0.02541,0.02758,0.01562,0.04488,0.03206,0.01309,9.98
579,E150,LAGO MENOR,2019-07-24,-16.5583,-69.0356,,1.19,8.25,10.6,LS,1,4.0,0.02575,0.03077,0.02076,0.04567,0.03271,0.01412,10.11
580,E01,BAHIA PUNO,2022-08-12,-15.853,-69.9605,5.5,1.61,2.5,13.9,LS,1,2.0,0.02582,0.02491,0.01736,0.04754,0.03398,0.0145,13.82
581,E02,BAHIA PUNO,2022-08-12,-15.8461,-69.9271,8.0,3.07,1.0,13.5,LS,1,2.0,0.02321,0.0214,0.01369,0.04475,0.03235,0.01333,12.49
582,E04,BAHIA PUNO,2022-08-12,-15.8741,-69.8671,,1.53,10.75,13.8,LS,1,2.0,0.02963,0.03867,0.01848,0.04407,0.0319,0.01312,11.64
583,E05,BAHIA PUNO,2022-08-12,-15.84,-69.8923,8.5,0.95,1.25,13.6,LS,1,2.0,0.0236,0.01955,0.01253,0.04437,0.03208,0.01326,12.24
584,E06,BAHIA PUNO,2022-08-12,-15.8053,-69.9118,,1.1,1.0,13.1,LS,1,2.0,0.02358,0.02565,0.01365,0.04431,0.03193,0.01306,12.08
585,E08,BAHIA PUNO,2022-08-12,-15.7802,-69.8681,11.0,1.03,2.25,12.6,LS,1,2.0,0.02398,0.01849,0.01204,0.04385,0.03167,0.01296,12.14
586,E09,BAHIA PUNO,2022-08-12,-15.8342,-69.8592,,0.59,3.0,13.4,LS,1,2.0,0.02726,0.02968,0.01396,0.0441,0.032,0.01329,11.8
587,E25,LAGO MAYOR,2022-08-14,-15.4913,-69.893,,0.51,3.5,12.9,LS,1,2.0,0.02269,0.02065,0.01272,0.04516,0.03346,0.01463,13.0
588,E27,LAGO MAYOR,2022-08-14,-15.4437,-69.8425,,0.59,7.5,12.5,LS,1,2.0,0.0266,0.02388,0.0131,0.04421,0.03164,0.01267,11.87
589,E28,LAGO MAYOR,2022-08-14,-15.3928,-69.7822,10.0,1.02,2.5,13.2,LS,1,2.0,0.02672,0.02042,0.01238,0.04377,0.03149,0.01252,12.47
590,E32,LAGO MAYOR,2022-08-14,-15.3384,-69.7205,9.0,0.51,1.75,13.4,LS,1,2.0,0.03418,0.02917,0.01486,0.04424,0.03182,0.01295,12.3
591,E36,LAGO MAYOR,2022-08-14,-15.2971,-69.6814,9.0,0.51,2.25,13.0,LS,1,2.0,0.03279,0.0277,0.01445,0.04445,0.03186,0.013,12.34
592,E39,LAGO MAYOR,2022-08-15,-15.3748,-69.5276,7.0,1.62,1.25,12.3,LS,1,2.0,0.03007,0.03294,0.01693,0.04537,0.03385,0.01495,13.37
593,341,LAGO MAYOR,2022-08-15,-15.4392,-69.6009,14.0,0.51,1.5,13.1,LS,1,2.0,0.02469,0.01776,0.01154,0.04344,0.0316,0.01281,12.28
594,E42,LAGO MAYOR,2022-08-15,-15.4967,-69.6685,16.0,0.94,5.5,12.9,LS,1,2.0,0.02574,0.01856,0.01225,0.04394,0.03181,0.01314,12.21
595,E43,LAGO MAYOR,2022-08-15,-15.5603,-69.7411,14.0,0.51,0.75,13.1,LS,1,2.0,0.02381,0.01756,0.01162,0.04486,0.03359,0.01527,11.24
596,E22,LAGO MAYOR,2022-08-15,-15.6181,-69.807,14.0,0.51,1.0,13.3,LS,1,2.0,0.02454,0.01878,0.01244,0.04418,0.03206,0.01321,12.63
597,E48,LAGO MAYOR,2022-08-16,-15.5361,-69.3597,8.0,0.94,1.0,13.8,LS,1,3.0,0.02292,0.01828,0.01262,0.04496,0.03527,0.01666,12.56
598,E49,LAGO MAYOR,2022-08-16,-15.6063,-69.4449,15.0,0.51,6.5,13.0,LS,1,3.0,0.02354,0.01804,0.01238,0.04426,0.03349,0.01515,12.18
599,E50,LAGO MAYOR,2022-08-16,-15.6687,-69.5211,16.0,0.59,9.0,12.6,LS,1,3.0,0.02374,0.01768,0.01204,0.04423,0.03342,0.01481,12.23
600,E51,LAGO MAYOR,2022-08-17,-15.7371,-69.6038,12.0,1.02,1.5,13.0,LS,1,3.0,0.02467,0.01781,0.01201,0.04362,0.03168,0.0131,12.21
601,E52,LAGO MAYOR,2022-08-17,-15.8028,-69.6843,9.0,0.51,11.0,12.9,LS,1,3.0,0.02588,0.01904,0.01266,0.04447,0.03167,0.01291,12.29
602,E53,LAGO MAYOR,2022-08-17,-15.8686,-69.7634,11.0,0.51,4.5,13.0,LS,1,3.0,0.02433,0.01893,0.01233,0.04457,0.03272,0.01402,12.98
603,E58,LAGO MAYOR,2022-08-18,-15.9519,-69.5453,11.0,1.1,3.25,12.3,LS,1,3.0,0.02341,0.02117,0.0132,0.04411,0.03258,0.01404,12.28
604,E59,LAGO MAYOR,2022-08-18,-15.8876,-69.4615,15.0,0.51,1.5,12.8,LS,1,3.0,0.02409,0.01769,0.01232,0.04404,0.03211,0.01341,12.18
605,E60,LAGO MAYOR,2022-08-18,-15.8271,-69.3776,16.5,0.43,1.5,12.8,LS,1,3.0,0.02427,0.01866,0.0124,0.04439,0.03296,0.0143,12.21
606,E61,LAGO MAYOR,2022-08-18,-15.7585,-69.3045,15.0,0.51,3.75,13.5,LS,1,3.0,0.02439,0.01841,0.01288,0.04522,0.0343,0.01572,12.19
607,E65,LAGO MAYOR,2022-08-18,-15.6901,-69.2315,,1.02,5.5,13.4,LS,1,3.0,0.02356,0.02311,0.01327,0.04504,0.03359,0.01469,12.44
608,E72,LAGO MAYOR,2022-08-19,-15.6921,-69.1709,5.0,1.62,18.0,12.5,LS,1,3.0,0.02998,0.03036,0.01816,0.04736,0.0347,0.01518,13.28
609,E76,LAGO MAYOR,2022-08-19,-15.8125,-69.0449,10.0,0.95,0.75,13.0,LS,1,3.0,0.02302,0.01849,0.01343,0.04543,0.03334,0.01434,12.79
610,E78,LAGO MAYOR,2022-08-19,-15.8903,-69.1327,14.0,0.51,1.25,13.4,LS,1,3.0,0.02444,0.01766,0.01265,0.04469,0.03242,0.01371,12.32
611,E79,LAGO MAYOR,2022-08-19,-15.96,-69.2272,14.0,0.51,0.75,12.8,LS,1,3.0,0.02335,0.01738,0.01188,0.04391,0.03253,0.01409,12.45
612,E80,LAGO MAYOR,2022-08-20,-16.0316,-69.3198,15.0,0.51,0.0,12.3,LS,1,2.0,0.02352,0.01761,0.01247,0.04456,0.03323,0.01438,12.44
613,E82,LAGO MAYOR,2022-08-20,-16.1109,-69.4173,15.0,0.51,1.75,12.8,LS,1,2.0,0.0234,0.01815,0.01271,0.04488,0.03273,0.01416,12.48
614,E83,LAGO MAYOR,2022-08-20,-16.1837,-69.5067,16.0,0.95,1.0,13.7,LS,1,2.0,0.02939,0.0245,0.01847,0.0496,0.03557,0.01589,13.34
615,E88,LAGO MAYOR,2022-08-20,-16.2064,-69.3781,14.0,0.59,0.75,13.3,LS,1,2.0,0.02656,0.02152,0.01602,0.04745,0.03475,0.0156,12.71
616,E94,LAGO MAYOR,2022-08-20,-16.251,-69.2884,15.0,0.95,4.5,13.5,LS,1,2.0,0.02448,0.02012,0.01505,0.0484,0.03605,0.01593,13.01
617,E97,LAGO MAYOR,2022-08-21,-16.1757,-69.1958,16.0,0.95,6.75,12.9,LS,1,2.0,0.02136,0.01645,0.0121,0.04425,0.03259,0.01396,12.66
618,E98,LAGO MAYOR,2022-08-22,-16.1056,-69.1103,15.0,0.51,10.0,12.6,LS,1,2.0,0.02616,0.01983,0.01552,0.04695,0.03392,0.01476,13.19
619,E99,LAGO MAYOR,2022-08-22,-16.0745,-69.0742,15.0,0.51,10.0,13.0,LS,1,2.0,0.02429,0.01964,0.01493,0.04703,0.03585,0.0171,13.13
620,E100,LAGO MAYOR,2022-08-22,-16.0055,-68.9959,13.0,0.52,8.75,12.7,LS,1,2.0,0.02221,0.01779,0.01292,0.04511,0.03391,0.01525,12.68
621,E103,LAGO MAYOR,2022-08-22,-15.9394,-68.9017,10.0,0.51,5.5,13.0,LS,1,4.0,0.02301,0.02021,0.01477,0.04665,0.03339,0.01408,13.39
622,E104,LAGO MAYOR,2022-08-22,-16.0297,-68.8837,13.0,0.95,13.18,12.9,LS,1,4.0,0.02306,0.01772,0.01339,0.04565,0.03234,0.01321,12.7
623,E105,LAGO MAYOR,2022-08-22,-15.9864,-68.8016,,0.59,6.2,13.6,LS,1,4.0,0.02211,0.02299,0.01728,0.04684,0.03252,0.01333,12.07
624,E113,LAGO MAYOR,2022-08-21,-16.2174,-69.1367,14.0,0.43,11.39,13.8,LS,1,2.0,0.02288,0.01843,0.01361,0.04589,0.03465,0.01574,13.01
625,E117,LAGO MAYOR,2022-08-21,-16.1653,-69.1027,14.0,0.51,6.91,13.6,LS,1,2.0,0.02315,0.01813,0.01321,0.04545,0.03315,0.01407,13.51
626,E120,LAGO MAYOR,2022-08-22,-16.1264,-68.9337,14.0,1.02,12.32,13.1,LS,1,4.0,0.02354,0.01905,0.0146,0.04655,0.03359,0.01453,12.83
627,E121,LAGO MAYOR,2022-08-23,-16.2068,-68.8643,11.0,0.95,7.62,12.5,LS,1,4.0,0.0225,0.01857,0.01407,0.04673,0.03339,0.0142,13.37
628,E122,LAGO MENOR,2022-08-23,-16.2276,-68.8361,10.0,1.02,4.14,12.5,LS,1,4.0,0.02307,0.01903,0.01421,0.04648,0.0336,0.01441,13.56
629,E123,LAGO MENOR,2022-08-23,-16.1925,-68.797,6.0,1.78,12.25,12.1,LS,1,4.0,0.0243,0.02883,0.01478,0.04543,0.03259,0.0136,12.55
630,E125,LAGO MENOR,2022-08-23,-16.2626,-68.7843,8.0,1.53,13.0,12.4,LS,1,4.0,0.02838,0.04864,0.02081,0.04499,0.03154,0.01263,11.93
631,E127,LAGO MENOR,2022-08-23,-16.2135,-68.733,,2.05,14.25,12.0,LS,1,2.0,0.02585,0.03235,0.01772,0.04705,0.03277,0.01286,12.71
632,E124,LAGO MENOR,2022-08-23,-16.218,-68.6226,,4.58,12.25,12.9,LS,1,2.0,0.0283,0.04467,0.02235,0.04711,0.03248,0.01313,12.07
633,E132,LAGO MENOR,2022-08-23,-16.3339,-68.7808,4.0,1.53,12.75,13.5,LS,1,2.0,0.02602,0.04375,0.02014,0.04489,0.03189,0.01262,11.92
634,E129,LAGO MENOR,2022-08-24,-16.217,-68.9353,,1.46,16.25,11.4,LS,1,5.0,0.02297,0.02425,0.01617,0.04607,0.03238,0.01361,12.22
635,E130,LAGO MENOR,2022-08-23,-16.3144,-68.8451,5.5,1.19,17.0,13.1,LS,1,4.0,0.02607,0.03212,0.01605,0.04512,0.03223,0.01315,12.86
636,E136,LAGO MENOR,2022-08-24,-16.2659,-69.0601,5.5,1.7,14.25,12.2,LS,1,3.0,0.02374,0.0255,0.01824,0.04855,0.03646,0.01729,12.28
637,E135,LAGO MENOR,2022-08-24,-16.3028,-68.9852,11.0,1.19,16.75,12.6,LS,1,5.0,0.02365,0.02464,0.01647,0.04636,0.03219,0.0128,11.7
638,E137,LAGO MENOR,2022-08-24,-16.4011,-68.8334,5.0,1.02,11.25,12.0,LS,1,7.0,0.02632,0.03846,0.01942,0.04468,0.03163,0.01278,12.41
639,E138,LAGO MENOR,2022-08-24,-16.3653,-68.9031,,1.02,18.25,12.2,LS,1,7.0,0.0239,0.02454,0.01456,0.04391,0.03151,0.01263,11.88
640,E141,LAGO MENOR,2022-08-24,-16.3764,-69.0073,5.0,1.7,11.0,12.8,LS,1,7.0,0.0246,0.02633,0.0157,0.04442,0.03179,0.01333,11.66
641,E142,LAGO MENOR,2022-08-24,-16.4515,-68.998,5.0,1.18,17.0,13.1,LS,1,7.0,0.02626,0.02739,0.01656,0.04474,0.03178,0.01309,11.81
642,E148,LAGO MENOR,2022-08-24,-16.5187,-68.8773,,0.95,31.75,13.1,LS,1,7.0,0.02528,0.03447,0.01729,0.04457,0.03178,0.01322,11.27
643,E145,LAGO MENOR,2022-08-24,-16.5139,-68.977,5.5,1.62,26.0,13.2,LS,1,7.0,0.02588,0.02869,0.01572,0.04453,0.03173,0.013,11.79
644,E144,LAGO MENOR,2022-08-25,-16.56,-68.9168,,1.7,17.25,12.3,LS,1,9.0,0.02567,0.02853,0.01593,0.04563,0.03183,0.01281,11.48
645,E147,LAGO MENOR,2022-08-24,-16.493,-69.0596,5.0,1.78,14.75,12.4,LS,1,7.0,0.02665,0.0356,0.01883,0.04493,0.0321,0.01327,12.05
646,E150,LAGO MENOR,2022-08-25,-16.5583,-69.0356,,2.2,19.5,12.3,LS,1,9.0,0.02868,0.03316,0.02146,0.04742,0.03429,0.01487,12.72
647,E01,BAHIA PUNO,2024-08-21,-15.853,-69.9605,6.0,2.64,0.5,13.4,LS,1,3.0,0.02767,0.02799,0.01668,0.04648,0.03438,0.01546,16.1
648,E02,BAHIA PUNO,2024-08-21,-15.8461,-69.9271,9.0,2.05,1.5,13.0,LS,1,3.0,0.02774,0.0244,0.01343,0.04409,0.03171,0.01263,13.52
649,E03,BAHIA PUNO,2024-08-21,-15.8653,-69.8942,8.0,1.02,7.75,13.9,LS,1,3.0,0.02631,0.0227,0.01316,0.04395,0.03131,0.01251,13.57
650,E04,BAHIA PUNO,2024-08-21,-15.8741,-69.8671,,2.04,7.0,13.9,LS,1,3.0,0.02526,0.03485,0.02212,0.04354,0.03154,0.01271,13.51
651,E05,BAHIA PUNO,2024-08-21,-15.84,-69.8923,10.0,2.55,2.5,13.4,LS,1,3.0,0.02668,0.02113,0.01282,0.04383,0.03122,0.01242,13.25
652,E06,BAHIA PUNO,2024-08-21,-15.8053,-69.9118,,2.55,0.75,13.6,LS,1,3.0,0.03726,0.04084,0.01778,0.04375,0.03182,0.0128,13.15
653,E08,BAHIA PUNO,2024-08-21,-15.7802,-69.8681,9.0,1.45,5.75,13.3,LS,1,3.0,0.02676,0.02071,0.0127,0.04377,0.03121,0.0129,13.48
654,E09,BAHIA PUNO,2024-08-21,-15.8342,-69.8592,,2.04,4.25,13.4,LS,1,3.0,0.02905,0.03158,0.01486,0.04386,0.03143,0.01258,13.55
655,E15,LAGO MAYOR,2024-08-21,-15.715,-69.8226,9.0,1.53,1.25,13.3,LS,1,3.0,0.02541,0.02217,0.01346,0.04422,0.03186,0.01303,13.55
656,E16,LAGO MAYOR,2024-08-21,-15.6737,-69.8541,6.0,1.62,2.25,13.5,LS,1,3.0,0.02219,0.02187,0.01324,0.04406,0.03224,0.01368,14.73
657,E22,LAGO MAYOR,2024-08-22,-15.6181,-69.807,14.0,1.02,1.5,13.5,LS,1,3.0,0.02607,0.02064,0.01325,0.04434,0.03199,0.01333,14.3
658,E25,LAGO MAYOR,2024-08-22,-15.4913,-69.893,,1.53,2.0,13.5,LS,1,3.0,0.02321,0.02178,0.01223,0.04402,0.03295,0.01432,14.87
659,E27,LAGO MAYOR,2024-08-22,-15.4437,-69.8425,4.0,1.61,15.25,13.6,LS,1,3.0,0.03529,0.04041,0.01624,0.04356,0.03173,0.01272,12.68
660,E28,LAGO MAYOR,2024-08-22,-15.3928,-69.7822,9.0,3.58,8.5,13.6,LS,1,3.0,0.02757,0.02153,0.01226,0.04355,0.0313,0.01244,13.62
661,E32,LAGO MAYOR,2024-08-22,-15.3384,-69.7205,12.5,1.62,6.0,13.7,LS,1,3.0,0.02878,0.02227,0.01354,0.04428,0.03132,0.01251,13.36
662,E36,LAGO MAYOR,2024-08-22,-15.2971,-69.6814,11.5,2.13,2.75,14.0,LS,1,3.0,0.02577,0.01983,0.01208,0.04334,0.03133,0.01265,13.45
663,E36B,LAGO MAYOR,2024-08-22,-15.2621,-69.7034,13.0,1.53,6.25,13.9,LS,1,6.0,0.02505,0.01924,0.01237,0.04381,0.03148,0.01274,13.96
664,E39,LAGO MAYOR,2024-08-23,-15.3748,-69.5276,8.0,2.12,4.5,12.7,LS,1,3.0,0.02683,0.02722,0.01321,0.0441,0.03349,0.01506,14.75
665,E41,LAGO MAYOR,2024-08-23,-15.4392,-69.6009,10.5,2.98,3.75,13.0,LS,1,3.0,0.02611,0.01936,0.01313,0.0444,0.03175,0.01287,13.44
666,E42,LAGO MAYOR,2024-08-23,-15.4967,-69.6685,10.0,1.45,6.25,14.4,LS,1,3.0,0.02621,0.01952,0.01287,0.04409,0.032,0.0133,13.39
667,E43,LAGO MAYOR,2024-08-23,-15.5603,-69.7411,12.5,0.94,7.0,13.9,LS,1,3.0,0.02707,0.01988,0.01333,0.04434,0.03196,0.01299,12.89
668,E48,LAGO MAYOR,2024-08-24,-15.5361,-69.3597,9.0,0.43,6.11,13.5,LS,1,3.0,0.02328,0.01881,0.01247,0.04449,0.03312,0.01422,13.92
669,E49,LAGO MAYOR,2024-08-24,-15.6063,-69.4449,11.0,1.45,1.0,13.8,LS,1,3.0,0.02508,0.01886,0.01252,0.04407,0.03326,0.01477,13.26
670,E50,LAGO MAYOR,2024-08-24,-15.6687,-69.5211,12.0,1.61,3.75,13.7,LS,1,3.0,0.0256,0.01919,0.01265,0.0439,0.03198,0.01336,13.37
671,E51,LAGO MAYOR,2024-08-24,-15.7371,-69.6038,11.5,0.51,7.5,13.1,LS,1,3.0,0.02569,0.01959,0.01314,0.04402,0.03275,0.01397,13.26
672,E52,LAGO MAYOR,2024-08-24,-15.8028,-69.6843,11.0,1.1,6.25,12.9,LS,1,3.0,0.02508,0.01935,0.01236,0.04358,0.03215,0.0136,13.39
673,E53,LAGO MAYOR,2024-08-24,-15.8686,-69.7634,9.0,2.15,3.25,12.6,LS,1,3.0,0.02941,0.02432,0.01377,0.04405,0.03234,0.01384,13.58
674,E58,LAGO MAYOR,2024-08-26,-15.9519,-69.5453,9.0,1.1,1.0,14.2,LS,1,2.0,0.02784,0.02685,0.01412,0.04318,0.03166,0.01297,13.37
675,E59,LAGO MAYOR,2024-08-26,-15.8876,-69.4615,10.5,1.62,4.75,13.4,LS,1,2.0,0.0261,0.02038,0.01302,0.04382,0.03203,0.01328,12.96
676,E60,LAGO MAYOR,2024-08-25,-15.8271,-69.3776,12.0,0.51,1.75,14.3,LS,1,2.0,0.02307,0.01925,0.01222,0.04414,0.03432,0.01584,12.9
677,E61,LAGO MAYOR,2024-08-25,-15.7585,-69.3045,12.0,1.53,2.0,13.8,LS,1,2.0,0.02491,0.02045,0.01322,0.04443,0.0335,0.01483,12.82
678,E65,LAGO MAYOR,2024-08-25,-15.6901,-69.2315,,1.61,2.0,13.5,LS,1,2.0,0.02179,0.02118,0.01248,0.04442,0.03327,0.01462,12.65
679,E72,LAGO MAYOR,2024-08-25,-15.6921,-69.1709,4.8,1.1,2.25,13.3,LS,1,2.0,0.04446,0.05031,0.03249,0.05676,0.04308,0.02285,14.47
680,E76,LAGO MAYOR,2024-08-25,-15.8125,-69.0449,12.0,1.53,2.0,14.1,LS,1,2.0,0.03205,0.02858,0.02239,0.05337,0.04109,0.02133,13.56
681,B03,LAGO MAYOR,2024-08-27,-15.9948,-69.427,11.0,1.02,3.25,13.1,LS,1,2.0,0.02695,0.02165,0.01332,0.04385,0.03164,0.01284,13.17
682,E78,LAGO MAYOR,2024-08-27,-15.8903,-69.1327,10.5,0.51,1.5,13.7,LS,1,2.0,0.02252,0.01892,0.01242,0.04465,0.03459,0.01627,13.12
683,E79,LAGO MAYOR,2024-08-27,-15.96,-69.2272,9.5,1.53,4.0,13.6,LS,1,2.0,0.02321,0.01987,0.01296,0.0446,0.03447,0.01586,12.96
684,E80,LAGO MAYOR,2024-08-27,-16.0316,-69.3198,15.0,1.53,11.5,13.3,LS,1,2.0,0.02535,0.01977,0.01273,0.04389,0.03252,0.01371,13.07
685,E82,LAGO MAYOR,2024-08-28,-16.1109,-69.4173,9.0,1.97,1.5,13.9,LS,1,2.0,0.02494,0.02068,0.0131,0.04455,0.03311,0.01449,12.65
686,E83,LAGO MAYOR,2024-08-28,-16.1837,-69.5067,8.5,2.56,1.0,14.6,LS,1,2.0,0.02558,0.02257,0.01257,0.04354,0.03204,0.01335,13.89
687,E88,LAGO MAYOR,2024-08-29,-16.2064,-69.3781,9.5,1.53,8.0,13.3,LS,1,3.0,0.02668,0.02223,0.01355,0.04471,0.03226,0.0136,13.89
688,E94,LAGO MAYOR,2024-08-29,-16.251,-69.2884,9.5,1.53,1.5,13.9,LS,1,3.0,0.02614,0.02314,0.01396,0.04684,0.03578,0.01604,14.52
689,E97,LAGO MAYOR,2024-08-29,-16.1757,-69.1958,13.5,1.02,9.0,14.0,LS,1,3.0,0.0257,0.02032,0.01299,0.0446,0.03206,0.01324,14.33
690,E98,LAGO MAYOR,2024-08-29,-16.1056,-69.1103,13.0,1.1,1.75,14.1,LS,1,3.0,0.0242,0.01899,0.01218,0.04411,0.03335,0.01466,14.04
691,E99,LAGO MAYOR,2024-08-30,-16.0745,-69.0742,9.5,1.1,10.25,13.0,LS,1,3.0,0.02632,0.0216,0.01335,0.0441,0.0325,0.01371,13.51
692,E100,LAGO MAYOR,2024-08-30,-16.0055,-68.9959,11.0,1.18,1.0,12.8,LS,1,3.0,0.02529,0.02081,0.01354,0.04511,0.03442,0.01583,13.19
693,E103,LAGO MAYOR,2024-08-30,-15.9394,-68.9017,11.0,1.45,0.25,13.7,LS,1,6.0,0.02448,0.02374,0.01696,0.04886,0.0353,0.01589,14.07
694,E105,LAGO MAYOR,2024-08-30,-15.9864,-68.8016,8.5,2.72,1.75,12.9,LS,1,6.0,0.02652,0.03258,0.01988,0.04473,0.03291,0.01401,12.37
695,E113,LAGO MAYOR,2024-08-29,-16.2174,-69.1367,13.5,0.94,0.5,14.7,LS,1,3.0,0.02463,0.01966,0.01202,0.04405,0.03252,0.01363,14.43
696,E117,LAGO MAYOR,2024-08-29,-16.1653,-69.1027,12.0,1.02,6.0,14.2,LS,1,3.0,0.02497,0.02011,0.01311,0.04424,0.03233,0.01364,14.29
697,E120,LAGO MAYOR,2024-08-30,-16.1264,-68.9337,10.5,2.05,1.25,14.0,LS,1,6.0,0.02385,0.01977,0.01308,0.04506,0.03288,0.01408,13.56
698,E121,LAGO MAYOR,2024-08-30,-16.2068,-68.8643,12.7,0.51,1.0,13.9,LS,1,6.0,0.02446,0.02089,0.01491,0.04695,0.0338,0.01447,14.47
699,E122,LAGO MENOR,2024-08-31,-16.2276,-68.8361,11.0,1.02,1.75,12.9,LS,1,6.0,0.02546,0.02276,0.01542,0.04715,0.03454,0.01529,14.8
700,E125,LAGO MENOR,2024-09-01,-16.2626,-68.7843,2.5,2.72,11.5,11.3,LS,1,5.0,0.03769,0.06512,0.02591,0.04405,0.03177,0.01334,12.42
701,P02,LAGO MENOR,2024-09-01,-16.2135,-68.733,9.5,1.02,1.75,12.5,LS,1,3.0,0.0251,0.0261,0.01746,0.04858,0.03532,0.01553,12.44
702,P03,LAGO MENOR,2024-09-01,-16.2158,-68.6912,3.5,3.24,5.5,11.2,LS,1,3.0,0.03162,0.04743,0.02507,0.05112,0.03591,0.01572,13.03
703,P04,LAGO MENOR,2024-09-01,-16.2544,-68.6012,1.5,1.7,16.25,11.5,LS,1,3.0,0.02568,0.04172,0.02456,0.04651,0.03271,0.01346,11.46
704,E127,LAGO MENOR,2024-09-01,-16.218,-68.6226,2.0,2.13,12.5,12.2,LS,1,3.0,0.03687,0.05924,0.02497,0.04631,0.03267,0.0135,12.05
705,E129,LAGO MENOR,2024-08-31,-16.3339,-68.7808,4.5,2.05,1.0,12.4,LS,1,4.0,0.02894,0.04519,0.02647,0.04524,0.03224,0.01312,13.1
706,E135,LAGO MENOR,2024-08-31,-16.2659,-69.0601,4.0,2.2,4.5,13.3,LS,1,3.0,0.02436,0.02552,0.01645,0.0469,0.03507,0.0157,14.44
707,E138,LAGO MENOR,2024-08-31,-16.4011,-68.8334,4.5,1.1,2.25,12.5,LS,1,9.0,0.02779,0.04421,0.02291,0.04421,0.03157,0.01279,13.26
708,P15,LAGO MENOR,2024-08-31,-16.3119,-68.8495,4.0,1.62,3.5,13.7,LS,1,6.0,0.02809,0.03704,0.0198,0.04796,0.03519,0.01538,14.76
709,E141,LAGO MENOR,2024-08-31,-16.3764,-69.0073,,0.59,1.75,13.1,LS,1,9.0,0.02751,0.0287,0.0169,0.04485,0.03288,0.01422,13.07
710,E142,LAGO MENOR,2024-08-31,-16.4515,-68.998,4.0,1.62,9.25,13.1,LS,1,9.0,0.02615,0.03053,0.01593,0.04408,0.03237,0.01357,13.31
711,E145,LAGO MENOR,2024-09-02,-16.5139,-68.977,3.5,1.62,0.5,12.5,LS,1,8.0,0.0299,0.03376,0.01795,0.04461,0.03211,0.01305,13.68
712,E148,LAGO MENOR,2024-09-01,-16.493,-69.0596,,1.62,6.5,13.4,LS,1,9.0,0.02823,0.04178,0.02165,0.04452,0.03216,0.01335,13.87
713,P10,LAGO MENOR,2024-09-02,-16.5821,-68.8723,3.0,2.16,3.5,12.3,LS,1,8.0,0.02697,0.03552,0.01987,0.04605,0.03263,0.01368,14.17
714,P11,LAGO MENOR,2024-09-02,-16.5583,-69.0356,,3.75,4.0,13.3,LS,1,8.0,0.03144,0.03834,0.02934,0.0528,0.03591,0.01602,15.6
