observed,predicted_unbounded,predicted_bounded
5.0,8.78138190173791,8.641560280024615
11.0,8.781900443491072,8.789245271464623
11.0,8.782135714762292,8.840061688138777
9.4,8.782072523285231,8.827115346584476
10.3,8.78186553459817,8.781039675412995
5.0,8.781978340827772,8.806893782315338
13.0,8.781987982474105,8.809017974392587
12.0,8.78195490028509,8.801675462946092
5.8,8.781683494028256,8.734833090581485
8.2,8.78205289389032,8.822995290006961
5.5,8.78199990054447,8.811626131185685
4.7,8.781810155722898,8.767616122859815
9.8,8.782007607113623,8.813302429809312
6.5,8.782031974002653,8.81855080257912
7.4,8.781799582952562,8.764993944572351
9.5,8.781692369562872,8.737233036335581
9.0,8.781752925955391,8.753182372374196
9.3,8.78179789464435,8.764573402644057
10.0,8.781695729956398,8.738137405906775
10.5,8.781838197169268,8.774477333852678
10.0,8.78221659922865,8.85597037348406
10.0,8.78218499363172,8.84983883372707
8.0,8.78212433418846,8.837764817105464
9.5,8.782121098095153,8.837108963805376
9.0,8.781786616831726,8.761751196645642
9.0,8.781974375757112,8.806016492733233
6.5,8.781766451653601,8.756647660551577
8.0,8.781704420036071,8.740465348080923
5.4,8.781537931325945,8.692918896732522
7.0,8.781678495961033,8.733474326742973
6.0,8.781923507216074,8.794563422409817
6.0,8.781217863433183,8.577818968710561
6.0,8.78193687193709,8.79760875069218
6.0,8.781327247287694,8.621603803313562
11.0,8.782013858336448,8.814656340655008
9.0,8.782190710904171,8.850955884681921
10.0,8.782216895138864,8.856027282207288
7.0,8.782434066217027,8.895510261043828
13.0,8.782072470644959,8.827104361814373
11.0,8.782153046503373,8.843531251385384
10.0,8.781494379032097,8.679330887514682
10.0,8.782122403234798,8.837373620488577
11.5,8.782482591034796,8.90376372468101
12.0,8.782746303043073,8.945556948432765
9.0,8.782597748712071,8.922618115919194
11.0,8.782641579898984,8.92954065268885
14.0,8.782565967647923,8.917513459149017
4.0,8.781877051256648,8.783767974459314
9.0,8.7821854226453,8.849922777528944
12.5,8.782273283433414,8.866708374701517
11.5,8.782115615522757,8.835995037471445
13.0,8.782123111732492,8.837517207020614
12.0,8.782337096834278,8.878420445411942
12.0,8.782164081830734,8.845722772786745
4.8,8.781804386158601,8.766187628895025
12.0,8.782299263279707,8.87152333157396
2.5,8.781522988900855,8.688316556491362
9.5,8.781797666321538,8.764516490829008
3.5,8.781235074046318,8.58508837964086
1.5,8.780826931820409,8.348464233246775
2.0,8.781461818134984,8.668813263622415
6.5,8.78157947031245,8.705402324337914
8.0,8.781649260762187,8.725418909383633
8.5,8.781682052703232,8.734441796626358
8.0,8.782488627833896,8.904777263010978
9.5,8.782474253258112,8.902359110267708
9.0,8.7825903851131,8.921441858398639
12.2,8.781964863891469,8.803903004280897
9.5,8.782292005792874,8.870184830880316
6.5,8.78240409430001,8.890315156029663
7.0,8.782299461317432,8.87155978510602
8.0,8.78229380894943,8.870517859058646
8.0,8.78210719956522,8.834278262015053
9.0,8.782310356732525,8.873559599520151
9.0,8.782172810602724,8.847446674093973
7.0,8.781988806555027,8.809198938854582
9.0,8.78235090821562,8.880905289567247
8.0,8.781844184245191,8.775925049673585
10.0,8.782310658383787,8.873614806636649
9.0,8.78216690710152,8.846281672886919
9.0,8.782171930449216,8.847273226903939
9.0,8.782180574578259,8.848973010932788
10.0,8.782175927384479,8.848060199580814
9.0,8.78209496256259,8.831767063099486
10.0,8.782350190102655,8.880776519127082
10.0,8.782523922735509,8.910646046761697
9.0,8.782421507332682,8.893342621648086
8.0,8.782361503158581,8.882799750172614
9.5,8.782413466886862,8.891947892999879
9.5,8.782385184102136,8.88699794844506
10.0,8.782115593318848,8.835990519032404
9.0,8.782241641780914,8.860754456390572
4.5,8.781507967555452,8.68362769033217
5.0,8.781415951514115,8.653434980699148
5.0,8.781386072385548,8.64303686073919
8.0,8.781342716003028,8.627369979765787
5.0,8.781624248534083,8.718376464045992
6.0,8.781545319849846,8.695172299602147
6.0,8.781473841570502,8.672734202807428
6.0,8.78152981788631,8.690427475541789
5.0,8.781826298593185,8.771582338677788
11.0,8.78272402522402,8.942209319142659
11.0,8.782579870016194,8.919755436045309
9.4,8.782651059820168,8.931020397808586
10.3,8.78225702884868,8.86366227939554
5.0,8.782049426564914,8.822262504408481
13.0,8.782641389159876,8.929510816769213
12.0,8.78255532432949,8.915787486779049
5.8,8.781489997556799,8.677934022537624
8.2,8.782201764431768,8.853105605876111
5.5,8.782072081136373,8.827023070048782
4.7,8.781779570947428,8.759976409213168
9.8,8.782281894394583,8.868311528603952
6.5,8.782167945150901,8.846486800242502
7.4,8.781742217843094,8.750414433934736
9.5,8.782522292924371,8.910377161000246
9.0,8.782127196170503,8.838343838374504
9.3,8.782149094157749,8.842743037744969
10.0,8.782079759256048,8.8286220803325
10.5,8.781746811393225,8.751604499821877
10.0,8.781947595563476,8.800033367615887
10.0,8.782085728017481,8.82986012781744
8.0,8.78185427246477,8.778351033619135
9.5,8.78151213509682,8.684934926683589
9.0,8.781209263042394,8.574127851343507
9.0,8.780873037143486,8.385116680815115
6.5,8.780451431797873,7.156020935597648
8.0,8.781352370279464,8.63092054621041
5.4,8.781235061153762,8.585082991254607
7.0,8.780992793375825,8.465021793135085
6.0,8.781531687380106,8.691003131275302
6.0,8.781036210784869,8.489885859417475
6.0,8.781545248439972,8.695150590210284
6.0,8.781155898649384,8.550291711664869
5.5,8.781796942870386,8.76433610217113
7.0,8.7818551134657,8.778552520491852
6.5,8.78179768679476,8.76452159436769
9.0,8.78205981488452,8.82445344398966
10.0,8.781540672373715,8.69375658383272
7.0,8.782224271197286,8.857442883307584
13.0,8.782032883695766,8.81874523753735
11.0,8.782068160396737,8.826203754899147
10.0,8.781937474749727,8.797745490637203
10.0,8.781803857598925,8.766056470859453
11.5,8.782119559871221,8.836796787756743
12.0,8.782807720447645,8.954627129788879
9.0,8.782743421050355,8.945125637917988
11.0,8.782303617310738,8.872323931992218
14.0,8.782348904635159,8.880545895354699
4.0,8.781679925296343,8.733863442262619
9.0,8.78249748758054,8.90625955559246
12.5,8.78259320579134,8.921892890055378
11.5,8.782472337922254,8.902035661724424
13.0,8.782432657782703,8.895267824037619
12.0,8.781847388328117,8.776697374641927
12.0,8.782102334375956,8.833281994225795
4.8,8.781851290808493,8.777635756421965
12.0,8.78217092441799,8.847074869551484
2.5,8.781194813153299,8.567835435719815
9.5,8.781451675601664,8.66547089830995
3.5,8.781219480159388,8.578508426125744
1.5,8.780957195749506,8.443180508698163
2.0,8.781253102543658,8.59254185429023
11.0,8.69372829074119,8.742932500017528
12.0,8.693412663384704,8.667167832425841
9.0,8.69355019944375,8.70209745498676
12.0,8.693632329707356,8.721487719150362
9.8,8.693662123084636,8.728278941395043
9.0,8.693749449780574,8.74749936605301
10.0,8.693858394771802,8.770167723688099
10.0,8.693923404704586,8.783067301742943
12.8,8.693561224305288,8.70475991685765
5.8,8.693139817088753,8.586223493279189
10.0,8.693681300771997,8.73258571429824
8.0,8.693654980649361,8.726662127337878
9.0,8.693731545962867,8.743638742655664
10.0,8.69376959004026,8.75179500594014
10.0,8.69361475229553,8.717422106399686
10.0,8.693858394771802,8.770167723688099
10.0,8.693460144389908,8.679602421197503
11.0,8.693431643381446,8.672188691297531
6.0,8.693396424691077,8.662817323388586
11.0,8.693886414302876,8.77578210202711
15.0,8.694165480131684,8.827539270711531
16.5,8.694247023453855,8.841408570900562
15.0,8.694154823875152,8.825688466197452
15.0,8.694235597976332,8.839495755975499
15.0,8.694183295118515,8.830613239104299
16.0,8.693902671680233,8.779001443497844
14.0,8.694024041515705,8.802199184744628
15.0,8.693919794755779,8.782362538277594
11.0,8.693570518882957,8.706989778348406
10.0,8.693509064362795,8.691991327444603
6.0,8.693017360430272,8.54313810830235
8.0,8.692760427303451,8.431691640092547
4.0,8.692856003183204,8.477249998602746
5.5,8.693353507295283,8.651066322757114
6.0,8.69325361873569,8.622172409316768
9.0,8.69385946819462,8.770384369107317
8.0,8.693741425514872,8.745774023986284
10.0,8.69384435471491,8.767322445280884
9.0,8.694048611326977,8.806725563379075
9.0,8.693765914122928,8.751014664192166
6.0,8.69336163142267,8.653319647869438
9.0,8.693706737410693,8.73822228720944
10.5,8.693834425717029,8.765297137460017
11.0,8.694415091828967,8.868480009353874
4.5,8.692809411284447,8.455758856944405
4.0,8.693425499851255,8.670570969254705
4.5,8.692904357316666,8.498280149939964
4.0,8.692787242090981,8.445065316186712
4.0,8.693305727672508,8.637527957758453
5.0,8.693096401370527,8.571522572092919
7.0,8.691979186134764,4.990491657839282
8.5,8.69224960080238,7.9634008635589
6.5,8.692741514231328,8.421950533279864
8.0,8.692909371344326,8.500392559650173
9.0,8.693459042854448,8.679318630852276
5.5,8.693009169641151,8.540066295905
6.0,8.69218399623348,7.8035714933548235
6.3,8.693108340672593,8.575624573801814
6.0,8.69306976364706,8.562201171731438
6.0,8.69356087937862,8.704676907187144
7.0,8.693381230784743,8.658699793331445
10.0,8.69364070232185,8.723408765149607
10.5,8.694082204033414,8.812827195483328
10.0,8.693689890296893,8.734498644836862
10.0,8.693714453037437,8.739915290991297
10.5,8.693602610456423,8.714587533727524
11.0,8.693610464273329,8.716423513841724
10.0,8.693422052042921,8.669659977480372
11.0,8.693518599385445,8.694358549334856
9.5,8.693716166998627,8.740290335603074
11.0,8.692870784523123,8.4838093521814
9.0,8.693687871071091,8.734049835753165
10.0,8.693215688155622,8.610577382727536
8.0,8.692653889516667,8.37300805632486
5.0,8.692525494015577,8.286427952474854
5.5,8.691885054358423,4.990491657839282
6.5,8.692965328394834,8.523168568592888
6.0,8.692979101657182,8.528562242928144
5.0,8.693795598463101,8.757270077621538
6.0,8.69313358601506,8.584149558247988
6.0,8.693345747008799,8.64890098295317
6.0,8.693094760944755,8.570955354896942
8.0,8.693962633932735,8.790641650738781
12.0,8.693847700679786,8.768002487491612
9.0,8.693950552690403,8.7883252886702
5.5,8.693704236296,8.737671824201662
7.0,8.69389945832108,8.778367315177432
6.0,8.69321114997859,8.60916526396724
5.2,8.693329811446304,8.644414243562554
8.0,8.693621788830043,8.719054980223111
5.0,8.693587278309378,8.710976994774652
8.0,8.693622152497499,8.719139177025632
7.5,8.693589798185943,8.71157281085261
11.0,8.69382226123326,8.762800782809064
10.0,8.693742021145349,8.745902368439594
9.0,8.693735082009255,8.74440439917671
6.0,8.693056781606,8.557570622997575
4.0,8.693044760101404,8.553229646998426
4.0,8.693300311615769,8.635961450713872
5.0,8.693246811015989,8.620118111843041
12.0,8.693814672775444,8.76123501483703
9.0,8.693378299773597,8.657900182581146
12.0,8.693382973630044,8.659174440159248
9.8,8.693786308631882,8.755323667650414
9.0,8.693617840932676,8.71813972820004
10.0,8.693674791234804,8.73112943310307
10.0,8.693513185407513,8.693016298256412
12.8,8.693420331233137,8.669204457974715
5.8,8.69297373262704,8.526469211567683
10.0,8.693472295948109,8.682718691341705
8.0,8.693438675721016,8.674031810017924
9.0,8.69340371344968,8.664776393938828
10.0,8.693478646977756,8.684337036115267
10.0,8.693209938502362,8.608787375423251
8.0,8.693797986309026,8.757768745307109
7.0,8.693884890769539,8.775478982556946
7.5,8.693775130671511,8.752968123442372
7.0,8.693470574802106,8.682278894555349
8.5,8.693653912685884,8.72641977041439
10.0,8.694275127960585,8.846072843333031
11.0,8.694377821966347,8.86264203221508
8.0,8.69341299849319,8.667257074115748
10.0,8.693674791234804,8.73112943310307
9.0,8.693003180088882,8.537803503011087
9.0,8.6934078906091,8.665894464682337
7.5,8.69306990419636,8.562250984064638
7.0,8.692636267059129,8.362301009797642
6.0,8.692872396120983,8.484517373949076
8.0,8.692697806597359,8.398373158305974
5.0,8.692768514338535,8.435777597625119
10.0,8.69313415894026,8.584340740509802
11.0,8.693039448857848,8.551295173556094
6.0,8.693176452791386,8.598185296516345
11.0,8.693192683395727,8.603362423615264
15.0,8.694153329556595,8.82542820005978
16.5,8.693891936210207,8.776878677612338
15.0,8.694003888124113,8.798445231063305
15.0,8.693977512416295,8.79347480232369
15.0,8.693762942725556,8.750382686436268
16.0,8.693834728097286,8.765358979003553
14.0,8.693809390362786,8.760141178474424
15.0,8.69360573768577,8.71531967066942
11.0,8.693373493866547,8.656585320667567
10.0,8.6934485331283,8.676599992521954
6.0,8.692781689484747,8.442336499019746
8.0,8.69261662768151,8.34997702279302
4.0,8.692555091298717,8.308340474135711
5.5,8.692837713118347,8.468965305120538
6.0,8.693233367529363,8.616027365657878
9.0,8.693586228312927,8.710728444377562
8.0,8.693566994876322,8.706145909919886
10.0,8.693911913091695,8.780819190697038
9.0,8.694021667544295,8.801758933678869
9.0,8.693470900280563,8.6823621026864
6.0,8.692865579269967,8.48151302070236
9.0,8.693346135319933,8.64900963544111
10.5,8.693943367335521,8.786940804083102
11.0,8.693401758147662,8.66425186722594
4.5,8.692705568616509,8.402675085015597
4.0,8.692965698720979,8.523314641911352
4.5,8.692655230964336,8.373810086849394
4.0,8.692844823517948,8.472208650650623
4.0,8.692912112576874,8.501542256716968
9.2,8.59658842463896,8.577826092736975
10.2,8.59990419791452,8.593774166220628
14.2,8.586803799456309,8.526775877258517
10.5,8.575884245088826,8.461046461429062
5.3,8.579666783373176,8.485039220189373
10.6,8.610831681686353,8.642334230893095
6.6,8.593661777905163,8.563214050558916
6.0,8.580594185915146,8.490711189696587
10.3,8.591027298969426,8.549598516151699
7.0,8.595520972475239,8.572556837424093
10.8,8.5905161921692,8.546903603576611
8.4,8.56474883529693,8.38080563225904
13.0,8.565115440161453,8.38371854876411
14.0,8.61327777820046,8.652461375011105
12.0,8.61252869712246,8.649386448431057
9.0,8.612393118172898,8.64882744518351
9.9,8.588140632400663,8.534138891785949
12.0,8.627097586499868,8.7054306406809
9.0,8.622391200851848,8.688143525392015
10.0,8.594493291514091,8.567418963232216
6.5,8.594402505061879,8.566961959379514
5.0,8.585462784585305,8.519253622062802
5.5,8.585791859492906,8.521112435639534
8.0,8.605015602906324,8.617204379747877
8.5,8.62002378093123,8.679166637636657
11.0,8.626974750834204,8.70498850909239
7.0,8.59417803546047,8.56582981911447
14.0,8.647398221933502,8.77269946682044
16.0,8.645505219288882,8.76686746037359
14.0,8.642179261795233,8.756418506092967
14.0,8.63984378591983,8.748921128215686
15.0,8.630848489784698,8.71870918792715
15.0,8.620030849039063,8.679193731173347
13.0,8.622071937087044,8.686944241584616
10.0,8.612737288368155,8.650245009040393
13.0,8.618292600429168,8.672476548466108
14.0,8.625578382027312,8.69992897428783
5.5,8.592647673943189,8.558026536518199
11.0,8.603118229840364,8.608662328306524
5.0,8.581675331779994,8.497224906646613
5.0,8.606873006750765,8.625397887462206
5.0,8.603988617581223,8.612602922412412
5.5,8.598643521832217,8.587783544563798
5.0,8.58818242606004,8.534366952016892
9.5,8.617443639871356,8.66915572538789
11.0,8.65770562022842,8.803096955025044
11.0,8.591130496546267,8.550140493592115
8.5,8.584624642942472,8.514480581403662
10.5,8.64872014302646,8.776724158406758
12.7,8.627277463768753,8.706077235613023
7.0,8.573890831139009,8.447805699630655
8.1,8.149066027280236,4.614295879423573
7.5,8.556515726846268,8.30909324516021
5.7,8.570646089344702,8.425279632722185
7.0,8.56904938584257,8.41371514685767
6.0,8.5495893991261,8.236809134879536
7.0,8.606848231722172,8.62528966607371
7.0,8.547525418158347,8.212441576087182
7.0,8.534201007573321,8.00278972192746
7.0,8.537183057637508,8.060483324889551
6.5,8.547620242985511,8.213594712817196
7.0,0.05,4.614295879423573
7.2,8.563378550896202,8.369726608598365
6.5,8.579429464576345,8.483574950773752
6.0,8.566135087788544,8.391710912915196
5.0,8.587245735101488,8.52922472614827
6.0,8.569027186338767,8.413551998692753
5.5,8.569551614303304,8.417388562048536
8.4,8.531835038762932,7.94993156421842
6.0,8.606762834438298,8.624916418235273
5.5,8.606071785939793,8.62188350362599
5.0,8.597050074370799,8.58008408231022
5.4,8.538108157794717,8.076761707580197
5.1,8.574828294821927,8.454086610174125
4.5,8.61172069335716,8.646043715611514
6.0,8.552023461022905,8.263738626767841
11.0,8.594900010357518,8.569460071667143
11.0,8.629588568942019,8.714296253739018
7.0,8.614053878404022,8.655623196980327
7.0,8.58778433782178,8.532189459554955
10.0,8.615589677523312,8.661809442854853
9.5,8.62269942275875,8.689298040103461
8.5,8.612409744252767,8.64889603670677
9.0,8.636120130503082,8.736680317177985
10.0,8.625551795482965,8.699832039321823
11.0,8.62750437401809,8.706891459717351
8.0,8.623069377162105,8.690679544127406
8.3,8.62051058055704,8.681028501629228
8.0,8.626056930943845,8.701669899986845
11.0,8.605753990475757,8.62048119542512
8.0,8.609082517104087,8.634936629705809
10.0,8.612727640386472,8.65020533742862
9.0,8.606912964167055,8.625572368007118
10.0,8.627772225638001,8.707850538154288
9.0,8.627725830242746,8.707684572236094
9.0,8.627761418257196,8.70781188386163
10.0,8.611052391562165,8.643258286465544
9.0,8.629793216141923,8.71501624493519
9.5,8.611288977595127,8.644246514037029
9.0,8.6056931133135,8.62021202109746
9.0,8.628463840393618,8.710316733472386
9.0,8.608526102401653,8.632555274769398
10.0,8.597666467319018,8.58307965589428
9.0,8.588631456101755,8.53680920907954
8.0,8.572052542313804,8.435198429168638
9.2,8.622105729005039,8.68707134246398
10.2,8.597979970013187,8.58459486380215
14.2,8.58202179358205,8.4992903632326
10.5,8.597483634209627,8.582193399485071
5.3,8.59884694412109,8.588756134790293
10.6,8.591766086149697,8.553462740772762
6.6,8.585174123529553,8.517616071126723
6.0,8.570872760941878,8.42689478084772
10.3,8.617197536128147,8.66818804103848
7.0,8.632672691293097,8.725016419957997
10.8,8.622037996951038,8.68681654386467
8.4,8.59216373318368,8.55552759206157
13.0,8.614900277782079,8.65904399370901
14.0,8.600596729146245,8.597028130061203
12.0,8.609192236769978,8.635404587606711
9.0,8.612704048909952,8.65010831535816
5.4,8.585669078282583,8.520419885684516
6.0,8.587822728503397,8.53239995937453
7.5,8.608895552210848,8.634137990215212
11.0,8.612760232722376,8.650339338770403
13.0,8.63347677131096,8.72776637492578
12.0,8.598691057265494,8.588011024892458
9.5,8.614341686355397,8.656789585444457
8.0,8.5937298972711,8.563560157203538
9.9,8.577969530487266,8.474448852247301
12.0,8.634034327808816,8.729662571027982
10.0,8.568451026980055,8.409294407921848
6.5,8.590055474554665,8.544459032032039
5.0,8.574813938127328,8.453991153912687
5.5,8.585318250319144,8.518434514476342
8.0,8.578753527226716,8.479375169793176
8.5,8.60090459360027,8.598466427503316
11.0,8.622538128183256,8.688694277022218
7.0,8.582300693519807,8.500945448057783
14.0,8.651919127805694,8.786305747016808
16.0,8.654034856378216,8.792523846704672
14.0,8.637631223530304,8.741691327454205
14.0,8.62780432763326,8.707965334703657
15.0,8.637200613587888,8.74026951138718
15.0,8.610759250433974,8.642030527318159
13.0,8.598723882314598,8.58816803513445
10.0,8.585213799596483,8.517841541255907
13.0,8.617967886439354,8.671209539170023
14.0,8.606148280284156,8.622220330207504
5.5,8.56403879395726,8.3751030254024
11.0,8.566511415390202,8.394620982629085
5.0,8.551869037209718,8.262083511989196
5.0,8.568299027119181,8.408163640684245
5.0,8.577360194166896,8.470578231282834
5.5,8.569850420996506,8.419558313272246
5.0,8.557839101708911,8.321524285479954
9.5,8.6161275112207,8.663954099476229
11.0,8.611374945280053,8.644605017234465
11.0,8.578828562252523,8.479843535015544
8.5,8.5632547576937,8.368710472611662
10.5,8.602287291819682,8.604864709855214
12.7,8.599292323979567,8.590877531058245
9.8,8.464072608270005,8.434946869675455
8.8,8.464195318667201,8.491763445955185
9.8,8.463886314024332,8.337190799662217
4.6,8.463882038466881,8.334752706194227
9.0,8.46383653272767,8.30817821806271
10.2,8.464275205986842,8.526132206307322
12.5,8.46386162847492,8.322977352402985
13.5,8.463937105355491,8.365430657715166
11.5,8.463965160816779,8.38048626487059
10.5,8.46422784698229,8.505988186059055
11.5,8.463996264183546,8.396755099741444
6.0,8.464173195854098,8.481898963181704
6.6,8.464247170173918,8.514286328213798
4.2,8.463992957188125,8.395045760805452
9.0,8.463778869598206,8.272737308323071
10.3,8.464538748848572,8.627700905167476
9.5,8.464341677057973,8.553348168743844
11.0,8.464282934633651,8.52935845317059
10.0,8.464336405389442,8.551232613270072
10.2,8.464346960979015,8.555461464619784
8.5,8.464372928475075,8.565744370764838
9.0,8.4640684967549,8.432949457148476
3.0,8.463785017900994,8.276616721251667
6.1,8.464176582142386,8.48341912804939
7.0,8.463988478308538,8.392723055434907
6.0,8.462592001447005,3.3786282307225597
11.0,8.462919786184017,6.559071145288496
12.0,8.46412797403709,8.461231346098975
12.0,8.464472203252148,8.603567441112634
11.0,8.464399602158814,8.576133564134643
10.0,8.464174894496763,8.482661980994232
9.0,8.464259007075459,8.51931531190158
11.0,8.46422490056017,8.504713066811764
11.0,8.464323163872152,8.54588682571997
11.0,8.464140037217716,8.466812540457157
6.0,8.463623771415271,8.165538593396525
11.0,8.45234537904581,3.3786282307225597
11.0,8.398619272720273,3.3786282307225597
9.0,8.463277796886237,7.818782109913624
8.5,8.463256878850245,7.78932336190846
7.0,8.464133615119557,8.463847553079537
5.5,8.464133533948068,8.463809986110698
8.0,8.464781733822575,8.708720911583644
15.0,8.464890651591604,8.741927616119394
16.0,8.464830569063906,8.723824453695919
5.0,8.46426717501628,8.522761925186234
10.0,8.464548122697924,8.631027183369474
14.0,8.464738701114275,8.695107536396648
14.0,8.4647102579191,8.68594640539989
16.0,8.464499057833248,8.61341839311136
14.0,8.464474262130949,8.604328188034035
14.0,8.46465564402803,8.667975550657722
9.5,8.464535612711789,8.62658412026349
9.5,8.46451806473167,8.620298387674342
13.5,8.46468958484629,8.679203768076341
13.0,8.4651333688544,8.810244801411255
13.5,8.464700623628982,8.682813061008448
12.0,8.464570256985123,8.638812398838468
3.5,8.46402218704411,8.409991540065244
3.0,8.463693726847792,8.216274023134961
7.0,8.463634133333734,8.173331155351892
6.8,8.463233525197793,7.7545217963579836
8.0,8.463208019683767,7.713893997404045
8.1,8.463662827549964,8.19439356971654
8.0,8.463746967566749,8.252197111968782
5.5,8.463343781766001,7.902855915422886
8.0,8.464269352256462,8.523677433956104
9.0,8.463758151371193,8.25947781760141
11.4,8.464906241677564,8.746542121131354
10.4,8.464552465698565,8.632562342464324
11.6,8.463733004527276,8.242981688439034
10.8,8.460762827275602,3.3786282307225597
11.5,8.464449740292299,8.595206958658625
13.0,8.464289922813743,8.532261261635579
11.0,8.46438509168493,8.57050327832156
10.5,8.464163010696634,8.477304012656601
9.5,8.46438500190117,8.570468282501569
9.2,8.46432575198986,8.54693529654851
10.0,8.464236289035183,8.509627194700114
9.0,8.464524852972762,8.622737411414743
10.0,8.464567875340698,8.637979317598203
10.0,8.4646631523581,8.670476668170483
9.0,8.464628136687583,8.6587270004777
8.0,8.464420454526888,8.584136862689776
8.0,8.46435645736021,8.55924162664046
9.0,8.464250406574207,8.515665383868381
11.0,8.46450014789982,8.613815011620597
7.0,8.464486231201708,8.608732535446133
9.5,8.464527411981996,8.623654416440901
9.0,8.464189261983789,8.489078384970917
7.5,8.464701858476147,8.683215535706392
9.8,8.464685999864063,8.678027163563602
8.8,8.464548858588444,8.63128756876751
9.8,8.46455577753816,8.633730496834332
4.6,8.463946181472911,8.37034198621862
9.0,8.464569664243818,8.638605165369082
10.2,8.464731336018108,8.69274802511264
12.5,8.463989107111733,8.393049679284704
13.5,8.464442371632174,8.592439951435606
11.5,8.46434173338815,8.553370735707448
10.5,8.46474941245927,8.698523469350265
11.5,8.463945623406902,8.370041139658198
6.0,8.463888962911073,8.338696409825515
6.6,8.464099043600296,8.447636824078225
4.2,8.46367784571372,8.205128217534721
9.0,8.463905597150323,8.348066961444921
10.3,8.464133485027034,8.46378734387046
9.5,8.464299435980866,8.536191278132087
11.0,8.464014248223965,8.40596819347236
10.0,8.464049414839925,8.423593371356406
10.2,8.464089715468532,8.443188776663838
8.5,8.46392232353994,8.357346191770617
10.5,8.464621252053417,8.656390892527831
12.0,8.464678355159538,8.675510811626978
9.5,8.464649224587316,8.665829278944202
10.5,8.464783294973294,8.709209333876112
12.3,8.464823442039837,8.721642479376445
11.0,8.46461029935395,8.652656487817827
7.0,8.46424460627506,8.513191651998959
9.4,8.464137915747335,8.46583466341726
9.0,8.464251404614012,8.516090039336119
10.5,8.464521186583957,8.62142124858344
12.0,8.464495885330859,8.612262657252463
9.1,8.464347615490553,8.55572273784167
9.0,8.464113409504932,8.454424888679533
3.0,8.463699025451604,8.219947055011058
6.1,8.46392396331383,8.35824832132471
7.0,8.46455087430987,8.63200025468447
6.0,8.464586949383452,8.644620560221332
11.0,8.463214561221552,7.724596421958927
12.0,8.464736209317225,8.694310237068018
12.0,8.464432465829105,8.588700859327757
10.0,8.464559978753355,8.635209240328479
9.0,8.463938501232905,8.36618858135774
11.0,8.464473252556958,8.603955270023185
11.0,8.464475772480126,8.60488566964494
11.0,8.463884045311605,8.335898307012686
6.0,8.463960930415928,8.37823970208768
11.0,8.46406372580034,8.430623520985652
11.0,8.464049253670863,8.423513738449097
9.0,8.463882801859905,8.335188741123186
8.5,8.463715750391298,8.231395479563997
7.0,8.463718161867016,8.233028292425374
5.5,8.463716763463538,8.232081972936266
8.0,8.464262357483506,8.520731391883993
15.0,8.464511524014757,8.617939312819425
16.0,8.464686013240932,8.678031557971254
5.0,8.464038899702073,8.41837612721426
10.0,8.464244502533262,8.513147317986922
14.0,8.46492463039328,8.75194241958216
14.0,8.464655721827073,8.668001517288268
16.0,8.464199806433488,8.493745488372726
14.0,8.464217200916028,8.501368470029714
14.0,8.464367709226606,8.563691148497123
9.5,8.464389024178162,8.572034162061875
9.5,8.464174765133636,8.482603905127112
13.5,8.464528928820533,8.624197335483872
13.0,8.464456513256032,8.597739545758571
13.5,8.464417697151836,8.583084415871133
12.0,8.464407005269956,8.578986671400559
3.5,8.463850337746198,8.316363787462388
3.0,8.46355353388703,8.109838989027512
8.5,8.574509917257409,8.436637019423063
9.5,8.575020624318327,8.578635485462362
7.0,8.574886440254081,8.547228942396945
7.0,8.57505337579569,8.5858379315074
5.0,8.574734175482963,8.50720047273097
8.5,8.574986295690515,8.570900910406667
6.0,8.574639301062557,8.47931747425911
9.0,8.574954668843874,8.56359879023107
9.5,8.574910761921693,8.553164940547703
8.5,8.574966593511402,8.566372400992156
6.5,8.57474919887625,8.511391114834963
3.5,8.574559194224047,8.453607078411224
11.0,8.575129914927762,8.602041416581162
14.5,8.575088135248691,8.593302220552744
12.8,8.574989703618922,8.571677498467057
11.9,8.574893509649144,8.548966180621951
10.2,8.574902932392096,8.551266548556939
5.5,8.575092197260625,8.594162829193102
6.5,8.574973267630531,8.567913913651354
6.5,8.574643634852354,8.480648321297782
8.0,8.57502948682749,8.580601135346805
8.0,8.574884301337049,8.546701379446603
1.5,8.57454953506665,8.450354629626686
8.0,8.575299207877173,8.635121980393086
10.0,8.575321324617745,8.639193943794382
3.5,8.574720764430733,8.503410376149915
8.0,8.574532628443983,8.444576488966293
9.5,8.571621951017313,5.36033749248423
10.0,8.574876256682451,8.544709006743627
12.0,8.575044843205983,8.583977669044831
6.0,8.57417228496141,8.284244786686433
11.0,8.575374008295602,8.648683617945519
8.0,8.575364803108522,8.64704631223144
10.0,8.57536773778715,8.647569235139203
9.0,8.574981879919324,8.569891734141514
10.0,8.575492580660576,8.66903687226476
9.0,8.57557524374876,8.682477470525123
9.0,8.57545642418071,8.662970516519737
8.0,8.574881938231373,8.546117463801627
10.5,8.57526054082099,8.627871790348403
10.0,8.575293298113511,8.63402480412732
12.5,8.57540068904648,8.65338105982469
9.0,8.57539396963975,8.652204710742996
11.0,8.575372590764628,8.648432046745702
12.0,8.575420725799704,8.65686262727576
11.5,8.575380612918487,8.649853069624205
11.0,8.575355008993458,8.645294719961575
9.0,8.575468849143281,8.665068552824724
11.0,8.575562660310382,8.680468516792008
10.5,8.575412020792458,8.655354843834164
9.5,8.57518382227732,8.612963899456703
15.0,8.575453780115696,8.6625222164974
9.0,8.575395734901264,8.652514182212174
8.5,8.575317203345458,8.638439209733326
8.0,8.575380905714894,8.649904811980752
10.5,8.574287975042772,8.345568569451382
12.0,8.575703851980649,8.702300353617956
12.4,8.575648501783647,8.693922890703364
8.5,8.574983549686424,8.570273730469072
9.4,8.574957635214474,8.564291092792935
10.0,8.575558959007461,8.679875127999926
10.2,8.57533810056428,8.642247330864757
10.6,8.575554365027203,8.679137050894862
9.5,8.57526649452899,8.62899923898608
8.0,8.574984020361175,8.570381322142383
10.0,8.57511378252067,8.59869620856809
11.0,8.575429971249626,8.658456049322615
11.0,8.574576585260461,8.459376571589397
11.0,8.57465622805635,8.484482835121431
7.4,8.574599541279152,8.466828209589728
10.0,8.57450508533496,8.434920675318583
10.2,8.574855128399676,8.539413808087707
10.0,8.575090149566101,8.593729289187758
10.6,8.575146527730814,8.605448779658664
11.2,8.574686150346205,8.49340486895228
11.0,8.574604029952965,8.468264138859231
10.0,8.574408919249638,8.3985640300794
10.2,8.575000872505983,8.574208979998675
9.5,8.5750215788356,8.578847795329365
8.0,8.575078945019863,8.59134620195331
7.0,8.575249404263507,8.625751787361601
8.0,8.5750362810417,8.582099601542375
10.0,8.57521541333573,8.61918987105477
10.0,8.575150126861422,8.606182050418928
9.0,8.57513348161676,8.602776136703941
6.0,8.5748427057248,8.536257183996074
10.0,8.575093694493882,8.594479439831098
11.0,8.575345095461433,8.643511645795638
10.0,8.575345866385696,8.643650674279794
9.0,8.575041555288042,8.583257834092597
9.0,8.575229420814276,8.62191087378726
9.0,8.575232547033833,8.622514901461981
10.0,8.575344628849404,8.643427466708747
10.5,8.575041402121757,8.583224259853786
9.0,8.575127610216057,8.601565726047301
11.0,8.575092147517601,8.594152304765455
2.2,8.574460663551264,8.418668132943653
10.5,8.574989498318915,8.571630770781699
8.5,8.574733580051639,8.507033192106645
9.5,8.575199169749215,8.616004237630234
7.0,8.575247349598367,8.62535906161375
7.0,8.575465763227614,8.66454879526307
5.0,8.575099291872123,8.595660213345326
8.5,8.575606474466161,8.687408235645877
6.0,8.574922222156152,8.555922661180416
9.0,8.575582780481867,8.683674543064184
9.5,8.575449039307852,8.66171679280154
8.5,8.574992443114406,8.572300348250035
6.5,8.574627106172496,8.475541062886144
3.5,8.574615496203787,8.47190170369224
11.0,8.575492164241416,8.668967674260042
14.5,8.575364395073176,8.646973535646696
12.8,8.57566578797752,8.69656344165152
11.9,8.575416300302608,8.656097006754885
10.2,8.575431902316046,8.658787833254866
5.5,8.575279776935565,8.631499825627687
6.5,8.574672382267622,8.489332008580156
6.5,8.57436888874206,8.382036160460366
7.0,8.574457311425352,8.417405508790473
1.5,8.573189970312058,5.36033749248423
11.0,8.575284744204557,8.632429818254979
13.0,8.575824043597665,8.719753529866205
11.0,8.575783598748973,8.713988549695937
13.5,8.575660943368828,8.69582565406011
13.0,8.575764775469615,8.711268829841986
4.0,8.574845809081534,8.53704880410806
13.0,8.57514532337861,8.605203021169467
13.0,8.575454170181192,8.662588392577359
8.0,8.575443478362104,8.660769367852163
8.0,8.57509831945303,8.595455404436876
1.5,8.57433451763807,8.367082606574563
8.0,8.575101078131137,8.596036077709632
10.0,8.575129425977574,8.601940558900681
3.5,8.57489548472579,8.549449784963011
8.0,8.574866445017284,8.542261360555043
9.5,8.5753503450898,8.644457133963204
10.0,8.575431234010255,8.658673049142784
12.0,8.575456934889006,8.663057032458518
6.0,8.574800338962206,8.525240323220807
11.0,8.574965070551462,8.566019559525582
8.0,8.574566460838934,8.456031134234552
10.0,8.575076568365004,8.59083833717122
9.0,8.574739464784095,8.508682442232192
10.0,8.575553549187404,8.679005793587422
9.0,8.575381157144108,8.649949237134837
9.0,8.575380423713685,8.649819629168494
8.0,8.574714907856368,8.501740374497402
10.5,8.575678453926148,8.698484146490264
10.0,8.575659228748933,8.695564115479561
12.5,8.575769961097016,8.712020449240784
9.0,8.5750632788402,8.587982994634066
11.0,8.57554740331684,8.67801522679444
12.0,8.575594219866147,8.685482741763751
11.5,8.575511675060557,8.672193449182485
11.0,8.575417907071818,8.656375199446096
9.0,8.575350469912282,8.644479580180914
11.0,8.575351985685144,8.644752024726843
10.5,8.574833420400005,8.533876348597868
9.5,8.574853520485068,8.539007060941222
15.0,8.575385590225926,8.650731478448655
9.0,8.575112645307124,8.598459023198641
8.5,8.574962122923623,8.565335496788778
