band,band_label,s2_hls,ls_native
B2,Blue,0.01301372,0.0072203389830508
B2,Blue,0.0144021959999999,0.009774011299435
B2,Blue,0.0128377159999999,0.007593220338983
B2,Blue,0.0173355959999999,0.0097062146892655
B2,Blue,0.016123124,0.0110395480225988
B2,Blue,0.005650886,0.0065310734463276
B2,Blue,0.007010028,0.0112994350282485
B2,Blue,0.0124172619999999,0.0242372881355932
B2,Blue,0.01193814,0.0084971751412429
B2,Blue,0.015546222,0.0105875706214689
B2,Blue,0.009845648,0.009457627118644
B2,Blue,0.0097087559999999,0.0057627118644067
B2,Blue,0.008848292,0.0102372881355932
B2,Blue,0.0143141939999999,0.00554802259887
B2,Blue,0.014079522,0.0106666666666666
B2,Blue,0.013874184,0.0090508474576271
B2,Blue,0.008828736,0.0108361581920903
B2,Blue,0.0101683219999999,0.0071525423728813
B2,Blue,0.0097087559999999,0.009502824858757
B2,Blue,0.009669644,0.0066214689265536
B2,Blue,0.011869694,0.0082146892655367
B2,Blue,0.0141870799999999,0.0059887005649717
B2,Blue,0.012710602,0.0094689265536723
B2,Blue,0.008339836,0.0108474576271186
B2,Blue,0.008330058,0.0110847457627118
B2,Blue,0.01120479,0.0238418079096045
B2,Blue,0.0140110759999999,0.0064180790960451
B2,Blue,0.01350262,0.0095593220338983
B2,Blue,0.009601198,0.0131525423728813
B2,Blue,0.007420704,0.0045536723163841
B2,Blue,0.007010028,0.0033333333333333
B2,Blue,0.0036268399999999,0.0050621468926553
B2,Blue,0.0082909459999999,0.0044180790960451
B2,Blue,0.008486506,0.0078983050847457
B2,Blue,0.010041208,0.005322033898305
B2,Blue,0.00260015,0.0069830508474576
B2,Blue,0.005347768,0.0041694915254237
B2,Blue,0.015203992,0.0038079096045197
B2,Blue,0.0033334999999999,0.012
B2,Blue,0.007743378,0.0053785310734463
B2,Blue,0.0171791479999999,0.0092881355932203
B2,Blue,0.006570018,0.0053898305084745
B2,Blue,0.00714692,0.0035367231638418
B2,Blue,0.01100923,0.0060451977401129
B2,Blue,0.0111559,0.0051751412429378
B2,Blue,0.008818958,0.0071525423728813
B2,Blue,0.006618908,0.0060112994350282
B2,Blue,0.007938938,0.0034011299435028
B2,Blue,0.010197656,0.0061468926553672
B2,Blue,0.0142555259999999,0.0054802259887005
B2,Blue,0.011371016,0.0075367231638418
B2,Blue,0.007899826,0.003412429378531
B2,Blue,0.0063353459999999,0.0038305084745762
B2,Blue,0.007938938,0.0030395480225988
B2,Blue,0.009777202,0.005231638418079
B2,Blue,0.009874982,0.0059209039548022
B2,Blue,0.009620754,0.0062711864406779
B2,Blue,0.0048784239999999,0.0058418079096045
B2,Blue,0.0082127219999999,0.0018983050847457
B2,Blue,-0.00355999,0.0054350282485875
B2,Blue,0.0050348719999999,0.0047457627118644
B2,Blue,0.00959142,0.0069604519774011
B2,Blue,0.0116056879999999,0.0010282485875706
B2,Blue,-0.003823996,0.0057514124293785
B2,Blue,0.003470392,0.0053898305084745
B2,Blue,0.0058268899999999,0.0080903954802259
B2,Blue,0.011762136,2.2598870056496253e-05
B2,Blue,0.001260564,0.0040790960451977
B2,Blue,0.0124172619999999,0.0067796610169491
B2,Blue,0.0206014479999999,0.0102937853107344
B2,Blue,0.00113345,0.003276836158192
B2,Blue,0.016103568,0.0113898305084745
B2,Blue,0.024561538,0.021909604519774
B2,Blue,0.031816814,0.0209830508474576
B2,Blue,0.01462709,0.0120225988700564
B2,Blue,0.0070002499999999,0.0082824858757062
B2,Blue,0.009972762,0.0058870056497175
B2,Blue,0.009503418,0.0057401129943502
B2,Blue,0.0213152419999999,0.0087796610169491
B2,Blue,0.011908806,0.007457627118644
B2,Blue,0.01692492,0.0087231638418079
B2,Blue,0.01042255,0.0064067796610169
B2,Blue,0.016162236,0.0060451977401129
B2,Blue,0.011713246,0.0068474576271186
B2,Blue,0.008408282,0.0026553672316384
B2,Blue,0.012974608,0.0089943502824858
B2,Blue,0.012123922,0.0061468926553672
B2,Blue,0.008789624,0.0054237288135593
B2,Blue,0.012945274,0.007322033898305
B2,Blue,0.023456624,0.0090621468926553
B2,Blue,0.016856474,0.0107231638418079
B2,Blue,0.00690247,0.0094689265536723
B2,Blue,0.009522974,0.0040451977401129
B2,Blue,0.005015316,0.009774011299435
B2,Blue,0.0117425799999999,0.00754802259887
B2,Blue,0.020699228,0.0071186440677966
B2,Blue,0.011762136,0.0069491525423728
B2,Blue,0.013531954,0.0083502824858757
B2,Blue,0.021012124,0.0089943502824858
B2,Blue,0.014421752,0.0088700564971751
B2,Blue,0.014392418,0.0105197740112994
B2,Blue,0.019242306,0.0085649717514124
B2,Blue,0.015878674,0.0131073446327683
B2,Blue,0.013717736,0.0080338983050847
B2,Blue,0.022332154,0.0094350282485875
B2,Blue,0.008799402,0.0084293785310734
B2,Blue,0.009034074,0.0060451977401129
B2,Blue,0.01027588,0.0080338983050847
B2,Blue,0.008114942,0.0077062146892655
B2,Blue,0.00924919,0.0063163841807909
B2,Blue,0.009317636,0.0198531073446327
B2,Blue,0.006325568,0.0043954802259887
B2,Blue,0.008770068,0.0086327683615819
B2,Blue,0.014685758,0.0095593220338983
B2,Blue,0.0084571719999999,0.0084067796610169
B2,Blue,0.00861362,0.0095819209039548
B2,Blue,0.008897182,0.0064745762711864
B2,Blue,0.0010454479999999,0.0053446327683615
B2,Blue,0.014617312,0.0070508474576271
B2,Blue,0.010803892,0.0087796610169491
B2,Blue,0.010148766,0.005774011299435
B2,Blue,0.007811824,0.011276836158192
B2,Blue,0.014617312,0.0191977401129943
B2,Blue,0.011371016,0.0108587570621468
B2,Blue,0.0073718139999999,0.0122711864406779
B2,Blue,0.006325568,0.0102485875706214
B2,Blue,0.0203374419999999,0.0095141242937853
B2,Blue,0.011067898,0.0104745762711864
B2,Blue,0.0051130959999999,0.0148248587570621
B2,Blue,0.008330058,0.0116610169491525
B2,Blue,-0.0007243699999999,0.0101581920903954
B2,Blue,0.023701074,0.0179435028248587
B2,Blue,0.0125932659999999,0.0118418079096045
B2,Blue,0.031601698,0.0328361581920903
B2,Blue,0.005269544,0.0119887005649717
B2,Blue,0.00631579,0.0104745762711864
B2,Blue,0.00010676,0.002
B2,Blue,0.021461912,0.0163728813559322
B2,Blue,0.009532752,0.0084406779661016
B2,Blue,0.009210078,0.0076271186440677
B2,Blue,0.005328212,0.0128022598870056
B2,Blue,0.004154852,0.0135254237288135
B2,Blue,0.025216664,0.0322259887005649
B2,Blue,0.01633824,0.0132994350282485
B2,Blue,0.0126812679999999,0.009638418079096
B2,Blue,0.007792268,0.0079887005649717
B2,Blue,0.002561038,0.0053898305084745
B2,Blue,-0.002249738,0.0084067796610169
B2,Blue,0.0080464959999999,0.0088248587570621
B2,Blue,0.0097087559999999,0.0084632768361581
B2,Blue,0.00959142,0.0054237288135593
B2,Blue,0.004438414,0.0099209039548022
B2,Blue,0.01413819,0.0084067796610169
B2,Blue,0.008818958,0.0089378531073446
B2,Blue,0.0100900979999999,0.0078305084745762
B2,Blue,0.009112298,0.0049604519774011
B2,Blue,0.005513994,0.0100112994350282
B2,Blue,0.0145586439999999,0.0062259887005649
B2,Blue,0.0112536799999999,0.009909604519774
B2,Blue,0.0074500379999999,0.0042937853107344
B2,Blue,0.007958494,0.0048022598870056
B2,Blue,0.0058757799999999,0.0066101694915254
B2,Blue,0.01614268,0.0052203389830508
B2,Blue,0.010667,0.0056271186440677
B2,Blue,0.0084669499999999,0.0093898305084745
B2,Blue,0.00690247,0.0040112994350282
B2,Blue,0.0054162139999999,0.011322033898305
B2,Blue,0.016797806,0.0059209039548022
B2,Blue,0.014979098,0.0076610169491525
B2,Blue,0.00797805,0.0080338983050847
B2,Blue,0.0083789479999999,0.0075254237288135
B2,Blue,0.025646896,0.0103615819209039
B2,Blue,0.015575556,0.0061468926553672
B2,Blue,0.014548866,0.0082485875706214
B2,Blue,0.009278524,0.0089039548022598
B2,Blue,0.007645598,0.0049039548022598
B2,Blue,0.01438264,0.0071977401129943
B2,Blue,0.01389374,0.0083502824858757
B2,Blue,0.0078411579999999,0.0071638418079096
B2,Blue,0.008388726,0.0057514124293785
B2,Blue,0.006472238,0.0713898305084745
B2,Blue,0.014079522,0.0085649717514124
B2,Blue,0.012407484,0.0076610169491525
B2,Blue,0.007606486,0.031276836158192
B2,Blue,0.017941832,0.0068135593220338
B2,Blue,0.018958744,0.0125536723163841
B2,Blue,0.01061811,0.0114802259887005
B2,Blue,0.0172475939999999,0.005774011299435
B2,Blue,0.01423597,0.0107796610169491
B2,Blue,0.008036718,0.007638418079096
B2,Blue,0.0091611879999999,0.0051525423728813
B2,Blue,0.00607134,0.0123276836158192
B2,Blue,0.0151062119999999,0.0065423728813559
B2,Blue,0.011801248,0.0088135593220339
B2,Blue,0.008036718,0.0082259887005649
B2,Blue,0.008251834,0.0038079096045197
B2,Blue,0.009014518,0.0110056497175141
B2,Blue,0.01594712,0.0067457627118644
B2,Blue,0.013228836,0.0053898305084745
B2,Blue,0.0076749319999999,0.0057401129943502
B2,Blue,0.006149564,0.0036158192090395
B2,Blue,0.005230432,0.0037175141242937
B2,Blue,0.015644002,0.0068813559322033
B2,Blue,0.012456374,0.0074689265536723
B2,Blue,0.00988476,0.0058305084745762
B2,Blue,0.013316838,0.0105536723163841
B2,Blue,0.010217212,0.0094237288135593
B2,Blue,0.0053575459999999,0.0178531073446327
B2,Blue,0.016416464,0.0131977401129943
B2,Blue,0.01658269,0.0295593220338983
B2,Blue,0.0051717639999999,0.0037401129943502
B2,Blue,0.0036072839999999,0.0039661016949152
B2,Blue,0.005396658,0.0043163841807909
B2,Blue,0.0123585939999999,0.0053333333333333
B2,Blue,0.0135123979999999,0.0155367231638418
B2,Blue,0.0062669,0.0058757062146892
B2,Blue,0.00744026,0.0037175141242937
B2,Blue,0.008085608,0.011774011299435
B2,Blue,0.0130626099999999,0.0069378531073446
B2,Blue,0.0140697439999999,0.0047683615819209
B2,Blue,0.006345124,0.0055593220338983
B2,Blue,0.0062180099999999,0.003593220338983
B2,Blue,0.0128181599999999,0.0057062146892655
B2,Blue,0.013189724,0.00554802259887
B2,Blue,0.00748915,0.0088361581920903
B2,Blue,0.008427838,0.0043954802259887
B2,Blue,0.0149399859999999,0.0058983050847457
B2,Blue,0.010686556,0.0079661016949152
B2,Blue,0.00993365,0.0054689265536723
B2,Blue,0.010099876,0.0062146892655367
B2,Blue,0.007137142,0.007322033898305
B2,Blue,0.016563134,0.0057627118644067
B2,Blue,0.0151844359999999,0.007502824858757
B2,Blue,0.010549664,0.0095819209039548
B2,Blue,0.010940784,0.0062033898305084
B2,Blue,0.0108821159999999,0.0045084745762711
B2,Blue,0.015722226,0.0125310734463276
B2,Blue,0.017472488,0.0082259887005649
B2,Blue,0.008554952,0.0111073446327683
B2,Blue,0.010050986,0.007231638418079
B2,Blue,0.01052033,0.0063163841807909
B2,Blue,0.011371016,0.0060903954802259
B2,Blue,0.01100923,0.0069604519774011
B2,Blue,0.014998654,0.0093333333333333
B2,Blue,0.013629734,0.0094689265536723
B2,Blue,0.008095386,0.0061694915254237
B2,Blue,0.01286705,0.0058870056497175
B2,Blue,0.009131854,0.0038983050847457
B2,Blue,0.017990722,0.0069830508474576
B2,Blue,0.012251036,0.0088587570621468
B2,Blue,0.005993116,0.0076723163841807
B2,Blue,0.007117586,0.0046327683615819
B2,Blue,0.009454528,0.0083954802259887
B2,Blue,0.010217212,0.003457627118644
B2,Blue,0.009258968,0.0083615819209039
B2,Blue,0.006433126,0.0050508474576271
B2,Blue,0.006325568,0.0043841807909604
B2,Blue,0.006110452,0.0079887005649717
B2,Blue,0.0127497139999999,0.0088813559322033
B2,Blue,0.00905363,0.0066666666666666
B2,Blue,0.0085451739999999,0.0058757062146892
B2,Blue,0.007772712,0.0044406779661016
B2,Blue,0.0082909459999999,0.0110282485875706
B2,Blue,0.0109603399999999,0.0067683615819209
B2,Blue,0.010706112,0.0090621468926553
B2,Blue,0.0130919439999999,0.007683615819209
B2,Blue,0.011214568,0.0150508474576271
B2,Blue,0.006765578,0.0083389830508474
B2,Blue,0.01086256,0.0097966101694915
B2,Blue,0.0081344979999999,0.0110621468926553
B3,Green,0.01092488,0.0058602554470323
B3,Green,0.013128896,0.0100354191263282
B3,Green,0.017053856,0.0131587420843619
B3,Green,0.030942176,0.0242782011377052
B3,Green,0.035460912,0.0301277235161532
B3,Green,0.011719936,0.010657937104218
B3,Green,0.012162752,0.0150477621552001
B3,Green,0.01580592,0.0235912847483095
B3,Green,0.018885504,0.0135343994848127
B3,Green,0.024299936,0.0168401846087796
B3,Green,0.012615632,0.010690136309971
B3,Green,0.012766592,0.0097348932059675
B3,Green,0.012625696,0.012396694214876
B3,Green,0.017738208,0.0097670924117205
B3,Green,0.014507664,0.0129870129870129
B3,Green,0.015312784,0.0111623913276805
B3,Green,0.012575376,0.0118707738542449
B3,Green,0.020123376,0.0188365353654609
B3,Green,0.012142624,0.0091338413652463
B3,Green,0.012021856,0.0092411720510894
B3,Green,0.01258544,0.0099280884404851
B3,Green,0.015041056,0.0077814747236234
B3,Green,0.013209408,0.0094772995599441
B3,Green,0.013601904,0.0131265428786089
B3,Green,0.010955072,0.0098744230975635
B3,Green,0.011719936,0.0282494365138993
B3,Green,0.013923952,0.0066437694536868
B3,Green,0.012575376,0.0090265106794032
B3,Green,0.01721488,0.0181925512504024
B3,Green,0.009757456,0.00612858216164
B3,Green,0.008177408,0.0048513470001073
B3,Green,0.004121616,0.0060534506815498
B3,Green,0.008620224,0.0058924546527852
B3,Green,0.006607424,0.0091338413652463
B3,Green,0.011448208,0.0084898572501878
B3,Green,0.003819696,0.0122786304604486
B3,Green,0.00815728,0.0066652355908554
B3,Green,0.017607376,0.0053558012235698
B3,Green,0.006164608,0.0156058817215842
B3,Green,0.008348496,0.005817323172695
B3,Green,0.027641184,0.0217666630889771
B3,Green,0.009425344,0.0061393152302243
B3,Green,0.008539712,0.0057421916926049
B3,Green,0.014527792,0.0098100246860577
B3,Green,0.01188096,0.0065793710421809
B3,Green,0.008217664,0.0078995384780508
B3,Green,0.01027072,0.0071374906085649
B3,Green,0.009032848,0.0055597295266716
B3,Green,0.011800448,0.0087796501019641
B3,Green,0.013622032,0.0062573789846517
B3,Green,0.011418016,0.0083825265643447
B3,Green,0.011005392,0.0050874745089621
B3,Green,0.009878224,0.006407641944832
B3,Green,0.009193872,0.0055275303209187
B3,Green,0.00931464,0.0060641837501341
B3,Green,0.009938608,0.007244821294408
B3,Green,0.007996256,0.0080176022324782
B3,Green,0.009002656,0.0079102715466351
B3,Green,0.01188096,0.0048191477943544
B3,Green,0.000569024,0.0078136739293764
B3,Green,0.0061948,0.0067296340023612
B3,Green,0.009505856,0.0092197059139207
B3,Green,0.014729072,0.0046581517655897
B3,Green,-0.00049776,0.0083717934957604
B3,Green,0.004453728,0.0072233551572394
B3,Green,0.004574496,0.0112267897391864
B3,Green,0.017275264,0.0062895781904046
B3,Green,0.00549032,0.0069335623054631
B3,Green,0.02431,0.0177417623698615
B3,Green,0.031747296,0.0220135236664162
B3,Green,0.005218592,0.0066974347966083
B3,Green,0.043461792,0.0390039712353762
B3,Green,0.044216592,0.0566920682623161
B3,Green,0.060721552,0.0503810239347429
B3,Green,0.036819552,0.0353010625737898
B3,Green,0.009435408,0.0074702157346785
B3,Green,0.017708016,0.0144574433830632
B3,Green,0.013360368,0.0121069013630997
B3,Green,0.03070064,0.0212729419340989
B3,Green,0.01615816,0.0151980251153804
B3,Green,0.040040032,0.0337555006976494
B3,Green,0.013682416,0.0114414511108726
B3,Green,0.020465552,0.0132446066330363
B3,Green,0.015966944,0.0141891166684555
B3,Green,0.013229536,0.009402168079854
B3,Green,0.018261536,0.013405602661801
B3,Green,0.017456416,0.0141676505312868
B3,Green,0.022065728,0.017795427712783
B3,Green,0.020576256,0.0137597939250831
B3,Green,0.039446256,0.0280777074165503
B3,Green,0.037534096,0.0342492218525276
B3,Green,0.009636688,0.0091875067081678
B3,Green,0.01107584,0.0058924546527852
B3,Green,0.007181072,0.0134807341418911
B3,Green,0.01560464,0.0131372759471933
B3,Green,0.025125184,0.0150584952237844
B3,Green,0.01530272,0.01225716432328
B3,Green,0.018362176,0.0159708060534506
B3,Green,0.026342928,0.0161962004937211
B3,Green,0.021582656,0.0195663840291939
B3,Green,0.020052928,0.0176022324782655
B3,Green,0.025688768,0.0175914994096812
B3,Green,0.023665904,0.0230331651819255
B3,Green,0.018613776,0.016400128796823
B3,Green,0.034152592,0.0250080498014382
B3,Green,0.011750128,0.0110335945046688
B3,Green,0.01283704,0.0096490286572931
B3,Green,0.01117648,0.0105935386927122
B3,Green,0.013048384,0.0139959214339379
B3,Green,0.015815984,0.0127294193409895
B3,Green,0.015393296,0.028066974347966
B3,Green,0.009052976,0.010271546635183
B3,Green,0.01716456,0.0158742084361919
B3,Green,0.022468288,0.0204786948588601
B3,Green,0.015946816,0.0175378340667596
B3,Green,0.010492128,0.0087796501019641
B3,Green,0.010180144,0.007384351186004
B3,Green,0.003668736,0.0082000643984115
B3,Green,0.013018192,0.0069550284426317
B3,Green,0.009888288,0.008951379199313
B3,Green,0.013310048,0.0094236342170226
B3,Green,0.011146288,0.0105935386927122
B3,Green,0.019811392,0.0301706557904905
B3,Green,0.01469888,0.0110443275732531
B3,Green,0.010844368,0.013373403456048
B3,Green,0.0097172,0.010411076526779
B3,Green,0.019257872,0.0087152516904583
B3,Green,0.012343904,0.0099066223033165
B3,Green,0.00866048,0.0150155629494472
B3,Green,0.011558912,0.0110228614360845
B3,Green,0.004091424,0.010099817537834
B3,Green,0.021461888,0.018106686701728
B3,Green,0.013370432,0.0107008693785553
B3,Green,0.053757264,0.0524632392400987
B3,Green,0.009395152,0.0120425029515938
B3,Green,0.009354896,0.0108940646130728
B3,Green,0.006164608,0.010411076526779
B3,Green,0.02073728,0.0165289256198347
B3,Green,0.01107584,0.0080820006439841
B3,Green,0.010653152,0.0074487495975099
B3,Green,0.011035584,0.0179886229473006
B3,Green,0.009435408,0.0195985832349468
B3,Green,0.050899088,0.0466781152731566
B3,Green,0.023062064,0.0221530535580122
B3,Green,0.018130704,0.0160137383277879
B3,Green,0.010391488,0.0068047654824514
B3,Green,0.005772112,0.0060105184072126
B3,Green,0.00186728,0.0086401202103681
B3,Green,0.008740992,0.0075775464205216
B3,Green,0.011146288,0.007695610174949
B3,Green,0.01087456,0.0070730921970591
B3,Green,0.006375952,0.0097241601373832
B3,Green,0.012041984,0.0067189009337769
B3,Green,0.009385088,0.0077492755178705
B3,Green,0.011951408,0.007416550391757
B3,Green,0.010411616,0.0058709885156166
B3,Green,0.006939536,0.0096704947944617
B3,Green,0.012726336,0.0056455940753461
B3,Green,0.0112268,0.0081356659869056
B3,Green,0.008288112,0.0054738649779972
B3,Green,0.009707136,0.0048942792744445
B3,Green,0.008086832,0.0069872276483846
B3,Green,0.01439696,0.0064183750134163
B3,Green,0.010683344,0.0069872276483846
B3,Green,0.011106032,0.008114199849737
B3,Green,0.00861016,0.0056670602125147
B3,Green,0.007382352,0.0103466781152731
B3,Green,0.014165488,0.0061607813673929
B3,Green,0.015192016,0.0070408929913062
B3,Green,0.011297248,0.0079424707523881
B3,Green,0.009898352,0.0105935386927122
B3,Green,0.027349328,0.0113341204250295
B3,Green,0.01354152,0.0057743908983578
B3,Green,0.01434664,0.0073950842545883
B3,Green,0.011065776,0.007835140066545
B3,Green,0.00886176,0.0052699366748953
B3,Green,0.01213256,0.0059139207899538
B3,Green,0.014024592,0.0078244069979607
B3,Green,0.010713536,0.0076741440377804
B3,Green,0.009214,0.0068584308253729
B3,Green,0.008499456,0.0721262208865514
B3,Green,0.012696144,0.0072340882258237
B3,Green,0.012716272,0.0075668133519373
B3,Green,0.009375024,0.0503380916604057
B3,Green,0.01585624,0.0071160244713963
B3,Green,0.018191088,0.0129011484383385
B3,Green,0.01344088,0.0138885907480948
B3,Green,0.017506736,0.0095202318342814
B3,Green,0.016047456,0.0156166147901685
B3,Green,0.010109696,0.0067511001395298
B3,Green,0.009445472,0.0059246538585381
B3,Green,0.007674208,0.0131372759471933
B3,Green,0.013279856,0.0057851239669421
B3,Green,0.01233384,0.008672319416121
B3,Green,0.010331104,0.0075668133519373
B3,Green,0.0082076,0.0048728131372759
B3,Green,0.010612896,0.0117097778254803
B3,Green,0.0134912,0.00682623161962
B3,Green,0.013571712,0.0074594826660942
B3,Green,0.010783984,0.0056241279381775
B3,Green,0.007613824,0.0049479446173661
B3,Green,0.007060304,0.0063110443275732
B3,Green,0.013823312,0.0065579049050123
B3,Green,0.014064848,0.0087474508962112
B3,Green,0.012021856,0.0062573789846517
B3,Green,0.020868112,0.0195985832349468
B3,Green,0.017687888,0.0193517226575077
B3,Green,0.012323776,0.0281313727594719
B3,Green,0.020113312,0.0193839218632607
B3,Green,0.023675968,0.0407963936889556
B3,Green,0.008982528,0.0057421916926049
B3,Green,0.00684896,0.0065901041107652
B3,Green,0.00825792,0.007695610174949
B3,Green,0.012575376,0.0066437694536868
B3,Green,0.01414536,0.0174734356552538
B3,Green,0.010099632,0.0063861758076634
B3,Green,0.007613824,0.0050445422346248
B3,Green,0.008026448,0.0110013952989159
B3,Green,0.011921216,0.0057529247611892
B3,Green,0.01394408,0.007105291402812
B3,Green,0.009958736,0.0064613072877535
B3,Green,0.007120688,0.0047332832456799
B3,Green,0.01188096,0.0054523988408285
B3,Green,0.015061184,0.0081249329183213
B3,Green,0.009445472,0.0080176022324782
B3,Green,0.009234128,0.005677793281099
B3,Green,0.012706208,0.0056992594182676
B3,Green,0.010341168,0.0080176022324782
B3,Green,0.011991664,0.0060427176129655
B3,Green,0.011267056,0.0073521519802511
B3,Green,0.007935872,0.0088011162391327
B3,Green,0.014437216,0.0062788451218203
B3,Green,0.015192016,0.0089943114736503
B3,Green,0.013169152,0.0114307180422882
B3,Green,0.012645824,0.0085435225931093
B3,Green,0.011921216,0.0079854030267253
B3,Green,0.015815984,0.013094343672856
B3,Green,0.01832192,0.0110228614360845
B3,Green,0.012162752,0.0161532682193839
B3,Green,0.0124848,0.0076419448320274
B3,Green,0.012867232,0.0071160244713963
B3,Green,0.0132396,0.0082215305355801
B3,Green,0.011156352,0.0093055704625952
B3,Green,0.01414536,0.0098958892347322
B3,Green,0.013974272,0.010657937104218
B3,Green,0.011599168,0.009230438982505
B3,Green,0.014286256,0.0081571321240742
B3,Green,0.009304576,0.0075668133519373
B3,Green,0.017929424,0.008393259632929
B3,Green,0.012696144,0.0116346463453901
B3,Green,0.009324704,0.0071696898143179
B3,Green,0.007724528,0.0060749168187184
B3,Green,0.00961656,0.0103252119781045
B3,Green,0.010713536,0.0044542234624879
B3,Green,0.008680608,0.0086079210046152
B3,Green,0.009546112,0.0058280562412793
B3,Green,0.00735216,0.0052484705377267
B3,Green,0.005963328,0.0087152516904583
B3,Green,0.012243264,0.0080820006439841
B3,Green,0.006808704,0.0071804228829022
B3,Green,0.011699808,0.0061071160244713
B3,Green,0.00941528,0.0066652355908554
B3,Green,0.009888288,0.0134807341418911
B3,Green,0.011619296,0.0078780723408822
B3,Green,0.011639424,0.0099817537834066
B3,Green,0.018784864,0.0148116346463453
B3,Green,0.027540544,0.0377052699366749
B3,Green,0.034343808,0.0315766877750348
B3,Green,0.022810464,0.0249221852527637
B3,Green,0.021119712,0.0265536116775786
B4,Red,0.004825911,-0.0008109261630388
B4,Red,0.0076083659999999,0.0010883482714468
B4,Red,0.006885904,0.002752880921895
B4,Red,0.0109766009999999,0.0058258642765685
B4,Red,0.009307128,0.0066154502774221
B4,Red,0.005597188,0.0015578318395219
B4,Red,0.0050114079999999,0.0058898847631241
B4,Red,0.008613955,0.0130815194195475
B4,Red,0.0115038029999999,0.0053990610328638
B4,Red,0.0083210649999999,0.0046734955185659
B4,Red,0.00475757,0.0012910798122065
B4,Red,0.005118801,0.0006508749466495
B4,Red,0.005655766,0.0024221084080239
B4,Red,0.010459162,0.0014831412718736
B4,Red,0.006456332,0.0012057191634656
B4,Red,0.006387991,0.000917626973965
B4,Red,0.0042694199999999,0.0017285531370038
B4,Red,0.005890078,0.0021660264618011
B4,Red,0.00456231,0.0003627827571489
B4,Red,0.004640414,0.0005761843790012
B4,Red,0.006339176,0.0006828851899274
B4,Red,0.0082331979999999,0.0002454118651301
B4,Red,0.005772922,0.000554844216816
B4,Red,0.004279183,0.0012270593256508
B4,Red,0.004142501,0.0015364916773367
B4,Red,0.005811974,0.0205292360221937
B4,Red,0.007803626,-0.000277422108408
B4,Red,0.00573387,0.0004268032437046
B4,Red,0.005089512,0.0015044814340588
B4,Red,0.005480032,-0.000192061459667
B4,Red,0.004484206,-0.0007148954332052
B4,Red,0.002228953,-0.0010883482714468
B4,Red,0.00495283,0.0006615450277422
B4,Red,0.001545543,0.0013230900554844
B4,Red,0.005694818,0.0026355100298762
B4,Red,0.00095,0.0049722577891591
B4,Red,0.0038203219999999,0.0013230900554844
B4,Red,0.013114698,0.0003094323516858
B4,Red,0.003078334,0.0017925736235595
B4,Red,0.004484206,0.0011630388390951
B4,Red,0.0133782989999999,0.0080879214682031
B4,Red,0.005118801,-8.536064874093065e-05
B4,Red,0.004620888,-7.469056764831478e-05
B4,Red,0.006378228,0.0013551002987622
B4,Red,0.007305713,0.0013977806231327
B4,Red,0.004962593,-0.0002987622705932
B4,Red,0.005558136,0.0002560819462227
B4,Red,0.004259657,-0.0004268032437046
B4,Red,0.005480032,0.0003734528382415
B4,Red,0.0087604,0.000970977379428
B4,Red,0.0070909269999999,0.0008642765685019
B4,Red,0.006651592,-0.0009816474605207
B4,Red,0.004718518,0.0004481434058898
B4,Red,0.004991882,0.0009282970550576
B4,Red,0.005353113,0.0004588134869825
B4,Red,0.006251309,0.0024541186513017
B4,Red,0.003771507,0.000832266325224
B4,Red,0.0038789,0.002027315407597
B4,Red,0.007842678,-2.134016218523359e-05
B4,Red,0.00104763,0.0021660264618011
B4,Red,0.00309786,0.001888604353393
B4,Red,0.004279183,0.0027848911651728
B4,Red,0.010957075,0.000277422108408
B4,Red,0.00104763,0.0013551002987622
B4,Red,0.001545543,0.0020379854886897
B4,Red,0.00095,0.0033290653008962
B4,Red,0.0117088259999999,9.603072983354652e-05
B4,Red,0.0035860099999999,0.0013444302176696
B4,Red,0.007530262,0.0026461801109688
B4,Red,0.012206739,0.0024541186513017
B4,Red,0.0036543509999999,0.0024754588134869
B4,Red,0.010761815,0.0090802390098164
B4,Red,0.0128901489999999,0.0145219803670507
B4,Red,0.0145108069999999,0.0135189927443448
B4,Red,0.0143253099999999,0.0151195049082373
B4,Red,0.004396339,0.0008429364063166
B4,Red,0.003957004,0.0008109261630388
B4,Red,0.005851026,0.0030409731113956
B4,Red,0.0130170679999999,0.0040012804097311
B4,Red,0.004415865,0.0016858728126333
B4,Red,0.01217745,0.0083653435766111
B4,Red,0.005704581,0.0021873666239863
B4,Red,0.0109863639999999,0.0044494238156209
B4,Red,0.0085651399999999,0.0044280836534357
B4,Red,0.006427043,0.0015258215962441
B4,Red,0.0097757519999999,0.0041613316261203
B4,Red,0.010429873,0.006338028169014
B4,Red,0.006593014,0.0032543747332479
B4,Red,0.008487036,0.0031903542466922
B4,Red,0.016892979,0.0075970977379428
B4,Red,0.0144717549999999,0.0113209560392658
B4,Red,0.0035274319999999,0.0016752027315407
B4,Red,0.005694818,-0.000554844216816
B4,Red,0.0033907499999999,0.004865556978233
B4,Red,0.006534436,0.002027315407597
B4,Red,0.0137883449999999,0.0036278275714895
B4,Red,0.00602676,0.0019206145966709
B4,Red,0.007266661,0.0033183952198036
B4,Red,0.0140128939999999,0.0045454545454545
B4,Red,0.008731111,0.0038732394366197
B4,Red,0.006641829,0.0032223644899701
B4,Red,0.0109180229999999,0.0036491677336747
B4,Red,0.00885803,0.0060285958173282
B4,Red,0.006846852,0.0035424669227486
B4,Red,0.015047772,0.0069675629534784
B4,Red,0.0046013619999999,0.0017712334613743
B4,Red,0.00544098,0.0008749466495945
B4,Red,0.003869137,0.0012377294067434
B4,Red,0.005040697,0.0038945795988049
B4,Red,0.006798037,0.0026781903542466
B4,Red,0.005411691,0.0175842936406316
B4,Red,0.001135497,0.0010029876227059
B4,Red,0.0087604,0.0054310712761416
B4,Red,0.010761815,0.0066154502774221
B4,Red,0.010097931,0.0115343576611182
B4,Red,0.004386576,0.0016965428937259
B4,Red,0.004357287,0.0002454118651301
B4,Red,0.001184312,0.0003414425949637
B4,Red,0.007344765,0.0001493811352966
B4,Red,0.003175964,0.0010136577037985
B4,Red,0.0069249559999999,0.0005228339735381
B4,Red,0.004015582,0.0016858728126333
B4,Red,0.007676707,0.0042040119504908
B4,Red,0.004816148,0.0012804097311139
B4,Red,0.0037519809999999,0.0023474178403755
B4,Red,0.0025316059999999,0.0004268032437046
B4,Red,0.008877556,8.536064874093065e-05
B4,Red,0.005109038,-4.268032437046533e-05
B4,Red,0.001174549,0.002027315407597
B4,Red,0.002873311,0.0020699957319675
B4,Red,0.00104763,0.0008215962441314
B4,Red,0.0088970819999999,0.0027315407597097
B4,Red,0.00544098,0.0013230900554844
B4,Red,0.034407801,0.0369504908237302
B4,Red,0.001799381,0.0016858728126333
B4,Red,0.002424213,0.0016965428937259
B4,Red,0.001164786,0.004502774221084
B4,Red,0.0099905379999999,0.0022940674349125
B4,Red,0.004913778,-0.0002347417840375
B4,Red,0.005226194,7.469056764831478e-05
B4,Red,0.00095,0.0024434485702091
B4,Red,0.001320994,0.0027955612462654
B4,Red,0.074221315,0.0596244131455399
B4,Red,0.00807699,0.0049402475458813
B4,Red,0.004474443,0.000970977379428
B4,Red,0.004523258,-7.469056764831478e-05
B4,Red,0.0019653519999999,5.33504054630812e-05
B4,Red,0.001057393,0.0003734528382415
B4,Red,0.003810559,0.0008856167306871
B4,Red,0.005987708,0.000554844216816
B4,Red,0.004874726,-0.000554844216816
B4,Red,0.003068571,0.001195049082373
B4,Red,0.006065812,-5.33504054630812e-05
B4,Red,0.004396339,0.0006081946222791
B4,Red,0.006104864,0.0002134016218523
B4,Red,0.005314061,-0.0008749466495945
B4,Red,0.002717103,0.0008429364063166
B4,Red,0.006719933,-0.0007255655142979
B4,Red,0.005782685,0.0010990183525394
B4,Red,0.004122975,-0.0002240717029449
B4,Red,0.005294535,-0.0003521126760563
B4,Red,0.00407416,0.0014938113529662
B4,Red,0.008408932,0.0003414425949637
B4,Red,0.005899841,0.0001813913785744
B4,Red,0.006348939,0.0012377294067434
B4,Red,0.004689229,0.0004694835680751
B4,Red,0.0038007959999999,0.0025181391378574
B4,Red,0.0088677929999999,8.536064874093065e-05
B4,Red,0.009824567,0.0002347417840375
B4,Red,0.006192731,0.0006508749466495
B4,Red,0.005851026,0.0040119504908237
B4,Red,0.022448126,0.002112676056338
B4,Red,0.008360117,-0.000277422108408
B4,Red,0.0090532899999999,0.0003734528382415
B4,Red,0.005958419,0.0009069568928723
B4,Red,0.004591599,-0.0007362355953905
B4,Red,0.0069444819999999,-0.0003094323516858
B4,Red,0.0089263709999999,0.0008962868117797
B4,Red,0.005392165,0.00069355527102
B4,Red,0.004474443,0.0008429364063166
B4,Red,0.004249894,0.0672748612889457
B4,Red,0.00690543,0.0003841229193341
B4,Red,0.006485621,6.402048655569706e-05
B4,Red,0.004064397,0.0516538625693555
B4,Red,0.0101955609999999,3.201024327784946e-05
B4,Red,0.0089849489999999,0.0015685019206145
B4,Red,0.006719933,0.0021233461374306
B4,Red,0.009160683,0.0009603072983354
B4,Red,0.0091802089999999,0.0019419547588561
B4,Red,0.005167616,0.0006828851899274
B4,Red,0.005235957,-0.0001493811352966
B4,Red,0.004054634,0.0033290653008962
B4,Red,0.007657181,2.134016218523174e-05
B4,Red,0.007149505,0.0007682458386683
B4,Red,0.00524572,0.0008536064874093
B4,Red,0.004181553,-0.0009816474605207
B4,Red,0.006309887,0.0024647887323943
B4,Red,0.00807699,0.0001067008109261
B4,Red,0.008399169,-8.536064874093065e-05
B4,Red,0.005646003,-6.402048655569892e-05
B4,Red,0.0037519809999999,-0.0007469056764831
B4,Red,0.003507906,-0.0018565941101152
B4,Red,0.007432632,0.0006188647033717
B4,Red,0.0089556599999999,0.0009816474605207
B4,Red,0.006134153,-2.134016218523359e-05
B4,Red,0.007745048,0.003307725138711
B4,Red,0.005089512,0.0031476739223218
B4,Red,0.005655766,0.0126333760136577
B4,Red,0.0097074109999999,0.0062526675202731
B4,Red,0.0092680759999999,0.0215428937259923
B4,Red,0.004874726,-0.0005228339735381
B4,Red,0.003371224,0.0001707212974818
B4,Red,0.0032931199999999,-0.0007789159197609
B4,Red,0.008008649,0.0012057191634656
B4,Red,0.0094828619999999,0.0107661118224498
B4,Red,0.005499558,0.000277422108408
B4,Red,0.0041327379999999,-0.0005655142979086
B4,Red,0.004503732,0.0026781903542466
B4,Red,0.007559551,0.0003734528382415
B4,Red,0.0095707289999999,0.0001280409731113
B4,Red,0.005040697,0.0006402048655569
B4,Red,0.003263831,-0.0009282970550576
B4,Red,0.007081164,-0.0004481434058898
B4,Red,0.010429873,0.0007042253521126
B4,Red,0.004181553,0.0015151515151515
B4,Red,0.005187142,3.201024327784946e-05
B4,Red,0.007745048,0.0001813913785744
B4,Red,0.004484206,0.0004588134869825
B4,Red,0.006583251,-0.000277422108408
B4,Red,0.006593014,0.0011737089201877
B4,Red,0.004181553,-0.0003947930004268
B4,Red,0.008672533,0.0004374733247972
B4,Red,0.009492625,0.0008536064874093
B4,Red,0.006671118,0.0018992744344857
B4,Red,0.006251309,0.0012270593256508
B4,Red,0.0069249559999999,-0.0001280409731113
B4,Red,0.010205324,0.0065834400341442
B4,Red,0.0102346129999999,0.0002880921895006
B4,Red,0.006475858,0.0032757148954332
B4,Red,0.006553962,0.0009282970550576
B4,Red,0.006407517,0.0005014938113529
B4,Red,0.007676707,0.0013871105420401
B4,Red,0.005968182,0.0003947930004268
B4,Red,0.0085456139999999,0.0039692701664532
B4,Red,0.0077548109999999,0.001333760136577
B4,Red,0.006202494,9.603072983354652e-05
B4,Red,0.0102736649999999,0.00252880921895
B4,Red,0.0046306509999999,-0.0009282970550576
B4,Red,0.0121579239999999,0.0029342723004694
B4,Red,0.007676707,0.0017712334613743
B4,Red,0.004581836,0.0013764404609475
B4,Red,0.004240131,0.0003307725138711
B4,Red,0.005216431,0.0013017498932991
B4,Red,0.006661355,-0.0002134016218523
B4,Red,0.004650177,0.0007362355953905
B4,Red,0.005216431,-0.0003201024327784
B4,Red,0.003595773,-0.0001813913785744
B4,Red,0.002648762,0.0007042253521126
B4,Red,0.008438221,0.0034357661118224
B4,Red,0.0032247789999999,-0.0001280409731113
B4,Red,0.006534436,-0.0003521126760563
B4,Red,0.005040697,0.0006722151088348
B4,Red,0.006719933,0.0051216389244558
B4,Red,0.007383817,0.002806231327358
B4,Red,0.006768748,0.0011203585147247
B4,Red,0.00671017,0.00550576184379
B4,Red,0.004581836,0.013625693555271
B4,Red,0.007071401,0.0130815194195475
B4,Red,0.0092290239999999,0.0080772513871105
B4,Red,0.001721277,0.0080025608194622
B8,NIR,0.0020745685,-0.0016308909941239
B8,NIR,0.0053861025,-0.0011392253267777
B8,NIR,0.0028126814999999,8.39429188152064e-05
B8,NIR,0.0034610239999999,-0.0008034536515169
B8,NIR,0.0022341604999999,-0.0011032497901426
B8,NIR,0.0038101314999999,-0.0002638206019906
B8,NIR,0.004199137,0.0028300755486269
B8,NIR,0.0064134759999999,0.0090898189231322
B8,NIR,0.009904551,0.003285765679338
B8,NIR,0.004318831,0.0020146300515649
B8,NIR,0.0016755885,-0.0010672742535076
B8,NIR,0.0016356905,-0.0016788583763041
B8,NIR,0.0026929874999999,-0.0004676819762561
B8,NIR,0.0066428895,-5.995922772514862e-05
B8,NIR,0.0037303354999999,-0.000851421033697
B8,NIR,0.0038001569999999,-0.0010193068713274
B8,NIR,0.0009773735,-0.0005396330495263
B8,NIR,0.0023139565,-0.0012711356277731
B8,NIR,0.001565869,-0.0013191030099532
B8,NIR,0.0010970675,-0.0015589399208538
B8,NIR,0.00294235,-0.0015949154574889
B8,NIR,0.0054060515,-0.0005156493584362
B8,NIR,0.0034610239999999,-0.0011632090178678
B8,NIR,0.001386328,-0.0014030459287684
B8,NIR,0.001206787,-0.0008993884158772
B8,NIR,0.0025234209999999,0.0236599112603429
B8,NIR,0.0049272755,-0.0011392253267777
B8,NIR,0.0034111514999999,-0.001235160091138
B8,NIR,0.0016955375,-0.0015229643842187
B8,NIR,0.001905002,-0.0011871927089579
B8,NIR,0.001466124,-0.0014390214654035
B8,NIR,0.0004686739999999,-0.0025302794100012
B8,NIR,0.002124441,0.0003717472118959
B8,NIR,0.0002891329999999,0.0003717472118959
B8,NIR,0.0027029619999999,0.0022184914258304
B8,NIR,-5e-05,0.0048686892912819
B8,NIR,0.0009175265,0.0003597553663508
B8,NIR,0.010882052,-0.0007075188871567
B8,NIR,0.0009973224999999,-0.0006355678138865
B8,NIR,0.0022740585,0.0010193068713275
B8,NIR,0.0063835524999999,-8.39429188152064e-05
B8,NIR,0.001446175,-0.0012951193188631
B8,NIR,0.0025333954999999,-0.0011512171723228
B8,NIR,0.0031119165,-0.0008034536515169
B8,NIR,0.0040295705,0.0013071111644082
B8,NIR,0.0028924775,-0.0008993884158772
B8,NIR,0.0026929874999999,-0.0009593476436023
B8,NIR,0.002284033,-0.0013071111644082
B8,NIR,0.001366379,-0.0007674781148818
B8,NIR,0.0058648785,0.0007794699604269
B8,NIR,0.005435975,-0.0006715433505216
B8,NIR,0.0039697234999999,-0.0014749970020386
B8,NIR,0.0016755885,-0.0004796738218011
B8,NIR,0.002084543,0.0002038613742655
B8,NIR,0.0022341604999999,-0.0005156493584362
B8,NIR,0.0040295705,0.0020985729703801
B8,NIR,0.0010172715,0.0003117879841707
B8,NIR,0.001765359,0.000827437342607
B8,NIR,0.0071416145,4.796738218011557e-05
B8,NIR,4.9745e-05,0.0014030459287684
B8,NIR,0.001785308,0.0023144261901906
B8,NIR,0.0018750785,0.0025782467921813
B8,NIR,0.0109119754999999,8.39429188152064e-05
B8,NIR,4.9745e-05,0.000431706439621
B8,NIR,0.0004586995,0.0020146300515649
B8,NIR,-5e-05,0.0028180837030819
B8,NIR,0.010762358,-0.0005396330495263
B8,NIR,0.0021942624999999,0.0006595515049766
B8,NIR,0.0033912024999999,0.0007554862693368
B8,NIR,0.0091963615,-5.995922772514862e-05
B8,NIR,0.00214439,0.0021105648159251
B8,NIR,0.0024735485,0.0002278450653555
B8,NIR,0.0005185464999999,-0.0008993884158772
B8,NIR,0.006313731,0.0018107686772994
B8,NIR,0.001126991,0.0005276412039812
B8,NIR,0.0008377304999999,-0.0009953231802374
B8,NIR,0.0009973224999999,-0.0005995922772514
B8,NIR,0.001905002,0.0003717472118959
B8,NIR,0.007371028,0.0003837390574409
B8,NIR,0.0005584444999999,-0.0006955270416117
B8,NIR,0.0035807179999999,0.0001079266099052
B8,NIR,0.0018950274999999,-0.0004077227485309
B8,NIR,0.0057751079999999,0.0018707279050245
B8,NIR,0.004797607,0.0025182875644561
B8,NIR,0.0023538544999999,-0.0005396330495263
B8,NIR,0.0044684485,0.0008754047247871
B8,NIR,0.006233935,0.004496942079386
B8,NIR,0.0020546194999999,-0.0010672742535076
B8,NIR,0.0029922225,-0.0011512171723228
B8,NIR,0.0083784525,-0.0001439021465403
B8,NIR,0.0034610239999999,-0.0007075188871567
B8,NIR,0.0009175265,-0.0005756085861614
B8,NIR,0.0021942624999999,-0.001654874685214
B8,NIR,0.001466124,0.0051325098932725
B8,NIR,0.00174541,-0.0015829236119438
B8,NIR,0.0075405944999999,-0.0004556901307111
B8,NIR,0.0021344155,-0.0011392253267777
B8,NIR,0.0025333954999999,-0.0009473557980573
B8,NIR,0.007231385,-7.195107327017335e-05
B8,NIR,0.0031318655,-0.0008634128792421
B8,NIR,0.001705512,-0.0006115841227964
B8,NIR,0.004837505,-0.0003237798297157
B8,NIR,0.0034709985,-0.0002278450653555
B8,NIR,0.002264084,9.593476436023946e-05
B8,NIR,0.006912201,0.0001558939920853
B8,NIR,0.001087093,-0.0008993884158772
B8,NIR,0.0026530894999999,-0.0013550785465883
B8,NIR,0.0008277559999999,-0.0006955270416117
B8,NIR,0.001645665,-0.0008873965703321
B8,NIR,0.0024037269999999,-0.0007914618059719
B8,NIR,0.0012367105,0.0199064636047487
B8,NIR,-5e-05,-0.0008873965703321
B8,NIR,0.0025234209999999,-0.0006955270416117
B8,NIR,0.0038300804999999,-0.0017867849862093
B8,NIR,0.004278933,0.0104568893152656
B8,NIR,0.0006182914999999,-0.0001439021465403
B8,NIR,0.0016556395,-0.0010792660990526
B8,NIR,5.971949999999999e-05,-0.0005756085861614
B8,NIR,0.004558219,-0.0007434944237918
B8,NIR,8.964299999999998e-05,-0.0005516248950713
B8,NIR,0.0033712534999999,-0.0010552824079625
B8,NIR,0.001306532,-0.0008993884158772
B8,NIR,0.0034211259999999,-0.0014869888475836
B8,NIR,0.001186838,-0.0015469480753087
B8,NIR,0.0012167615,-0.0003357716752608
B8,NIR,0.0003988524999999,-0.0019067034416596
B8,NIR,0.004598117,-0.001235160091138
B8,NIR,0.0025832679999999,-0.0014989806931286
B8,NIR,-5e-05,-0.0013310948554982
B8,NIR,0.000927501,-0.0001918695287204
B8,NIR,4.9745e-05,-0.0018587360594795
B8,NIR,0.0044484995,-0.0006715433505216
B8,NIR,0.0024934975,-0.0006235759683415
B8,NIR,0.0006282659999999,-0.0005756085861614
B8,NIR,-5e-05,-0.0009473557980573
B8,NIR,0.0007180364999999,-0.0006235759683415
B8,NIR,6.9694e-05,0.0070751888715673
B8,NIR,0.0059845725,-0.000419714594076
B8,NIR,0.003081993,-0.0017508094495742
B8,NIR,0.0033513044999999,-0.0011871927089579
B8,NIR,-5e-05,-0.0012231682455929
B8,NIR,-5e-05,-0.0008754047247871
B8,NIR,0.1308852615,0.0967861853939321
B8,NIR,0.0028625539999999,0.0006835351960666
B8,NIR,0.0007579344999999,-0.000839429188152
B8,NIR,0.001266634,-0.001666866530759
B8,NIR,9.846999999999996e-06,-0.0010193068713274
B8,NIR,4.9745e-05,-0.0016188991485789
B8,NIR,0.001286583,-0.0004796738218011
B8,NIR,0.001924951,-0.0012231682455929
B8,NIR,0.0016755885,-0.0021705240436503
B8,NIR,0.0009873479999999,-0.0009473557980573
B8,NIR,0.0030620439999999,-0.0010312987168725
B8,NIR,0.001565869,-0.000851421033697
B8,NIR,0.0024735485,-0.0015349562297637
B8,NIR,0.0022042369999999,-0.0017628012951193
B8,NIR,0.0008975774999999,-0.0014869888475836
B8,NIR,0.0034510494999999,7.195107327017335e-05
B8,NIR,0.0027029619999999,-0.0005516248950713
B8,NIR,0.0020945175,-0.0011152416356877
B8,NIR,0.002962299,-0.0013670703921333
B8,NIR,0.0020945175,0.0007794699604269
B8,NIR,0.005635465,0.0001918695287204
B8,NIR,0.003161789,-0.0003717472118959
B8,NIR,0.0024137014999999,-0.0003117879841707
B8,NIR,0.002064594,-0.0009953231802374
B8,NIR,0.001625716,-0.0001319103009953
B8,NIR,0.005096842,-0.0006475596594315
B8,NIR,0.0065231955,-0.0008754047247871
B8,NIR,0.0025533444999999,-0.0010672742535076
B8,NIR,0.002982248,0.0041371867130351
B8,NIR,0.0199289234999999,-0.0003477635208058
B8,NIR,0.005076893,-0.0006835351960666
B8,NIR,0.0064234505,-0.0010792660990526
B8,NIR,0.0024137014999999,-0.0009233721069672
B8,NIR,0.0016755885,-0.0015709317663988
B8,NIR,0.0034909475,-0.0014150377743134
B8,NIR,0.0059845725,-0.0009353639525122
B8,NIR,0.0014760984999999,-0.0011032497901426
B8,NIR,0.0018152315,-0.0010552824079625
B8,NIR,0.0018551295,0.0741815565415517
B8,NIR,0.0034111514999999,-0.0003957309029859
B8,NIR,0.0035607689999999,-0.0014630051564935
B8,NIR,0.0017952825,0.0695646960067154
B8,NIR,0.0066229405,-0.0002758124475356
B8,NIR,0.0059347,-0.0008993884158772
B8,NIR,0.0027328854999999,-0.0015229643842187
B8,NIR,0.0053063065,-0.000827437342607
B8,NIR,0.004777658,-0.0019426789782947
B8,NIR,0.0016356905,-0.0009593476436023
B8,NIR,0.0027528344999999,-0.0014510133109485
B8,NIR,0.0014960474999999,7.195107327017335e-05
B8,NIR,0.0040295705,-0.0009113802614222
B8,NIR,0.0043288054999999,-0.0011752008634128
B8,NIR,0.00214439,-0.0006595515049766
B8,NIR,0.001705512,-0.0017268257584842
B8,NIR,0.0038400549999999,-0.0006595515049766
B8,NIR,0.0044484995,-0.0004916656673462
B8,NIR,0.0052065615,-0.0007914618059719
B8,NIR,0.002284033,-0.0014150377743134
B8,NIR,0.0013763535,-0.0016069073030339
B8,NIR,0.001845155,-0.0040412519486748
B8,NIR,0.004957199,0.0005036575128912
B8,NIR,0.006313731,-0.000443698285166
B8,NIR,0.0025234209999999,-0.0014749970020386
B8,NIR,0.0035009219999999,-0.0014150377743134
B8,NIR,0.001805257,-0.001235160091138
B8,NIR,0.0018152315,0.0078186832953591
B8,NIR,0.006632915,0.0030699124595275
B8,NIR,0.0007180364999999,0.0143422472718551
B8,NIR,0.0021842879999999,-0.0014749970020386
B8,NIR,0.0017154865,-0.0005276412039812
B8,NIR,0.001067144,-0.0018227605228444
B8,NIR,0.005515771,0.0007554862693368
B8,NIR,0.007630365,0.0102770116320901
B8,NIR,0.0026231659999999,-0.0008873965703321
B8,NIR,0.001905002,-0.0015109725386736
B8,NIR,0.002084543,-0.0003597553663508
B8,NIR,0.0050070715,-0.0001319103009953
B8,NIR,0.0072214105,-0.0001798776831754
B8,NIR,0.001845155,-0.0005156493584362
B8,NIR,0.0011968125,-0.001666866530759
B8,NIR,0.0045881425,-0.0010672742535076
B8,NIR,0.0074408495,-0.0002398369109005
B8,NIR,0.001206787,-0.0003837390574409
B8,NIR,0.0023339055,-0.0009353639525122
B8,NIR,0.0043687034999999,-0.0002878042930807
B8,NIR,0.001805257,-0.0010912579445976
B8,NIR,0.0036106414999999,-0.0015109725386736
B8,NIR,0.0043088564999999,-0.0003837390574409
B8,NIR,0.0021942624999999,-0.0023384098812807
B8,NIR,0.005575618,9.593476436023946e-05
B8,NIR,0.0070618185,-0.0002997961386257
B8,NIR,0.0029523245,-0.0007315025782467
B8,NIR,0.0035607689999999,0.0
B8,NIR,0.0038101314999999,-0.0005396330495263
B8,NIR,0.005894802,0.0057560858616141
B8,NIR,0.007291232,-0.0015109725386736
B8,NIR,0.0039098764999999,-0.0006475596594315
B8,NIR,0.0035507944999999,-0.0009353639525122
B8,NIR,0.003161789,-0.0011032497901426
B8,NIR,0.005116791,-0.0004916656673462
B8,NIR,0.0025533444999999,-0.0015229643842187
B8,NIR,0.005276383,0.0031778390694327
B8,NIR,0.0057451845,-0.0001079266099052
B8,NIR,0.0033413299999999,-0.0014030459287684
B8,NIR,0.010243684,0.0032138146060678
B8,NIR,0.0022042369999999,-0.002062597433745
B8,NIR,0.0124280995,0.0043170643962105
B8,NIR,0.0079395745,0.0024463364911859
B8,NIR,0.0014561495,-0.0002997961386257
B8,NIR,0.0021842879999999,-0.0010432905624175
B8,NIR,0.001865104,-0.0010912579445976
B8,NIR,0.0037303354999999,-0.0006595515049766
B8,NIR,0.0026032169999999,-0.0002398369109005
B8,NIR,0.0026131914999999,-0.0015469480753087
B8,NIR,0.0019349255,-0.0009713394891473
B8,NIR,0.0007379855,-0.0010193068713274
B8,NIR,0.0056653885,0.0025782467921813
B8,NIR,0.001645665,-0.000827437342607
B8,NIR,0.0035009219999999,-0.0012111764000479
B8,NIR,0.0027129364999999,-0.000419714594076
B8,NIR,0.0057850825,0.0035136107446936
B8,NIR,0.0038101314999999,0.0026741815565415
B8,NIR,0.0047477345,-0.000839429188152
B8,NIR,0.0037901824999999,0.0045329176160211
B8,NIR,-5e-05,0.0075788463844585
B8,NIR,0.000269184,0.0020506055882
B8,NIR,0.004059494,0.0014989806931286
B8,NIR,-5e-05,0.0037894231922292
B11,SWIR1,0.0011887715,0.0011575413821044
B11,SWIR1,0.0047764379999999,0.0012038430373885
B11,SWIR1,0.0017384139999999,0.001053362657715
B11,SWIR1,0.002078193,0.0011112397268202
B11,SWIR1,0.0009988949999999,0.0008565806227572
B11,SWIR1,0.0054160219999999,0.0027896747308716
B11,SWIR1,0.005276113,0.0033568700081027
B11,SWIR1,0.0054360089999999,0.005787706910522
B11,SWIR1,0.0074247154999999,0.0039124898715129
B11,SWIR1,0.0074846765,0.0043755064243546
B11,SWIR1,1.9532000000000056e-05,0.0007755527260099
B11,SWIR1,0.000559181,0.0004051394837365
B11,SWIR1,0.000479233,0.0017826137284407
B11,SWIR1,0.002018232,0.0020256974186827
B11,SWIR1,0.0019882515,0.0012848709341358
B11,SWIR1,0.0023280304999999,0.0008218543812941
B11,SWIR1,0.0009489274999999,0.0009260331056835
B11,SWIR1,0.0009089535,0.0016668595902303
B11,SWIR1,0.0002293955,0.0005671952772311
B11,SWIR1,0.0005192069999999,0.0003472624146313
B11,SWIR1,0.000479233,0.0014122004861673
B11,SWIR1,0.0018783229999999,0.0017131612455145
B11,SWIR1,0.00229805,0.0007176756569047
B11,SWIR1,7.949299999999992e-05,0.000544044449589
B11,SWIR1,-0.0002402989999999,0.0005093182081259
B11,SWIR1,0.000599155,0.036497279777752
B11,SWIR1,0.0018483425,0.0012385692788517
B11,SWIR1,0.0019682644999999,0.0007061002430836
B11,SWIR1,0.0004092784999999,0.0005208936219469
B11,SWIR1,0.0008489924999999,0.0015395300381988
B11,SWIR1,0.000639129,0.0008334297951151
B11,SWIR1,0.0001494474999999,0.0023961106609561
B11,SWIR1,0.0006691094999999,0.0038314619747656
B11,SWIR1,0.0024479525,0.0044218080796388
B11,SWIR1,0.0032474325,0.0032295404560713
B11,SWIR1,0.0046365289999999,0.0054404444958907
B11,SWIR1,0.0002893565,0.0009491839333256
B11,SWIR1,0.008633929,0.0009260331056835
B11,SWIR1,0.0010988299999999,0.0027433730755874
B11,SWIR1,0.000978908,0.0020141220048616
B11,SWIR1,0.0060256254999999,0.0026739205926611
B11,SWIR1,0.0003593109999999,0.0003588378284523
B11,SWIR1,0.001138804,0.0010070610024308
B11,SWIR1,0.0012687195,0.0031022109040398
B11,SWIR1,0.0011188169999999,0.0046880425975228
B11,SWIR1,0.0018983099999999,0.0022224794536404
B11,SWIR1,0.0014186219999999,0.0004398657251996
B11,SWIR1,0.001618492,0.0011228151406412
B11,SWIR1,0.001078843,0.0028359763861558
B11,SWIR1,0.0026977899999999,0.0029517305243662
B11,SWIR1,0.0031175169999999,0.0020025465910406
B11,SWIR1,0.0027477574999999,0.0020372728325037
B11,SWIR1,0.000599155,0.0008681560365783
B11,SWIR1,0.0012287455,0.0016668595902303
B11,SWIR1,0.0005691745,0.0016900104178724
B11,SWIR1,0.0016984399999999,0.0034610487324921
B11,SWIR1,0.0012986999999999,0.002639194351198
B11,SWIR1,0.0022081084999999,0.0015279546243778
B11,SWIR1,0.0064853265,0.0017363120731566
B11,SWIR1,0.0008889665,0.0028822780414399
B11,SWIR1,0.0020881865,0.0032295404560713
B11,SWIR1,0.002977608,0.0037041324227341
B11,SWIR1,0.010652616,0.0020604236601458
B11,SWIR1,0.000958921,0.0026507697650191
B11,SWIR1,0.0028476925,0.0034726241463132
B11,SWIR1,0.002437959,0.0045607130454913
B11,SWIR1,0.008773838,0.0013890496585252
B11,SWIR1,0.0018783229999999,0.002627618937377
B11,SWIR1,0.0015085634999999,0.0023035073503877
B11,SWIR1,0.006855086,0.0011691167959254
B11,SWIR1,0.0022680695,0.0028822780414399
B11,SWIR1,0.001038869,0.0010880888991781
B11,SWIR1,0.000958921,0.0013543234170621
B11,SWIR1,0.0027077835,0.0023961106609561
B11,SWIR1,0.001058856,0.0018983678666512
B11,SWIR1,-8.040300000000005e-05,0.0003819886560944
B11,SWIR1,0.0018083685,0.0012732955203148
B11,SWIR1,0.000599155,0.0020835744877879
B11,SWIR1,0.004716477,0.0018867924528301
B11,SWIR1,0.0020881865,0.0020719990739668
B11,SWIR1,0.0013186869999999,0.0014932283829146
B11,SWIR1,0.0006491225,0.0011575413821044
B11,SWIR1,0.0023080435,0.001840490797546
B11,SWIR1,0.0039469775,0.0051742099780067
B11,SWIR1,0.0017683944999999,0.0018057645560828
B11,SWIR1,0.001798375,0.0020719990739668
B11,SWIR1,0.002457946,0.0067831924991318
B11,SWIR1,0.0011487975,0.0009607593471466
B11,SWIR1,0.0014086284999999,0.0015048037967357
B11,SWIR1,0.0033273804999999,0.0011922676235675
B11,SWIR1,0.0022680695,0.0011228151406412
B11,SWIR1,-0.0003102535,0.0006250723463363
B11,SWIR1,0.001138804,0.0004051394837365
B11,SWIR1,0.0005491875,0.0123162403055909
B11,SWIR1,0.0002393889999999,0.0014006250723463
B11,SWIR1,0.0035172569999999,0.0013774742447042
B11,SWIR1,0.0010988299999999,0.0010417872438939
B11,SWIR1,0.000479233,0.0011691167959254
B11,SWIR1,0.0036071984999999,0.0013658988308832
B11,SWIR1,0.0015585309999999,0.0020488482463248
B11,SWIR1,-4.5500000000000846e-07,0.0008797314503993
B11,SWIR1,0.0015885114999999,0.0013080217617779
B11,SWIR1,0.0017584009999999,0.0017478874869776
B11,SWIR1,0.0002593759999999,0.0016900104178724
B11,SWIR1,0.002118167,0.0017363120731566
B11,SWIR1,0.0008389989999999,0.000532469035768
B11,SWIR1,0.001438609,0.0003935640699154
B11,SWIR1,0.0015485374999999,0.0014585021414515
B11,SWIR1,0.0019083034999999,0.0010070610024308
B11,SWIR1,0.003177478,0.0012385692788517
B11,SWIR1,0.0029876015,0.0258710498900335
B11,SWIR1,0.0019282904999999,0.0018983678666512
B11,SWIR1,0.0029376339999999,0.0017826137284407
B11,SWIR1,0.0046365289999999,0.0014585021414515
B11,SWIR1,0.0039269904999999,0.0111123972682023
B11,SWIR1,0.0006191419999999,0.001053362657715
B11,SWIR1,0.0014086284999999,0.0010302118300729
B11,SWIR1,0.0025578809999999,0.0032179650422502
B11,SWIR1,0.0022880565,0.0016900104178724
B11,SWIR1,0.0018083685,0.0016089825211251
B11,SWIR1,0.0031375039999999,0.0022919319365667
B11,SWIR1,-4.5500000000000846e-07,0.0003935640699154
B11,SWIR1,0.0016784529999999,0.0013080217617779
B11,SWIR1,-0.0002502925,0.0006482231739784
B11,SWIR1,0.000779038,0.0007176756569047
B11,SWIR1,0.000639129,0.0011575413821044
B11,SWIR1,0.0015785179999999,0.0010302118300729
B11,SWIR1,0.0011787779999999,0.000810278967473
B11,SWIR1,-0.000660026,0.0004861673804838
B11,SWIR1,0.0007590509999999,0.0005671952772311
B11,SWIR1,-6.041599999999999e-05,0.0009723347609677
B11,SWIR1,0.0016784529999999,0.0014122004861673
B11,SWIR1,0.0009189469999999,0.0008334297951151
B11,SWIR1,-0.0005301105,0.0003241115869892
B11,SWIR1,-0.0005900715,0.0008565806227572
B11,SWIR1,0.0009988949999999,0.0008913068642203
B11,SWIR1,-4.042900000000003e-05,0.0198518347030906
B11,SWIR1,0.0025678744999999,0.0014585021414515
B11,SWIR1,0.0014885764999999,0.0008450052089362
B11,SWIR1,0.0011687844999999,0.0010186364162518
B11,SWIR1,0.0016784529999999,0.0018752170390091
B11,SWIR1,0.0018683294999999,0.0016321333487672
B11,SWIR1,0.197051378,0.1256279661997916
B11,SWIR1,0.0044066784999999,0.0037620094918393
B11,SWIR1,0.00469649,0.0033452945942817
B11,SWIR1,0.0008290054999999,0.0004398657251996
B11,SWIR1,0.0001094734999999,0.0009144576918624
B11,SWIR1,0.0002693695,0.00133117258942
B11,SWIR1,0.0008889665,0.00133117258942
B11,SWIR1,0.00029935,0.0006597985877995
B11,SWIR1,0.0006691094999999,0.0009491839333256
B11,SWIR1,0.0005691745,0.001597407107304
B11,SWIR1,0.0008389989999999,0.0014006250723463
B11,SWIR1,0.0009489274999999,0.0016205579349461
B11,SWIR1,0.0008489924999999,0.0003472624146313
B11,SWIR1,0.0009689145,0.0004745919666628
B11,SWIR1,0.000219402,0.0012617201064938
B11,SWIR1,0.001218752,0.0034610487324921
B11,SWIR1,0.0021081735,0.001574256279662
B11,SWIR1,0.0005491875,0.0013543234170621
B11,SWIR1,0.0022680695,0.0008797314503993
B11,SWIR1,0.0015685244999999,0.0018636416251881
B11,SWIR1,0.0032274455,0.0054057182544276
B11,SWIR1,0.0023979849999999,0.0029170042829031
B11,SWIR1,0.0017284204999999,0.0007292510707257
B11,SWIR1,0.0013486675,0.0016552841764093
B11,SWIR1,0.0010988299999999,0.0017015858316934
B11,SWIR1,0.0025378939999999,0.0033452945942817
B11,SWIR1,0.0050662495,0.0030790600763977
B11,SWIR1,0.0013986349999999,0.0004398657251996
B11,SWIR1,0.0022680695,0.0067137400162055
B11,SWIR1,0.0202563695,0.0034957749739553
B11,SWIR1,0.0033473674999999,0.0032642666975344
B11,SWIR1,0.0054360089999999,0.001597407107304
B11,SWIR1,0.0008489924999999,0.0004514411390207
B11,SWIR1,0.000739064,0.000810278967473
B11,SWIR1,0.0014086284999999,0.0012501446926727
B11,SWIR1,0.0037371139999999,0.0024887139715244
B11,SWIR1,0.0015585309999999,0.0006597985877995
B11,SWIR1,0.0012487325,0.0008334297951151
B11,SWIR1,0.0022680695,0.095555041092719
B11,SWIR1,0.0018783229999999,0.0012385692788517
B11,SWIR1,0.002258076,0.0017941891422618
B11,SWIR1,0.0015985049999999,0.1011575413821044
B11,SWIR1,0.0029276404999999,0.0024539877300613
B11,SWIR1,0.0039669645,0.0020141220048616
B11,SWIR1,0.0017284204999999,0.0004398657251996
B11,SWIR1,0.002118167,0.0022919319365667
B11,SWIR1,0.0037970749999999,0.0012269938650306
B11,SWIR1,0.0006691094999999,0.0007524018983678
B11,SWIR1,0.0013786479999999,0.000810278967473
B11,SWIR1,0.0004092784999999,0.0034841995601342
B11,SWIR1,0.001198765,0.0017478874869776
B11,SWIR1,0.0031874714999999,0.0016552841764093
B11,SWIR1,0.001078843,0.0004630165528417
B11,SWIR1,0.0009988949999999,0.0007061002430836
B11,SWIR1,0.0029876015,0.002893853455261
B11,SWIR1,0.0018283555,0.0027317976617664
B11,SWIR1,0.003617192,0.0043060539414284
B11,SWIR1,0.0013386739999999,0.001064938071536
B11,SWIR1,0.0005491875,0.0012038430373885
B11,SWIR1,0.0009189469999999,0.001319597175599
B11,SWIR1,0.0026078484999999,0.0042829031137863
B11,SWIR1,0.0048363989999999,0.0033568700081027
B11,SWIR1,0.0013086934999999,0.000277809931705
B11,SWIR1,0.0049263404999999,0.0019215186942933
B11,SWIR1,0.004176828,0.0016668595902303
B11,SWIR1,0.004676503,0.0066095612918161
B11,SWIR1,0.006175528,0.004745919666628
B11,SWIR1,0.0054160219999999,0.014446116448663
B11,SWIR1,0.0012287455,0.0009144576918624
B11,SWIR1,0.0009289404999999,0.0014816529690936
B11,SWIR1,0.0016484725,0.002372959833314
B11,SWIR1,0.0030075885,0.003171663386966
B11,SWIR1,0.0046365289999999,0.0121426090982752
B11,SWIR1,0.001478583,0.0013774742447042
B11,SWIR1,0.001458596,0.0005903461048732
B11,SWIR1,0.0014286154999999,0.0018636416251881
B11,SWIR1,0.002617842,0.00210672531543
B11,SWIR1,0.0049463274999999,0.0046185901145966
B11,SWIR1,0.0011687844999999,0.0015395300381988
B11,SWIR1,0.0006091485,0.001064938071536
B11,SWIR1,0.0025778679999999,0.0022340548674615
B11,SWIR1,0.005935684,0.004479685148744
B11,SWIR1,0.0002293955,0.0006366477601574
B11,SWIR1,0.0012287455,0.0016321333487672
B11,SWIR1,0.0022280954999999,0.0030443338349346
B11,SWIR1,0.0012687195,0.0022224794536404
B11,SWIR1,0.0013786479999999,0.0004051394837365
B11,SWIR1,0.0023480175,0.0012038430373885
B11,SWIR1,0.000659116,0.0018752170390091
B11,SWIR1,0.0016684595,0.0024655631438823
B11,SWIR1,0.0049063535,0.002905428869082
B11,SWIR1,0.0020282254999999,0.0011806922097465
B11,SWIR1,0.0032974,0.0018636416251881
B11,SWIR1,0.0037670945,0.0039356406991549
B11,SWIR1,0.0029276404999999,0.0057529806690589
B11,SWIR1,0.007174878,0.0016668595902303
B11,SWIR1,0.0058157619999999,0.0019446695219354
B11,SWIR1,0.0014885764999999,0.0007176756569047
B11,SWIR1,0.001238739,0.0009839101747887
B11,SWIR1,0.003277413,0.0012269938650306
B11,SWIR1,0.0009988949999999,0.0025465910406297
B11,SWIR1,0.0017484074999999,0.0048037967357333
B11,SWIR1,0.0047864315,0.0019215186942933
B11,SWIR1,0.0017184269999999,0.0018057645560828
B11,SWIR1,0.008713877,0.0051394837365435
B11,SWIR1,0.0022880565,0.0026970714203032
B11,SWIR1,0.0084840265,0.006308600532469
B11,SWIR1,0.0069750079999999,0.0059960643593008
B11,SWIR1,0.000219402,0.0007061002430836
B11,SWIR1,0.0008689795,0.0008681560365783
B11,SWIR1,0.0005092135,0.0025928926959138
B11,SWIR1,0.0013286804999999,0.0023035073503877
B11,SWIR1,0.0017783879999999,0.0016900104178724
B11,SWIR1,0.0015585309999999,0.0004745919666628
B11,SWIR1,0.0015185569999999,0.0011343905544623
B11,SWIR1,0.0011687844999999,0.0020951499016089
B11,SWIR1,0.003077543,0.0038430373885866
B11,SWIR1,0.00369714,0.0031832388007871
B11,SWIR1,0.0020082385,0.0005903461048732
B11,SWIR1,0.001798375,0.0014932283829146
B11,SWIR1,0.0077045335,0.0067716170853108
B11,SWIR1,0.0014186219999999,0.0060770922560481
B11,SWIR1,0.0034373089999999,0.0021993286259983
B11,SWIR1,0.00289766,0.0054635953235328
B11,SWIR1,0.0018983099999999,0.0061465447389744
B11,SWIR1,0.0018483425,0.0024424123162403
B11,SWIR1,0.0022380889999999,0.0023498090056719
B11,SWIR1,0.0026478225,0.0053131149438592
B12,SWIR2,0.0013210905,0.0013202400436443
B12,SWIR2,0.0044449195,0.0013529732678668
B12,SWIR2,0.0015797515,0.0006328423349699
B12,SWIR2,0.002365683,0.0012765957446808
B12,SWIR2,0.0015897,0.0006873977086743
B12,SWIR2,0.0048229625,0.0028477905073649
B12,SWIR2,0.0041464645,0.0028914348063284
B12,SWIR2,0.004653838,0.004342607746863
B12,SWIR2,0.005927246,0.0031642116748499
B12,SWIR2,0.0067231259999999,0.0042116748499727
B12,SWIR2,0.0004058284999999,0.0007310420076377
B12,SWIR2,0.000714232,0.0007528641571194
B12,SWIR2,0.0008037685,0.0020731042007637
B12,SWIR2,0.0016991334999999,0.0018876159301691
B12,SWIR2,0.0018583094999999,0.0011238406983087
B12,SWIR2,0.001828464,0.0009929078014184
B12,SWIR2,0.0019577945,0.001102018548827
B12,SWIR2,0.0011221204999999,0.0020840152755046
B12,SWIR2,0.0002665495,0.000545553737043
B12,SWIR2,0.0006047985,0.0006110201854882
B12,SWIR2,0.0008833565,0.0016366612111292
B12,SWIR2,0.0014404725,0.001811238406983
B12,SWIR2,0.0019378975,0.0008947081287506
B12,SWIR2,0.000475468,0.0004800872885979
B12,SWIR2,0.000515262,0.0006110201854882
B12,SWIR2,0.000873408,0.0255755591925804
B12,SWIR2,0.001549906,0.0014839061647572
B12,SWIR2,0.0019876399999999,0.001418439716312
B12,SWIR2,0.0004655195,0.0006655755591925
B12,SWIR2,0.000654541,0.0015602836879432
B12,SWIR2,0.001112172,0.0007746863066012
B12,SWIR2,0.000276498,0.0026186579378068
B12,SWIR2,0.000893305,0.0039825422804146
B12,SWIR2,0.0031516145,0.0046153846153846
B12,SWIR2,0.0035495544999999,0.0027059465357337
B12,SWIR2,0.006325186,0.0046808510638297
B12,SWIR2,0.0006047985,0.0007637752318603
B12,SWIR2,0.0078473065,0.0006219312602291
B12,SWIR2,0.0013210905,0.0029350791052918
B12,SWIR2,0.0013409875,0.0017566830332787
B12,SWIR2,0.005748173,0.0026295690125477
B12,SWIR2,0.0006246955,0.0004473540643753
B12,SWIR2,0.0014205755,0.001102018548827
B12,SWIR2,0.0015399575,0.003316966721222
B12,SWIR2,0.000933099,0.0045171849427168
B12,SWIR2,0.001728979,0.0022149481723949
B12,SWIR2,0.001768773,0.0004255319148936
B12,SWIR2,0.001689185,0.0012656846699399
B12,SWIR2,0.0017190304999999,0.0030878341516639
B12,SWIR2,0.002365683,0.0026950354609929
B12,SWIR2,0.0027536745,0.0022258592471358
B12,SWIR2,0.0027138805,0.0022367703218767
B12,SWIR2,0.000833614,0.000861974904528
B12,SWIR2,0.0012415025,0.0015711947626841
B12,SWIR2,0.0011320689999999,0.0016912165848336
B12,SWIR2,0.002126919,0.0031969448990725
B12,SWIR2,0.0015399575,0.0027059465357337
B12,SWIR2,0.002544756,0.0011238406983087
B12,SWIR2,0.0064445679999999,0.0014729950900163
B12,SWIR2,0.0015996485,0.002444080741953
B12,SWIR2,0.002504962,0.0028368794326241
B12,SWIR2,0.0035097605,0.0031314784506273
B12,SWIR2,0.009647985,0.0018548827059465
B12,SWIR2,0.002504962,0.0023131478450627
B12,SWIR2,0.0038679065,0.0030660120021822
B12,SWIR2,0.0044847135,0.004026186579378
B12,SWIR2,0.0078075125,0.0011129296235679
B12,SWIR2,0.001490215,0.0024222585924713
B12,SWIR2,0.0015797515,0.0021822149481723
B12,SWIR2,0.0065540015,0.001102018548827
B12,SWIR2,0.002027434,0.0024004364429896
B12,SWIR2,0.0016593394999999,0.0011238406983087
B12,SWIR2,0.00119176,0.0018985270049099
B12,SWIR2,0.0028133654999999,0.0020731042007637
B12,SWIR2,0.0011818115,0.001658483360611
B12,SWIR2,0.0001670645,0.0004364429896344
B12,SWIR2,0.0021766614999999,0.0012111292962356
B12,SWIR2,0.000674438,0.0019858156028368
B12,SWIR2,0.0041265675,0.0016912165848336
B12,SWIR2,0.0020373824999999,0.002291325695581
B12,SWIR2,0.0015001635,0.0011129296235679
B12,SWIR2,0.001032584,0.000861974904528
B12,SWIR2,0.001888155,0.0013093289689034
B12,SWIR2,0.004295692,0.0044735406437534
B12,SWIR2,0.00258455,0.0018003273322422
B12,SWIR2,0.0016394425,0.0015166393889798
B12,SWIR2,0.0029725415,0.0062084015275504
B12,SWIR2,0.002166713,0.0005346426623022
B12,SWIR2,0.0012415025,0.0015166393889798
B12,SWIR2,0.0026840349999999,0.0012875068194217
B12,SWIR2,0.002246301,0.0012984178941625
B12,SWIR2,0.000475468,0.0005346426623022
B12,SWIR2,0.001808567,0.0007310420076377
B12,SWIR2,0.0008833565,0.0098854337152209
B12,SWIR2,0.0006843865,0.0017021276595744
B12,SWIR2,0.002703932,0.0018876159301691
B12,SWIR2,0.0012415025,0.0009492635024549
B12,SWIR2,0.000535159,0.000861974904528
B12,SWIR2,0.0030023869999999,0.0016257501363884
B12,SWIR2,0.001569803,0.0021494817239498
B12,SWIR2,0.0003660344999999,0.0006546644844517
B12,SWIR2,0.001231554,0.0015275504637206
B12,SWIR2,0.001908052,0.0015821058374249
B12,SWIR2,0.000813717,0.0016257501363884
B12,SWIR2,0.001669288,0.0018221494817239
B12,SWIR2,0.0014205755,0.0008728859792689
B12,SWIR2,0.0018384124999999,0.0009819967266775
B12,SWIR2,0.0020572795,0.0015602836879432
B12,SWIR2,0.002524859,0.0011347517730496
B12,SWIR2,0.003161563,0.0012656846699399
B12,SWIR2,0.002803417,0.0206546644844517
B12,SWIR2,0.003479915,0.0022695035460992
B12,SWIR2,0.0032709965,0.0017021276595744
B12,SWIR2,0.0043255375,0.0017021276595744
B12,SWIR2,0.0037783699999999,0.0078887070376432
B12,SWIR2,0.0011420175,0.0010147299509001
B12,SWIR2,0.0020970735,0.0011129296235679
B12,SWIR2,0.0031317175,0.0035242771412984
B12,SWIR2,0.0021368675,0.0017566830332787
B12,SWIR2,0.002624344,0.0018876159301691
B12,SWIR2,0.003678885,0.0025968357883251
B12,SWIR2,0.000654541,0.0005346426623022
B12,SWIR2,0.0017787215,0.0012220403709765
B12,SWIR2,9.742500000000004e-05,0.0006546644844517
B12,SWIR2,0.0012017085,0.0006764866339334
B12,SWIR2,0.000873408,0.0014075286415711
B12,SWIR2,0.0011022235,0.0010038188761593
B12,SWIR2,0.001012687,0.0009165302782324
B12,SWIR2,0.0010226355,0.0005673758865248
B12,SWIR2,0.002166713,0.0004473540643753
B12,SWIR2,0.0009828415,0.0017021276595744
B12,SWIR2,0.0027536745,0.0014729950900163
B12,SWIR2,0.00238558,0.0009929078014184
B12,SWIR2,0.0006644895,0.0007746863066012
B12,SWIR2,0.000316292,0.0007965084560829
B12,SWIR2,0.0014404725,0.0006873977086743
B12,SWIR2,0.0004257255,0.0167375886524822
B12,SWIR2,0.002166713,0.0015275504637206
B12,SWIR2,0.0018185155,0.0011456628477905
B12,SWIR2,0.001430524,0.0012438625204582
B12,SWIR2,0.002664138,0.0019639934533551
B12,SWIR2,0.0027934685,0.0016803055100927
B12,SWIR2,0.1406796785,0.0943371522094926
B12,SWIR2,0.0042061554999999,0.0036552100381887
B12,SWIR2,0.0057083789999999,0.0037752318603382
B12,SWIR2,0.000913202,0.0004255319148936
B12,SWIR2,0.000375983,0.0009929078014184
B12,SWIR2,0.000873408,0.0017675941080196
B12,SWIR2,0.0011320689999999,0.0013857064920894
B12,SWIR2,0.000515262,0.0004909983633387
B12,SWIR2,0.0007639745,0.0010692853246044
B12,SWIR2,0.000873408,0.0020076377523186
B12,SWIR2,0.0008236655,0.0016803055100927
B12,SWIR2,0.0012415025,0.0018548827059465
B12,SWIR2,0.000654541,0.0004473540643753
B12,SWIR2,0.0013807815,0.0009601745771958
B12,SWIR2,0.0009032535,0.0017130387343153
B12,SWIR2,0.0012613995,0.0040043644298963
B12,SWIR2,0.002226404,0.0015166393889798
B12,SWIR2,0.0010027385,0.0014402618657937
B12,SWIR2,0.002166713,0.0009165302782324
B12,SWIR2,0.001450421,0.0015821058374249
B12,SWIR2,0.0027238289999999,0.0055210038188761
B12,SWIR2,0.0025547045,0.0028587015821058
B12,SWIR2,0.0020174855,0.000469176213857
B12,SWIR2,0.0015399575,0.0015057283142389
B12,SWIR2,0.0013409875,0.0018657937806873
B12,SWIR2,0.0023756315,0.003873431533006
B12,SWIR2,0.0048428595,0.0034588106928532
B12,SWIR2,0.0016792364999999,0.0006328423349699
B12,SWIR2,0.0025149105,0.0058919803600654
B12,SWIR2,0.0159254885,0.0037752318603382
B12,SWIR2,0.0031118205,0.0035024549918166
B12,SWIR2,0.0056387395,0.0019203491543917
B12,SWIR2,0.0010027385,0.0005564648117839
B12,SWIR2,0.0008634595,0.0011565739225313
B12,SWIR2,0.001490215,0.0016366612111292
B12,SWIR2,0.0037584729999999,0.0025859247135842
B12,SWIR2,0.0016792364999999,0.000785597381342
B12,SWIR2,0.0015996485,0.0007746863066012
B12,SWIR2,0.0023557344999999,0.0745226404800872
B12,SWIR2,0.0019378975,0.0014293507910529
B12,SWIR2,0.0021368675,0.0021822149481723
B12,SWIR2,0.001868258,0.0897326786688488
B12,SWIR2,0.002325889,0.0026404800872885
B12,SWIR2,0.003460018,0.002444080741953
B12,SWIR2,0.002067228,0.000545553737043
B12,SWIR2,0.001908052,0.0026623022367703
B12,SWIR2,0.0045046105,0.001494817239498
B12,SWIR2,0.0007440775,0.0006655755591925
B12,SWIR2,0.0014802665,0.001025641025641
B12,SWIR2,0.0008634595,0.0032515002727768
B12,SWIR2,0.001092275,0.001974904528096
B12,SWIR2,0.0033505845,0.0018330605564648
B12,SWIR2,0.0012017085,0.0004909983633387
B12,SWIR2,0.001470318,0.0010801963993453
B12,SWIR2,0.0029128505,0.0030332787779596
B12,SWIR2,0.001649391,0.0029459901800327
B12,SWIR2,0.0030023869999999,0.0046262956901254
B12,SWIR2,0.0013608845,0.001178396072013
B12,SWIR2,0.0005650045,0.0015166393889798
B12,SWIR2,0.0012415025,0.0021058374249863
B12,SWIR2,0.0025944985,0.0044953627932351
B12,SWIR2,0.004355383,0.0035242771412984
B12,SWIR2,0.0010823265,0.0005891980360065
B12,SWIR2,0.0050617265,0.0020185488270594
B12,SWIR2,0.0039275974999999,0.0017675941080196
B12,SWIR2,0.004454868,0.004899072558647
B12,SWIR2,0.0058974004999999,0.0039061647572285
B12,SWIR2,0.0063749285,0.0122749590834697
B12,SWIR2,0.0015897,0.0009383524277141
B12,SWIR2,0.001430524,0.0014402618657937
B12,SWIR2,0.0020373824999999,0.0027932351336606
B12,SWIR2,0.003261048,0.0029896344789961
B12,SWIR2,0.0039872885,0.0106164757228587
B12,SWIR2,0.002107022,0.0015711947626841
B12,SWIR2,0.0012415025,0.0006983087834151
B12,SWIR2,0.001092275,0.0019639934533551
B12,SWIR2,0.002425374,0.0023022367703218
B12,SWIR2,0.0041265675,0.0050954719039825
B12,SWIR2,0.001530009,0.001658483360611
B12,SWIR2,0.0009032535,0.0012984178941625
B12,SWIR2,0.002703932,0.0027168576104746
B12,SWIR2,0.005529306,0.0046481178396072
B12,SWIR2,0.0008435625,0.0003273322422258
B12,SWIR2,0.0014205755,0.0018330605564648
B12,SWIR2,0.002126919,0.0030332787779596
B12,SWIR2,0.0016792364999999,0.0023022367703218
B12,SWIR2,0.001530009,0.0008074195308237
B12,SWIR2,0.0023955285,0.0011456628477905
B12,SWIR2,0.000813717,0.0024331696672122
B12,SWIR2,0.001450421,0.0027932351336606
B12,SWIR2,0.0044051255,0.0031533006001091
B12,SWIR2,0.0022960435,0.0011674849972722
B12,SWIR2,0.003201357,0.0017894162575013
B12,SWIR2,0.0034301725,0.0040807419530823
B12,SWIR2,0.0025944985,0.0046808510638297
B12,SWIR2,0.006922096,0.0019094380796508
B12,SWIR2,0.0061262159999999,0.0024004364429896
B12,SWIR2,0.0019776915,0.0006546644844517
B12,SWIR2,0.0015399575,0.0012656846699399
B12,SWIR2,0.0032510995,0.0011456628477905
B12,SWIR2,0.001092275,0.0024768139661756
B12,SWIR2,0.0017190304999999,0.0043644298963447
B12,SWIR2,0.0047533229999999,0.0021822149481723
B12,SWIR2,0.0020174855,0.0018330605564648
B12,SWIR2,0.0070514265,0.0040043644298963
B12,SWIR2,0.002325889,0.003076923076923
B12,SWIR2,0.006922096,0.0047244953627932
B12,SWIR2,0.005588997,0.0048445171849427
B12,SWIR2,0.000674438,0.0003600654664484
B12,SWIR2,0.0016394425,0.0009383524277141
B12,SWIR2,0.0006843865,0.0029896344789961
B12,SWIR2,0.001151966,0.0025750136388434
B12,SWIR2,0.0022164554999999,0.0017894162575013
B12,SWIR2,0.001947846,0.0004909983633387
B12,SWIR2,0.0016991334999999,0.0012438625204582
B12,SWIR2,0.0016991334999999,0.0023786142935079
B12,SWIR2,0.0026143955,0.0034478996181123
B12,SWIR2,0.005230851,0.0033387888707037
B12,SWIR2,0.002504962,0.0007201309328968
B12,SWIR2,0.0021169705,0.0013093289689034
B12,SWIR2,0.006603744,0.0068194217130387
B12,SWIR2,0.001350936,0.006001091107474
B12,SWIR2,0.003460018,0.0023022367703218
B12,SWIR2,0.0025746015,0.0042880523731587
B12,SWIR2,0.0024751165,0.0044953627932351
B12,SWIR2,0.0021567645,0.0020294599018003
B12,SWIR2,0.002743726,0.0022695035460992
B12,SWIR2,0.0038380609999999,0.0041243862520458
