method,bin,n,mean_width,coverage,conditioned_on
cqr,<5,78,8.030226,0.807692,measured
cqr,5–7.5,158,8.206609,0.962025,measured
cqr,7.5–10,311,8.005983,1.000000,measured
cqr,10–12.5,178,7.779568,0.949438,measured
cqr,>12.5,87,8.226696,0.620690,measured
mondrian,<5,78,7.426757,0.858974,measured
mondrian,5–7.5,158,7.214219,0.911392,measured
mondrian,7.5–10,311,6.801241,0.983923,measured
mondrian,10–12.5,178,6.973935,0.915730,measured
mondrian,>12.5,87,7.209515,0.701149,measured
split,<5,78,7.212435,0.833333,measured
split,5–7.5,158,7.171647,0.936709,measured
split,7.5–10,311,7.177838,0.971061,measured
split,10–12.5,178,6.958990,0.938202,measured
split,>12.5,87,6.842134,0.678161,measured
cqr,<5,17,8.478734,1.000000,predicted
cqr,5–7.5,183,8.111948,0.918033,predicted
cqr,7.5–10,306,7.841529,0.941176,predicted
cqr,10–12.5,277,8.005932,0.906137,predicted
cqr,>12.5,29,9.226627,0.862069,predicted
mondrian,<5,17,6.979788,0.941176,predicted
mondrian,5–7.5,183,7.913248,0.950820,predicted
mondrian,7.5–10,306,5.853077,0.875817,predicted
mondrian,10–12.5,277,7.783704,0.924188,predicted
mondrian,>12.5,29,6.517227,0.931034,predicted
split,<5,17,6.979788,0.941176,predicted
split,5–7.5,183,7.202128,0.907104,predicted
split,7.5–10,306,7.113446,0.918301,predicted
split,10–12.5,277,7.074382,0.906137,predicted
split,>12.5,29,6.517227,0.931034,predicted
