station,lat,lon,residual,n,zone_label,x_km,y_km,shore_km,local_I,p_local,lag,cluster,z,q_local
341,-15.439200,-69.600900,-2.111376,2,Lago Mayor,435.531488,8293.005594,9.313003,1.513692,0.017100,-0.808066,LL,-1.873228,0.234000
B03,-15.994800,-69.427000,-0.330178,2,Lago Mayor,454.313056,8231.592908,2.088028,0.150053,0.200000,-0.336068,ns,-0.446497,0.432415
E-145,-16.513900,-68.977000,0.189972,2,Lago Menor,502.454418,8174.218361,5.914773,0.006080,0.304900,-0.203610,ns,-0.029859,0.458181
E-147,-16.493000,-69.059600,-1.482956,2,Lago Menor,493.639172,8176.529513,3.001327,-0.027020,0.482600,0.019724,ns,-1.369867,0.491677
E-148,-16.518700,-68.877300,-0.455615,2,Lago Menor,513.093471,8173.683539,2.439412,-0.190450,0.194200,0.348190,ns,-0.546972,0.432415
E01,-15.852855,-69.960536,0.653686,11,Bahia de Puno,397.151704,8247.105409,1.084641,0.299558,0.018000,0.876994,HH,0.341574,0.234000
E02,-15.846675,-69.924958,0.585975,12,Bahia de Puno,400.958454,8247.806148,3.242865,0.221912,0.029700,0.772306,HH,0.287337,0.310084
E03,-15.862800,-69.905850,1.215726,4,Bahia de Puno,403.012365,8246.031251,1.431727,0.544920,0.041200,0.688234,HH,0.791765,0.310084
E04,-15.877050,-69.881200,2.666887,4,Bahia de Puno,405.658405,8244.466106,1.651547,0.966332,0.102800,0.494505,ns,1.954139,0.398468
E05,-15.839945,-69.892109,1.196298,11,Bahia de Puno,404.472928,8248.565832,2.344162,0.536223,0.043800,0.690828,HH,0.776203,0.313170
E07,-15.772600,-69.874000,1.670237,3,Bahia de Puno,406.381223,8256.023979,3.883922,0.882203,0.032300,0.763266,HH,1.155826,0.310084
E08,-15.780700,-69.863500,0.597659,10,Bahia de Puno,407.509679,8255.132569,2.447441,0.268942,0.013600,0.906455,HH,0.296696,0.234000
E09,-15.821267,-69.836867,0.818335,3,Bahia de Puno,410.380427,8250.656496,2.479886,0.415219,0.014500,0.876994,HH,0.473457,0.234000
E10,-15.774000,-69.740000,0.775839,1,Lago Mayor,420.735964,8255.924070,5.875569,-0.126321,0.237100,-0.287474,ns,0.439418,0.458172
E100,-16.005417,-68.995983,-0.204988,12,Lago Mayor,500.429738,8230.465458,8.259787,-0.218817,0.062900,0.632016,ns,-0.346221,0.359150
E101,-15.896200,-68.970700,-0.877082,1,Lago Mayor,503.136466,8242.546126,3.957405,0.209883,0.270000,-0.237273,ns,-0.884565,0.458181
E102,-15.935600,-68.968400,0.804619,1,Lago Mayor,503.382015,8238.187916,0.379260,-0.103254,0.299600,-0.223266,ns,0.462470,0.458181
E103,-15.939400,-68.901700,-1.151029,4,Lago Mayor,510.520440,8237.765361,1.011379,0.186507,0.323500,-0.168938,ns,-1.103995,0.458181
E104,-16.020730,-68.877510,-1.226580,10,Lago Mayor,513.104054,8228.767719,4.167405,-0.204138,0.338900,0.175299,ns,-1.164511,0.458181
E105,-15.986400,-68.801600,-1.394013,3,Lago Mayor,521.228599,8232.558857,1.859592,-0.206193,0.357400,0.158778,ns,-1.298624,0.458181
E107,-16.069600,-68.936100,-1.252232,1,Lago Mayor,506.834391,8223.364780,2.712520,-0.474721,0.159100,0.400589,ns,-1.185058,0.417711
E109,-16.261100,-69.261100,0.366216,1,Lago Mayor,472.100985,8202.165045,1.190907,0.104002,0.009300,0.934331,HH,0.111311,0.234000
E110,-16.234500,-69.205400,1.017495,1,Lago Mayor,478.049706,8205.114258,2.939554,0.425625,0.051900,0.672412,ns,0.632983,0.337350
E111,-16.256500,-69.184600,2.158582,1,Lago Mayor,480.274721,8202.682789,0.307780,0.193928,0.357800,0.125358,ns,1.546988,0.458181
E112,-16.246200,-69.141900,0.234728,1,Lago Mayor,484.836613,8203.825786,0.771510,0.001814,0.220700,0.302794,ns,0.005990,0.458172
E113,-16.219655,-69.132482,-0.730323,11,Lago Mayor,485.841140,8206.762841,2.604547,-0.336019,0.141100,0.438088,ns,-0.767012,0.411554
E115,-16.170900,-69.137500,-0.709123,1,Lago Mayor,485.301217,8212.155556,1.833867,-0.057972,0.423300,0.077292,ns,-0.750030,0.477755
E116,-16.150100,-69.120700,0.310968,1,Lago Mayor,487.095794,8214.457502,2.830742,0.006446,0.406600,0.096132,ns,0.067058,0.465150
E117,-16.165850,-69.101900,-0.177133,12,Lago Mayor,489.106593,8212.716383,0.174466,-0.052485,0.348200,0.162036,ns,-0.323909,0.458181
E118,-16.085100,-69.149900,0.229163,1,Lago Mayor,483.968754,8221.645489,2.400400,0.000228,0.346300,0.148604,ns,0.001533,0.458181
E119,-16.043900,-69.130900,0.357227,3,Lago Mayor,485.997855,8226.204220,1.394168,0.010922,0.387300,0.104907,ns,0.104112,0.458181
E12,-15.585150,-69.809400,1.193204,2,Lago Mayor,413.222114,8276.787453,3.424567,-0.241482,0.228700,-0.312103,ns,0.773725,0.458172
E120,-16.127675,-68.935883,-0.954580,12,Lago Mayor,506.855571,8216.940778,5.406399,-0.603305,0.059200,0.637311,ns,-0.946640,0.352733
E121,-16.206950,-68.864017,-0.474252,12,Lago Mayor,514.534012,8208.167934,1.431728,-0.080457,0.370500,0.143187,ns,-0.561900,0.458181
E122,-16.227711,-68.835878,-0.031919,9,Lago Menor,517.539689,8205.869203,0.876867,-0.008340,0.456600,0.040176,ns,-0.207593,0.479207
E123,-16.192414,-68.796943,-0.388863,7,Lago Menor,521.704528,8209.769912,0.951577,0.158161,0.202600,-0.320486,ns,-0.493504,0.432415
E125,-16.247810,-68.768810,-0.800751,10,Lago Menor,524.704721,8203.639001,5.462732,0.597509,0.034800,-0.725639,LL,-0.823424,0.310084
E127,-16.218000,-68.622600,3.411399,2,Lago Menor,540.334795,8206.913332,0.688846,-0.528575,0.305300,-0.207245,ns,2.550490,0.458181
E129,-16.333900,-68.780800,-0.845264,2,Lago Menor,523.413257,8194.117295,5.185536,0.301346,0.185100,-0.350779,ns,-0.859078,0.426924
E13,-15.676075,-69.761425,0.952449,4,Bahia de Puno,418.401924,8266.748360,1.263306,-0.033459,0.454400,-0.057600,ns,0.580882,0.479207
E130,-16.277175,-68.879925,-0.382169,8,Lago Menor,512.829161,8200.400906,1.363900,-0.019667,0.459100,0.040289,ns,-0.488142,0.479207
E131,-16.287500,-68.904600,2.343363,1,Lago Menor,510.192277,8199.260170,3.309206,-0.420242,0.276000,-0.247931,ns,1.694997,0.458181
E132,-16.324350,-68.813883,-0.693756,6,Lago Menor,519.880503,8195.177216,8.427776,0.273698,0.165500,-0.371005,ns,-0.737721,0.417711
E135,-16.286986,-69.017300,-0.278691,7,Lago Menor,498.151711,8199.319360,2.363386,-0.015693,0.456500,0.038723,ns,-0.405256,0.479207
E136,-16.279888,-69.032063,0.357233,8,Lago Menor,496.574399,8200.104356,0.828497,-0.001957,0.484800,-0.018800,ns,0.104116,0.491677
E137,-16.387725,-68.859387,-0.069394,8,Lago Menor,515.015011,8188.170670,2.330310,-0.053224,0.286400,0.223997,ns,-0.237610,0.458181
E138,-16.401100,-68.833400,-0.685118,2,Lago Menor,517.788823,8186.689043,1.017473,0.049304,0.436800,-0.067465,ns,-0.730803,0.478075
E139,-16.422400,-68.903000,1.555049,1,Lago Menor,510.356103,8184.337688,0.560454,-0.288438,0.248100,-0.271200,ns,1.063561,0.458181
E14,-15.699050,-69.765537,0.134002,8,Bahia de Puno,417.970368,8264.205284,1.211253,-0.003859,0.440100,0.051662,ns,-0.074691,0.478075
E141,-16.382017,-69.009850,-0.169273,6,Lago Menor,498.948159,8188.807289,2.575891,-0.034440,0.398300,0.108435,ns,-0.317613,0.459330
E142,-16.452090,-68.999020,-0.118989,10,Lago Menor,500.104613,8181.055889,4.619069,0.055934,0.309700,-0.201685,ns,-0.277336,0.458181
E143,-16.481800,-68.940600,-0.237687,1,Lago Menor,506.339848,8177.768458,2.478067,-0.096475,0.259100,0.259053,ns,-0.372412,0.458181
E145,-16.514900,-68.977275,0.653854,8,Lago Menor,502.425059,8174.107744,5.805039,-0.090737,0.253600,-0.265538,ns,0.341708,0.458181
E147,-16.532800,-68.974160,0.125266,5,Lago Menor,502.757217,8172.127608,4.332042,0.015927,0.312200,-0.194972,ns,-0.081688,0.458181
E15,-15.673687,-69.786862,0.483189,8,Bahia de Puno,415.674791,8267.002512,0.066154,-0.024955,0.379700,-0.121729,ns,0.205006,0.458181
E16,-15.652173,-69.831055,0.476009,11,Bahia de Puno,410.929290,8269.364431,2.237240,0.082767,0.149700,0.415381,ns,0.199255,0.417711
E17,-15.591175,-69.875838,2.244658,8,Bahia de Puno,406.101454,8276.092812,2.459010,-0.448228,0.251000,-0.277380,ns,1.615935,0.458181
E18,-15.641400,-69.740550,-0.828367,2,Lago Mayor,420.625719,8270.591993,4.348810,0.154520,0.325200,-0.182746,ns,-0.845544,0.458181
E19,-15.656750,-69.766200,-0.411282,2,Lago Mayor,417.882465,8268.884239,1.122509,-0.063655,0.378000,0.124457,ns,-0.511461,0.458181
E20,-15.698000,-69.761100,0.128858,2,Lago Mayor,418.445466,8264.323149,1.620560,-0.004126,0.440100,0.052349,ns,-0.078811,0.478075
E21,-15.653900,-69.721150,1.425638,2,Lago Mayor,422.709857,8269.216416,5.736201,-0.494131,0.099400,-0.514772,ns,0.959903,0.398468
E22,-15.617915,-69.793715,0.012768,13,Lago Mayor,414.917301,8273.169284,3.075564,0.066945,0.164200,-0.389671,ns,-0.171799,0.417711
E23,-15.561500,-69.705250,2.123109,2,Lago Mayor,424.380183,8279.443211,13.457399,-1.384695,0.012100,-0.911839,HL,1.518575,0.234000
E24,-15.515000,-69.668350,-1.305538,2,Lago Mayor,428.320839,8284.599590,18.274825,0.162795,0.360200,-0.132596,ns,-1.227756,0.458181
E25,-15.482900,-69.745100,1.734673,3,Lago Mayor,420.076840,8288.123248,15.041639,0.056749,0.437700,0.046999,ns,1.207439,0.478075
E26,-15.537300,-69.360100,2.227032,1,Lago Mayor,461.384703,8282.212323,1.033127,-0.807287,0.107100,-0.503982,ns,1.601817,0.399300
E27,-15.473900,-69.773300,0.360262,6,Lago Mayor,417.048225,8289.108108,12.915969,0.046421,0.135400,0.435707,ns,0.106543,0.411554
E28,-15.414108,-69.762177,0.312047,13,Lago Mayor,418.218026,8295.726435,9.016874,-0.010809,0.351700,-0.159136,ns,0.067922,0.458181
E29,-15.552300,-69.716800,0.673211,2,Lago Mayor,423.138275,8280.456767,13.716948,-0.256579,0.035400,-0.718278,HL,0.357213,0.310084
E30,-15.802800,-69.684300,-3.306713,1,Lago Mayor,426.712796,8252.758403,9.884770,-0.439433,0.352800,0.155239,ns,-2.830688,0.458181
E31,-15.604750,-69.752350,-2.468152,2,Lago Mayor,419.346562,8274.641729,6.851321,0.286167,0.355500,-0.132546,ns,-2.159005,0.458181
E32,-15.383623,-69.717169,0.231736,13,Lago Mayor,423.036390,8299.115089,8.880836,-0.001404,0.164000,-0.390643,ns,0.003594,0.417711
E33,-15.514633,-69.709400,-0.447538,3,Lago Mayor,423.917988,8284.625989,16.609600,0.004100,0.488300,-0.007585,ns,-0.540502,0.491739
E34,-15.828600,-69.554500,-0.241380,1,Lago Mayor,440.622068,8249.945413,16.010518,0.218574,0.067900,-0.582288,ns,-0.375370,0.359619
E35,-15.510100,-69.594600,-0.059741,2,Lago Mayor,436.229130,8285.164922,14.968536,0.246155,0.004600,-1.070804,LL,-0.229878,0.234000
E36,-15.330315,-69.662208,-0.795028,13,Lago Mayor,428.916821,8305.030520,1.621409,0.723840,0.015100,-0.883982,LL,-0.818840,0.234000
E36B,-15.262100,-69.703400,-2.261995,2,Lago Mayor,424.470500,8312.562202,0.847164,1.138853,0.072800,-0.571176,ns,-1.993874,0.369828
E37,-15.511250,-69.503650,-1.506414,2,Lago Mayor,445.984056,8285.062717,6.765330,0.576578,0.142600,-0.415205,ns,-1.388657,0.411554
E38,-15.378200,-69.635100,-0.912642,1,Lago Mayor,431.842286,8299.742531,2.730708,0.792782,0.015300,-0.868281,LL,-0.913048,0.234000
E39,-15.399185,-69.510254,-0.515901,13,Lago Mayor,445.246366,8297.456896,0.271186,0.567229,0.010600,-0.952908,LL,-0.595261,0.234000
E40,-15.710467,-69.525633,0.395428,3,Lago Mayor,443.680714,8263.020806,24.740151,-0.030400,0.290600,-0.225669,ns,0.134710,0.458181
E41,-15.511525,-69.588333,-0.389229,12,Lago Mayor,436.901684,8285.009151,14.680080,0.507039,0.005000,-1.026818,LL,-0.493797,0.234000
E42,-15.550936,-69.648693,-0.897457,14,Lago Mayor,430.441158,8280.631014,18.314884,0.092513,0.388400,-0.102691,ns,-0.900885,0.458181
E43,-15.574431,-69.718562,-1.021319,13,Lago Mayor,422.957616,8278.008083,11.484269,0.428400,0.127600,-0.428358,ns,-1.000098,0.411554
E44,-15.688167,-69.409367,-0.052522,3,Lago Mayor,456.133612,8265.515017,13.787551,0.087756,0.157200,-0.391598,ns,-0.224096,0.417711
E45,-15.727150,-69.348425,-0.866894,4,Lago Mayor,462.671095,8261.214624,10.520556,0.492623,0.075000,-0.562095,ns,-0.876404,0.369828
E46,-15.671900,-69.326500,-0.183844,2,Lago Mayor,465.010654,8267.329737,5.727673,0.141141,0.140800,-0.428629,ns,-0.329284,0.411554
E47,-15.776750,-69.243200,-0.214829,2,Lago Mayor,473.950887,8255.744008,9.771343,0.120575,0.196400,-0.340508,ns,-0.354103,0.432415
E48,-15.576192,-69.341558,0.528603,12,Lago Mayor,463.379916,8277.913714,2.426934,-0.066922,0.240300,-0.277243,ns,0.241382,0.458172
E49,-15.641129,-69.417643,-0.330599,14,Lago Mayor,455.236509,8270.716337,12.724640,0.049133,0.385300,-0.109957,ns,-0.446834,0.458181
E50,-15.703964,-69.494471,-1.112530,14,Lago Mayor,447.017967,8263.748115,22.684875,0.199922,0.316900,-0.186293,ns,-1.073158,0.458181
E51,-15.773077,-69.560677,1.064004,13,Lago Mayor,439.944236,8256.085450,19.644302,-0.477364,0.037400,-0.712232,HL,0.670237,0.310084
E52,-15.828800,-69.635307,0.346112,14,Lago Mayor,431.968720,8249.898781,9.717903,-0.028260,0.230900,-0.296824,ns,0.095208,0.458172
E53,-15.894680,-69.683060,0.452910,10,Lago Mayor,426.878696,8242.595104,0.879581,-0.046024,0.266500,-0.254623,ns,0.180753,0.458181
E54,-15.972500,-69.491033,-0.378673,3,Lago Mayor,447.455843,8234.044558,4.230274,0.211141,0.135100,-0.435037,ns,-0.485341,0.411554
E55,-15.940333,-69.404767,-0.957816,3,Lago Mayor,456.680242,8237.622575,8.381479,0.455235,0.103100,-0.479583,ns,-0.949232,0.398468
E56,-15.966500,-69.358933,0.525675,3,Lago Mayor,461.590552,8234.737107,9.611309,-0.132392,0.080700,-0.553857,ns,0.239037,0.372261
E57,-15.946800,-69.298567,0.548457,3,Lago Mayor,468.047321,8236.926424,16.322205,0.019501,0.424300,0.075793,ns,0.257285,0.477755
E58,-15.972878,-69.455478,-0.506989,9,Lago Mayor,451.260710,8234.011418,3.495167,0.317449,0.086300,-0.539768,ns,-0.588122,0.385653
E59,-15.900629,-69.439157,-0.384537,14,Lago Mayor,452.990341,8242.007128,11.570622,0.272518,0.080400,-0.556115,ns,-0.490039,0.372261
E60,-15.854364,-69.356164,-1.154201,14,Lago Mayor,461.865733,8247.141545,19.216218,0.198084,0.315400,-0.179013,ns,-1.106536,0.458181
E61,-15.797107,-69.295200,-0.910982,14,Lago Mayor,468.384293,8253.485118,14.366309,0.324083,0.183000,-0.355464,ns,-0.911718,0.426924
E62,-15.904433,-69.245800,1.201772,3,Lago Mayor,473.688939,8241.620163,20.717671,-0.375558,0.115800,-0.481122,ns,0.780588,0.403888
E63,-15.906933,-69.200133,-0.081175,3,Lago Mayor,478.577499,8241.348841,18.225786,-0.039214,0.349700,0.158729,ns,-0.247047,0.458181
E64,-15.925000,-69.140833,0.519254,3,Lago Mayor,484.926399,8239.355594,12.904802,0.012407,0.441300,0.053044,ns,0.233894,0.478075
E65,-16.067950,-69.091800,0.245895,2,Lago Mayor,490.181496,8223.546173,0.721835,0.002073,0.369200,0.138799,ns,0.014935,0.458181
E66,-16.071233,-69.215733,-0.716463,3,Lago Mayor,476.926501,8223.173138,8.231489,-0.285800,0.175000,0.378087,ns,-0.755910,0.424153
E67,-16.059900,-69.173100,1.710688,3,Lago Mayor,481.485263,8224.431064,3.595169,-0.058436,0.466400,-0.049179,ns,1.188227,0.483011
E68,-16.032880,-69.262500,2.396986,5,Lago Mayor,471.919226,8227.409850,13.518535,0.047893,0.451900,0.027557,ns,1.737949,0.479207
E69,-16.090150,-68.948100,1.095805,2,Lago Mayor,505.550367,8221.091995,4.721314,0.332093,0.113300,0.477344,ns,0.695709,0.403888
E70,-16.040800,-68.895800,2.996081,2,Lago Mayor,511.146262,8226.548746,2.264240,-1.497294,0.046400,-0.675119,HL,2.217821,0.315962
E71,-16.099900,-68.795900,2.381996,2,Lago Mayor,521.826136,8220.003411,7.477249,-1.351118,0.025500,-0.782829,HL,1.725942,0.303875
E72,-15.718885,-69.152015,0.727010,13,Lago Mayor,483.713073,8262.153783,0.269162,-0.186634,0.122000,-0.466229,ns,0.400306,0.410377
E73,-15.888950,-69.099400,1.209461,2,Lago Mayor,489.359179,8243.345766,8.983438,-0.210584,0.260900,-0.267665,ns,0.786746,0.458181
E74,-16.052333,-69.022567,0.377874,3,Lago Mayor,497.586186,8225.275657,5.409942,-0.005140,0.469500,-0.042607,ns,0.120649,0.483011
E75,-16.082667,-68.998167,2.075581,3,Lago Mayor,500.196070,8221.920462,3.735973,-0.635895,0.143900,-0.429512,ns,1.480505,0.411554
E76,-15.879736,-69.016950,0.154679,14,Lago Mayor,498.185412,8244.367441,1.034238,0.021296,0.181000,-0.366363,ns,-0.058129,0.426924
E77,-16.163533,-68.930600,1.696409,3,Lago Menor,507.419147,8212.974090,1.961123,-0.142191,0.392100,-0.120829,ns,1.176790,0.458181
E78,-15.890150,-69.132667,-1.161788,12,Lago Mayor,485.798045,8243.211055,12.386002,-0.278622,0.265000,0.250421,ns,-1.112613,0.458181
E79,-16.024015,-69.171938,0.235333,13,Lago Mayor,481.606209,8228.400555,5.362457,0.002472,0.170300,0.381808,ns,0.006475,0.419878
E80,-16.085054,-69.260408,-0.733770,13,Lago Mayor,472.150307,8221.638870,13.202117,-0.160328,0.290900,0.208280,ns,-0.769773,0.458181
E81,-16.170900,-69.130050,2.827052,2,Lago Menor,486.097625,8212.156074,1.413310,-0.822111,0.166500,-0.394784,ns,2.082430,0.417711
E82,-16.123185,-69.382138,0.354297,13,Lago Mayor,459.139291,8217.400710,5.666840,-0.022708,0.292300,-0.223141,ns,0.101764,0.458181
E83,-16.193831,-69.469054,-0.060549,13,Lago Mayor,449.863382,8209.566716,1.795866,0.023777,0.394100,-0.103144,ns,-0.230525,0.458181
E84,-16.247767,-69.278333,2.226391,3,Lago Mayor,470.257554,8203.637527,2.604559,0.829720,0.099000,0.518153,ns,1.601303,0.398468
E85,-16.225000,-69.313650,-0.239788,4,Lago Mayor,466.479763,8206.150481,3.428749,-0.189174,0.108900,0.505684,ns,-0.374095,0.399300
E86,-16.148500,-69.387200,0.736735,1,Lago Mayor,458.603331,8214.599364,3.886138,-0.085529,0.300200,-0.209581,ns,0.408095,0.458181
E87,-16.496400,-68.971000,0.898831,1,Lago Menor,503.094979,8176.154123,5.223344,-0.160435,0.231600,-0.298242,ns,0.537934,0.458172
E88,-16.205850,-69.378783,0.462615,12,Lago Mayor,459.514878,8208.257077,0.185566,-0.021952,0.386500,-0.116442,ns,0.188527,0.458181
E90,-16.244600,-69.356900,-0.249755,1,Lago Mayor,461.861300,8203.974798,0.123529,-0.059068,0.353700,0.154597,ns,-0.382079,0.458181
E91,-16.232000,-69.342800,-0.473226,1,Lago Mayor,463.365724,8205.371166,1.991843,-0.160107,0.235900,0.285357,ns,-0.561078,0.458172
E92,-16.242800,-69.306500,0.363003,1,Lago Mayor,467.246845,8204.182633,1.865155,0.071207,0.055300,0.654849,ns,0.108738,0.343822
E94,-16.251583,-69.288950,0.938546,12,Lago Mayor,469.123655,8203.213763,1.631410,0.393169,0.041200,0.690079,HH,0.569745,0.310084
E95,-16.265700,-69.281500,1.470382,1,Lago Mayor,469.921893,8201.653311,0.975057,0.616444,0.065300,0.619079,ns,0.995743,0.359150
E96,-16.250100,-69.273700,2.346455,1,Lago Mayor,470.753016,8203.380085,2.770179,0.852343,0.100800,0.502124,ns,1.697474,0.398468
E97,-16.175650,-69.195683,-0.932054,12,Lago Mayor,479.081887,8211.625090,6.839148,-0.435267,0.123400,0.468736,ns,-0.928597,0.410377
E98,-16.106758,-69.107892,0.643960,12,Lago Mayor,488.462645,8219.252540,1.151180,-0.058511,0.338600,-0.175297,ns,0.333783,0.458181
E99,-16.075817,-69.075450,-0.915718,12,Lago Mayor,491.930535,8222.676706,0.598196,-0.313642,0.197700,0.342586,ns,-0.915512,0.432415
P02,-16.213500,-68.733000,-4.012796,2,Lago Menor,528.536306,8207.429644,0.339265,-1.021360,0.240000,0.300731,ns,-3.396257,0.458172
P03,-16.215800,-68.691200,1.900564,2,Lago Menor,533.003439,8207.168954,0.197304,0.138095,0.384600,0.103032,ns,1.340317,0.458181
P04,-16.254400,-68.601200,3.958205,2,Lago Menor,542.614124,8202.882469,2.204325,-0.837499,0.248800,-0.280243,ns,2.988478,0.458181
P10,-16.582100,-68.872300,2.341442,2,Lago Menor,513.622576,8166.669874,1.470719,-0.042700,0.496800,-0.025215,ns,1.693458,0.496800
P15,-16.311900,-68.849500,1.367115,2,Lago Menor,516.077031,8196.557552,5.586758,-0.127085,0.373400,-0.139191,ns,0.913027,0.458181
