label,family,features,tuned,log_target,R2,RMSE,MAE,bias,n
Ensemble (RF+ET+XGB+LGBM optimizados),ensemble,all12,True,False,0.564,1.88,1.456,0.026,812
XGB optimizado (anidado),xgb,all12,True,False,0.562,1.883,1.456,0.019,812
LGBM optimizado (anidado),lgbm,all12,True,False,0.555,1.899,1.484,0.029,812
ET por defecto,et,all12,False,False,0.555,1.9,1.47,0.024,812
RF optimizado (anidado),rf,all12,True,False,0.551,1.908,1.484,0.027,812
XGB optimizado + log(Zsd),xgb,all12,True,True,0.551,1.907,1.473,-0.213,812
RF por defecto,rf,all12,False,False,0.548,1.914,1.489,0.028,812
ET optimizado (anidado),et,all12,True,False,0.547,1.915,1.475,0.029,812
RF optimizado + log(Zsd),rf,all12,True,True,0.544,1.922,1.486,-0.242,812
XGB optimizado -- visible_only,xgb,visible_only,True,False,0.528,1.956,1.521,-0.015,812
XGB por defecto,xgb,all12,False,False,0.52,1.972,1.552,0.053,812
LGBM por defecto,lgbm,all12,False,False,0.499,2.016,1.594,0.061,812
XGB optimizado -- ratios_only,xgb,ratios_only,True,False,0.381,2.24,1.756,-0.018,812
