lake,country,clarity,band,msi_band,hls_intercept,native_ls_median,s2_median,s2_hls_median,hls_shift_pct,ls_over_s2_hls,n_ls,n_s2
Lake Titicaca,Peru/Bolivia,clear,B2,B2,-0.004,0.007347,0.018848,0.01443,-23.4,0.51,300,300
Lake Titicaca,Peru/Bolivia,clear,B3,B3,-0.0008500000000000001,0.0077,0.014491,0.013734,-5.2,0.56,300,300
Lake Titicaca,Peru/Bolivia,clear,B4,B4,0.00095,0.000798,0.007451,0.008225,10.4,0.1,300,300
Lake Titicaca,Peru/Bolivia,clear,B8,B8A,-5e-05,-0.000444,0.005026,0.004963,-1.2,-0.09,300,300
Lake Titicaca,Peru/Bolivia,clear,B11,B11,-0.0007,0.002129,0.003547,0.002845,-19.8,0.75,300,300
Lake Titicaca,Peru/Bolivia,clear,B12,B12,-0.00039999999999999996,0.002273,0.0033,0.002884,-12.6,0.79,300,300
Lake Tahoe,United States,clear,B2,B2,-0.004,0.015953,0.018545,0.014133,-23.8,1.13,300,300
Lake Tahoe,United States,clear,B3,B3,-0.0008500000000000001,0.007226,0.008703,0.007909,-9.1,0.91,300,300
Lake Tahoe,United States,clear,B4,B4,0.00095,-8.4e-05,0.002248,0.003144,39.9,-0.03,300,300
Lake Tahoe,United States,clear,B8,B8A,-5e-05,-0.000648,0.002403,0.002346,-2.3,-0.28,300,300
Lake Tahoe,United States,clear,B11,B11,-0.0007,0.000784,0.001815,0.001114,-38.6,0.7,300,300
Lake Tahoe,United States,clear,B12,B12,-0.00039999999999999996,0.001216,0.00208,0.001669,-19.7,0.73,300,300
Lake Baikal,Russia,clear,B2,B2,-0.004,0.010169,0.02192,0.017433,-20.5,0.58,300,300
Lake Baikal,Russia,clear,B3,B3,-0.0008500000000000001,0.011313,0.017137,0.016397,-4.3,0.69,300,300
Lake Baikal,Russia,clear,B4,B4,0.00095,0.001216,0.007792,0.008557,9.8,0.14,300,300
Lake Baikal,Russia,clear,B8,B8A,-5e-05,-0.000956,0.005057,0.004995,-1.2,-0.19,300,300
Lake Baikal,Russia,clear,B11,B11,-0.0007,0.001246,0.002593,0.001891,-27.1,0.66,300,300
Lake Baikal,Russia,clear,B12,B12,-0.00039999999999999996,0.001627,0.002154,0.001742,-19.1,0.93,300,300
Lake Malawi,Malawi/Mozambique,clear,B2,B2,-0.004,0.009124,0.034522,0.029756,-13.8,0.31,300,300
Lake Malawi,Malawi/Mozambique,clear,B3,B3,-0.0008500000000000001,0.011344,0.026179,0.025497,-2.6,0.44,300,300
Lake Malawi,Malawi/Mozambique,clear,B4,B4,0.00095,0.00022,0.017358,0.017897,3.1,0.01,300,300
Lake Malawi,Malawi/Mozambique,clear,B8,B8A,-5e-05,-0.001236,0.012731,0.012649,-0.6,-0.1,300,300
Lake Malawi,Malawi/Mozambique,clear,B11,B11,-0.0007,0.004205,0.007551,0.006846,-9.3,0.61,300,300
Lake Malawi,Malawi/Mozambique,clear,B12,B12,-0.00039999999999999996,0.004894,0.006146,0.005714,-7.0,0.86,300,300
Lake Erie,United States/Canada,turbid,B2,B2,-0.004,0.011168,0.043747,0.038776,-11.4,0.29,300,300
Lake Erie,United States/Canada,turbid,B3,B3,-0.0008500000000000001,0.017293,0.040656,0.040067,-1.5,0.43,300,300
Lake Erie,United States/Canada,turbid,B4,B4,0.00095,0.002958,0.025008,0.025365,1.4,0.12,300,300
Lake Erie,United States/Canada,turbid,B8,B8A,-5e-05,-0.000796,0.018143,0.018047,-0.5,-0.04,300,300
Lake Erie,United States/Canada,turbid,B11,B11,-0.0007,0.004433,0.013302,0.012593,-5.3,0.35,300,300
Lake Erie,United States/Canada,turbid,B12,B12,-0.00039999999999999996,0.005251,0.011672,0.011212,-3.9,0.47,300,300
Lake Okeechobee,United States,turbid,B2,B2,-0.004,0.010382,0.040099,0.035209,-12.2,0.29,300,300
Lake Okeechobee,United States,turbid,B3,B3,-0.0008500000000000001,0.025498,0.040995,0.040407,-1.4,0.63,300,300
Lake Okeechobee,United States,turbid,B4,B4,0.00095,0.026082,0.042234,0.042183,-0.1,0.62,300,300
Lake Okeechobee,United States,turbid,B8,B8A,-5e-05,0.018089,0.030437,0.030309,-0.4,0.6,300,300
Lake Okeechobee,United States,turbid,B11,B11,-0.0007,0.009853,0.013112,0.012403,-5.4,0.79,300,300
Lake Okeechobee,United States,turbid,B12,B12,-0.00039999999999999996,0.009603,0.011679,0.011219,-3.9,0.86,300,300
