station,zona,campaign_date,year,sensor,lat,lon,secchi,zone_label,predicted,residual
E45,LAGO MAYOR,2017-07-27,2017,S2,-15.893900,-69.309200,11.000000,Lago Mayor,10.195205,-0.804795
E01,BAHIA PUNO,2016-08-03,2016,S2,-15.853000,-69.960500,8.500000,Bahia de Puno,7.245209,-1.254791
E02,BAHIA PUNO,2016-08-03,2016,S2,-15.848200,-69.918200,9.500000,Bahia de Puno,7.423639,-2.076361
E04,BAHIA PUNO,2016-08-03,2016,S2,-15.878900,-69.890700,7.000000,Bahia de Puno,7.457128,0.457128
E05,BAHIA PUNO,2016-08-03,2016,S2,-15.839800,-69.891800,7.000000,Bahia de Puno,7.398392,0.398392
E07,BAHIA PUNO,2016-08-03,2016,S2,-15.774800,-69.885100,5.000000,Bahia de Puno,6.961525,1.961525
E08,BAHIA PUNO,2016-08-03,2016,S2,-15.801000,-69.872400,8.500000,Bahia de Puno,9.617981,1.117981
E09,BAHIA PUNO,2016-08-03,2016,S2,-15.834200,-69.859200,6.000000,Bahia de Puno,5.975628,-0.024372
E13,BAHIA PUNO,2016-08-04,2016,S2,-15.789500,-69.769800,9.000000,Bahia de Puno,10.652752,1.652752
E14,BAHIA PUNO,2016-08-04,2016,S2,-15.748900,-69.783000,9.500000,Bahia de Puno,9.927572,0.427572
E15,BAHIA PUNO,2016-08-04,2016,S2,-15.715000,-69.822600,8.500000,Bahia de Puno,8.154434,-0.345566
E16,BAHIA PUNO,2016-08-04,2016,S2,-15.673700,-69.854100,6.500000,Bahia de Puno,7.316007,0.816007
E17,BAHIA PUNO,2016-08-04,2016,S2,-15.604800,-69.905900,3.500000,Bahia de Puno,4.971193,1.471193
E27,LAGO MAYOR,2016-08-05,2016,S2,-15.450800,-69.837900,9.800000,Lago Mayor,8.620884,-1.179116
E28,LAGO MAYOR,2016-08-05,2016,S2,-15.392800,-69.782200,8.800000,Lago Mayor,7.684268,-1.115732
E32,LAGO MAYOR,2016-08-05,2016,S2,-15.338400,-69.720500,9.800000,Lago Mayor,8.464679,-1.335321
E33,LAGO MAYOR,2016-08-05,2016,S2,-15.333000,-69.756000,4.600000,Lago Mayor,3.939198,-0.660802
E36,LAGO MAYOR,2016-08-05,2016,S2,-15.297100,-69.681400,9.000000,Lago Mayor,8.668867,-0.331133
E39,LAGO MAYOR,2016-08-06,2016,S2,-15.374800,-69.527600,5.000000,Lago Mayor,6.933252,1.933252
E41,LAGO MAYOR,2016-08-06,2016,S2,-15.439200,-69.600900,11.000000,Lago Mayor,10.152820,-0.847180
E42,LAGO MAYOR,2016-08-06,2016,S2,-15.496700,-69.668500,11.000000,Lago Mayor,10.546447,-0.453553
E43,LAGO MAYOR,2016-08-04,2016,S2,-15.560300,-69.741100,11.000000,Lago Mayor,9.219588,-1.780412
E22,LAGO MAYOR,2016-08-05,2016,S2,-15.618100,-69.807000,10.200000,Lago Mayor,9.472692,-0.727308
E48,LAGO MAYOR,2016-08-08,2016,S2,-15.536100,-69.359700,14.500000,Lago Mayor,10.753784,-3.746216
E49,LAGO MAYOR,2016-08-08,2016,S2,-15.606300,-69.444900,12.800000,Lago Mayor,9.629600,-3.170400
E50,LAGO MAYOR,2016-08-08,2016,S2,-15.668700,-69.521100,11.900000,Lago Mayor,8.795346,-3.104654
E51,LAGO MAYOR,2016-08-06,2016,S2,-15.737100,-69.603800,9.400000,Lago Mayor,10.601334,1.201334
E52,LAGO MAYOR,2016-08-06,2016,S2,-15.802800,-69.684300,10.300000,Lago Mayor,10.769614,0.469614
E58,LAGO MAYOR,2016-08-09,2016,S2,-15.951900,-69.545300,5.000000,Lago Mayor,7.683553,2.683553
E59,LAGO MAYOR,2016-08-09,2016,S2,-15.887600,-69.461500,13.000000,Lago Mayor,11.280928,-1.719072
E60,LAGO MAYOR,2016-08-09,2016,S2,-15.827100,-69.377600,12.000000,Lago Mayor,11.262889,-0.737111
E61,LAGO MAYOR,2016-08-08,2016,S2,-15.758500,-69.304500,10.200000,Lago Mayor,9.938622,-0.261378
E68,LAGO MAYOR,2016-08-08,2016,S2,-15.993500,-69.427800,5.500000,Lago Mayor,8.199292,2.699292
E72,LAGO MAYOR,2016-08-09,2016,S2,-15.692100,-69.170900,5.800000,Lago Mayor,5.450879,-0.349121
E76,LAGO MAYOR,2016-08-11,2016,S2,-15.812500,-69.044900,12.500000,Lago Mayor,9.486340,-3.013660
E78,LAGO MAYOR,2016-08-11,2016,S2,-15.890300,-69.132700,13.500000,Lago Mayor,9.695792,-3.804208
E79,LAGO MAYOR,2016-08-11,2016,S2,-15.960000,-69.227200,11.500000,Lago Mayor,10.021902,-1.478098
E80,LAGO MAYOR,2016-08-11,2016,S2,-16.031600,-69.319800,10.500000,Lago Mayor,10.485183,-0.014817
E82,LAGO MAYOR,2016-08-10,2016,S2,-16.110900,-69.417300,8.200000,Lago Mayor,8.169618,-0.030382
E83,LAGO MAYOR,2016-08-10,2016,S2,-16.183700,-69.506700,5.500000,Lago Mayor,7.750001,2.250001
E84,LAGO MAYOR,2016-08-10,2016,S2,-16.200700,-69.462400,4.700000,Lago Mayor,7.994620,3.294620
E85,LAGO MAYOR,2016-08-10,2016,S2,-16.159900,-69.444400,9.800000,Lago Mayor,7.985635,-1.814365
E88,LAGO MAYOR,2016-08-10,2016,S2,-16.206400,-69.378100,6.500000,Lago Mayor,7.864007,1.364007
E94,LAGO MAYOR,2016-08-10,2016,S2,-16.251000,-69.288400,7.400000,Lago Mayor,9.741810,2.341810
E97,LAGO MAYOR,2016-08-10,2016,S2,-16.175700,-69.195800,9.500000,Lago Mayor,11.263848,1.763848
E98,LAGO MAYOR,2016-08-10,2016,S2,-16.111700,-69.101600,9.000000,Lago Mayor,11.700039,2.700039
E99,LAGO MAYOR,2016-08-12,2016,S2,-16.074500,-69.074200,9.200000,Lago Mayor,8.696384,-0.503616
E100,LAGO MAYOR,2016-08-12,2016,S2,-16.005500,-68.995900,10.200000,Lago Mayor,10.849029,0.649029
E104,LAGO MAYOR,2016-08-11,2016,S2,-15.994000,-68.880400,11.500000,Lago Mayor,10.205106,-1.294894
E113,LAGO MAYOR,2016-08-10,2016,S2,-16.217400,-69.136700,9.300000,Lago Mayor,11.501107,2.201107
E117,LAGO MAYOR,2016-08-10,2016,S2,-16.165300,-69.102700,10.000000,Lago Mayor,11.466800,1.466800
E119,LAGO MAYOR,2016-08-10,2016,S2,-16.043900,-69.130900,10.500000,Lago Mayor,10.958113,0.458113
E120,LAGO MAYOR,2016-08-12,2016,S2,-16.126400,-68.933700,14.200000,Lago Mayor,9.995723,-4.204277
E121,LAGO MAYOR,2016-08-12,2016,S2,-16.206800,-68.864300,10.500000,Lago Mayor,10.351072,-0.148928
E01,BAHIA PUNO,2017-07-10,2017,S2,-15.853000,-69.960500,5.300000,Bahia de Puno,7.613406,2.313406
E02,BAHIA PUNO,2017-07-11,2017,S2,-15.846100,-69.927100,6.000000,Bahia de Puno,8.292257,2.292257
E05,BAHIA PUNO,2017-07-11,2017,S2,-15.840000,-69.892300,6.600000,Bahia de Puno,7.819298,1.219298
E14,BAHIA PUNO,2017-07-12,2017,S2,-15.748900,-69.783000,10.600000,Bahia de Puno,10.635364,0.035364
E15,BAHIA PUNO,2017-07-12,2017,S2,-15.715000,-69.822600,6.600000,Bahia de Puno,7.298685,0.698685
E16,BAHIA PUNO,2017-07-12,2017,S2,-15.673700,-69.854100,6.000000,Bahia de Puno,5.236799,-0.763201
E17,BAHIA PUNO,2017-07-11,2017,S2,-15.604800,-69.905900,4.200000,Bahia de Puno,5.838849,1.638849
E28,LAGO MAYOR,2017-07-12,2017,S2,-15.392800,-69.782200,10.300000,Lago Mayor,7.600165,-2.699835
E32,LAGO MAYOR,2017-07-12,2017,S2,-15.338400,-69.720500,7.000000,Lago Mayor,7.612250,0.612250
E36,LAGO MAYOR,2017-07-13,2017,S2,-15.297100,-69.681400,10.800000,Lago Mayor,9.721195,-1.078805
E39,LAGO MAYOR,2017-07-13,2017,S2,-15.374800,-69.527600,8.400000,Lago Mayor,7.888719,-0.511281
E41,LAGO MAYOR,2017-07-13,2017,S2,-15.439200,-69.600900,13.000000,Lago Mayor,8.771033,-4.228967
E42,LAGO MAYOR,2017-07-13,2017,S2,-15.496700,-69.668500,14.000000,Lago Mayor,10.222736,-3.777264
E43,LAGO MAYOR,2017-07-13,2017,S2,-15.560300,-69.741100,12.000000,Lago Mayor,10.831362,-1.168638
E22,LAGO MAYOR,2017-07-13,2017,S2,-15.618100,-69.807000,9.000000,Lago Mayor,10.225117,1.225117
E48,LAGO MAYOR,2017-07-15,2017,S2,-15.536100,-69.359700,12.000000,Lago Mayor,10.350994,-1.649006
E49,LAGO MAYOR,2017-07-15,2017,S2,-15.606300,-69.444900,9.000000,Lago Mayor,10.924206,1.924206
E50,LAGO MAYOR,2017-07-15,2017,S2,-15.668700,-69.521100,12.000000,Lago Mayor,11.401209,-0.598791
E51,LAGO MAYOR,2017-07-15,2017,S2,-15.737100,-69.603800,9.800000,Lago Mayor,10.858296,1.058296
E52,LAGO MAYOR,2017-07-15,2017,S2,-15.802800,-69.684300,9.000000,Lago Mayor,10.147700,1.147700
E59,LAGO MAYOR,2017-07-16,2017,S2,-15.887600,-69.461500,10.000000,Lago Mayor,10.708289,0.708289
E60,LAGO MAYOR,2017-07-16,2017,S2,-15.827100,-69.377600,10.000000,Lago Mayor,10.724844,0.724844
E61,LAGO MAYOR,2017-07-16,2017,S2,-15.758500,-69.304500,12.800000,Lago Mayor,10.543373,-2.256627
E72,LAGO MAYOR,2017-07-16,2017,S2,-15.692100,-69.170900,5.800000,Lago Mayor,5.786121,-0.013879
E76,LAGO MAYOR,2017-07-19,2017,S2,-15.812500,-69.044900,9.000000,Lago Mayor,9.925557,0.925557
E78,LAGO MAYOR,2017-07-19,2017,S2,-15.890300,-69.132700,10.300000,Lago Mayor,10.849466,0.549466
E79,LAGO MAYOR,2017-07-16,2017,S2,-15.960000,-69.227200,10.000000,Lago Mayor,10.421767,0.421767
E80,LAGO MAYOR,2017-07-17,2017,S2,-16.031600,-69.319800,10.000000,Lago Mayor,10.884304,0.884304
E82,LAGO MAYOR,2017-07-17,2017,S2,-16.110900,-69.417300,10.000000,Lago Mayor,10.822476,0.822476
E83,LAGO MAYOR,2017-07-17,2017,S2,-16.183700,-69.506700,8.000000,Lago Mayor,8.778944,0.778944
E88,LAGO MAYOR,2017-07-20,2017,S2,-16.206400,-69.378100,8.000000,Lago Mayor,9.407807,1.407807
E94,LAGO MAYOR,2017-07-20,2017,S2,-16.251000,-69.288400,9.000000,Lago Mayor,10.747743,1.747743
E97,LAGO MAYOR,2017-07-20,2017,S2,-16.175700,-69.195800,10.000000,Lago Mayor,10.754222,0.754222
E98,LAGO MAYOR,2017-07-19,2017,S2,-16.105600,-69.110300,9.500000,Lago Mayor,10.892449,1.392449
E99,LAGO MAYOR,2017-07-19,2017,S2,-16.074500,-69.074200,11.000000,Lago Mayor,11.261264,0.261264
E100,LAGO MAYOR,2017-07-19,2017,S2,-16.005500,-68.995900,10.000000,Lago Mayor,10.421145,0.421145
E104,LAGO MAYOR,2017-07-19,2017,S2,-16.029700,-68.883700,10.200000,Lago Mayor,9.275023,-0.924977
E113,LAGO MAYOR,2017-07-20,2017,S2,-16.217400,-69.136700,10.000000,Lago Mayor,10.959878,0.959878
E117,LAGO MAYOR,2017-07-19,2017,S2,-16.165300,-69.102700,8.500000,Lago Mayor,10.741917,2.241917
E120,LAGO MAYOR,2017-07-21,2017,S2,-16.126400,-68.933700,9.500000,Lago Mayor,10.943379,1.443379
E121,LAGO MAYOR,2017-07-21,2017,S2,-16.206800,-68.864300,9.000000,Lago Mayor,8.846904,-0.153096
E122,LAGO MENOR,2017-07-21,2017,S2,-16.227600,-68.836100,9.000000,Lago Menor,8.442132,-0.557868
E123,LAGO MENOR,2017-07-21,2017,S2,-16.192500,-68.797000,6.500000,Lago Menor,5.203360,-1.296640
E125,LAGO MENOR,2017-07-21,2017,S2,-16.262600,-68.784300,8.000000,Lago Menor,5.905555,-2.094445
E130,LAGO MENOR,2017-07-22,2017,S2,-16.314400,-68.845100,5.400000,Lago Menor,5.732219,0.332219
E136,LAGO MENOR,2017-07-22,2017,S2,-16.265900,-69.060100,7.000000,Lago Menor,7.357143,0.357143
E135,LAGO MENOR,2017-07-22,2017,S2,-16.302800,-68.985200,6.000000,Lago Menor,7.977312,1.977312
E137,LAGO MENOR,2017-07-22,2017,S2,-16.401100,-68.833400,6.000000,Lago Menor,4.741900,-1.258100
E142,LAGO MENOR,2017-07-22,2017,S2,-16.451500,-68.998000,6.000000,Lago Menor,7.697159,1.697159
E-148,LAGO MENOR,2017-07-22,2017,S2,-16.518700,-68.877300,6.000000,Lago Menor,5.231140,-0.768860
E-145,LAGO MENOR,2017-07-23,2017,S2,-16.513900,-68.977000,6.500000,Lago Menor,7.028087,0.528087
E-147,LAGO MENOR,2017-07-23,2017,S2,-16.493000,-69.059600,6.500000,Lago Menor,4.559466,-1.940534
E59,LAGO MAYOR,2017-07-16,2017,S2,-15.887600,-69.461500,10.000000,Lago Mayor,10.708289,0.708289
E01,BAHIA PUNO,2019-07-11,2019,S2,-15.852200,-69.960700,8.000000,Bahia de Puno,8.544458,0.544458
E02,BAHIA PUNO,2019-07-11,2019,S2,-15.846400,-69.927600,8.000000,Bahia de Puno,7.553591,-0.446409
E04,BAHIA PUNO,2019-07-11,2019,S2,-15.875200,-69.871700,1.500000,Bahia de Puno,5.763814,4.263814
E05,BAHIA PUNO,2019-07-11,2019,S2,-15.840000,-69.892000,8.000000,Bahia de Puno,10.811333,2.811333
E08,BAHIA PUNO,2019-07-11,2019,S2,-15.779800,-69.869100,10.000000,Bahia de Puno,11.038891,1.038891
E14,BAHIA PUNO,2019-07-12,2019,S2,-15.748900,-69.783000,9.000000,Bahia de Puno,10.495617,1.495617
E16,BAHIA PUNO,2019-07-11,2019,S2,-15.672800,-69.853900,3.500000,Bahia de Puno,6.234954,2.734954
E17,BAHIA PUNO,2019-07-12,2019,S2,-15.605400,-69.904900,3.000000,Bahia de Puno,5.841199,2.841199
E25,LAGO MAYOR,2019-07-12,2019,S2,-15.491100,-69.893100,6.100000,Lago Mayor,8.140880,2.040880
E28,LAGO MAYOR,2019-07-12,2019,S2,-15.392800,-69.782200,7.000000,Lago Mayor,9.214019,2.214019
E32,LAGO MAYOR,2019-07-12,2019,S2,-15.338200,-69.720500,6.000000,Lago Mayor,7.361150,1.361150
E36,LAGO MAYOR,2019-07-12,2019,S2,-15.296400,-69.681600,11.000000,Lago Mayor,7.301213,-3.698787
E39,LAGO MAYOR,2019-07-13,2019,S2,-15.342300,-69.529000,8.000000,Lago Mayor,7.681869,-0.318131
E41,LAGO MAYOR,2019-07-13,2019,S2,-15.439500,-69.600600,9.500000,Lago Mayor,9.337722,-0.162278
E42,LAGO MAYOR,2019-07-13,2019,S2,-15.496700,-69.668700,10.000000,Lago Mayor,10.448421,0.448421
E43,LAGO MAYOR,2019-07-13,2019,S2,-15.560300,-69.741300,12.000000,Lago Mayor,10.368481,-1.631519
E22,LAGO MAYOR,2019-07-13,2019,S2,-15.620000,-69.813300,6.000000,Lago Mayor,9.610341,3.610341
E49,LAGO MAYOR,2019-07-14,2019,S2,-15.606300,-69.444900,12.000000,Lago Mayor,10.902438,-1.097562
E50,LAGO MAYOR,2019-07-14,2019,S2,-15.668500,-69.521000,12.000000,Lago Mayor,8.872100,-3.127900
E51,LAGO MAYOR,2019-07-14,2019,S2,-15.737100,-69.603700,11.000000,Lago Mayor,11.373283,0.373283
E52,LAGO MAYOR,2019-07-14,2019,S2,-15.801700,-69.683800,10.000000,Lago Mayor,10.775167,0.775167
E53,LAGO MAYOR,2019-07-14,2019,S2,-15.870300,-69.769400,9.000000,Lago Mayor,10.700803,1.700803
E59,LAGO MAYOR,2019-07-15,2019,S2,-15.887400,-69.461400,11.000000,Lago Mayor,11.065238,0.065238
E60,LAGO MAYOR,2019-07-15,2019,S2,-15.826700,-69.376400,11.000000,Lago Mayor,11.597793,0.597793
E61,LAGO MAYOR,2019-07-15,2019,S2,-15.758900,-69.304200,11.000000,Lago Mayor,11.062989,0.062989
E72,LAGO MAYOR,2019-07-15,2019,S2,-15.693100,-69.170700,6.000000,Lago Mayor,7.697477,1.697477
E76,LAGO MAYOR,2019-07-19,2019,S2,-15.807700,-69.041400,9.900000,Lago Mayor,10.250041,0.350041
E78,LAGO MAYOR,2019-07-19,2019,S2,-15.889400,-69.132500,12.000000,Lago Mayor,10.296481,-1.703519
E79,LAGO MAYOR,2019-07-19,2019,S2,-15.960500,-69.227500,9.000000,Lago Mayor,12.102602,3.102602
E80,LAGO MAYOR,2019-07-16,2019,S2,-16.031700,-69.319400,11.000000,Lago Mayor,11.118281,0.118281
E82,LAGO MAYOR,2019-07-16,2019,S2,-16.112100,-69.417500,9.000000,Lago Mayor,10.927779,1.927779
E83,LAGO MAYOR,2019-07-16,2019,S2,-16.184900,-69.507900,10.000000,Lago Mayor,9.850209,-0.149791
E88,LAGO MAYOR,2019-07-17,2019,S2,-16.203100,-69.382200,11.000000,Lago Mayor,11.300757,0.300757
E94,LAGO MAYOR,2019-07-17,2019,S2,-16.254500,-69.291700,8.000000,Lago Mayor,11.652164,3.652164
E97,LAGO MAYOR,2019-07-17,2019,S2,-16.175400,-69.195100,10.000000,Lago Mayor,11.277450,1.277450
E98,LAGO MAYOR,2019-07-18,2019,S2,-16.103400,-69.108900,7.000000,Lago Mayor,11.585727,4.585727
E99,LAGO MAYOR,2019-07-20,2019,S2,-16.082400,-69.081700,13.000000,Lago Mayor,11.788768,-1.211232
E100,LAGO MAYOR,2019-07-20,2019,S2,-16.005000,-68.996400,11.000000,Lago Mayor,11.045030,0.045030
E104,LAGO MAYOR,2019-07-20,2019,S2,-16.038400,-68.857700,10.000000,Lago Mayor,10.445298,0.445298
E113,LAGO MAYOR,2019-07-17,2019,S2,-16.229800,-69.113500,9.000000,Lago Mayor,7.317632,-1.682368
E117,LAGO MAYOR,2019-07-18,2019,S2,-16.168600,-69.097900,10.000000,Lago Mayor,9.020998,-0.979002
E120,LAGO MAYOR,2019-07-20,2019,S2,-16.126200,-68.933400,11.500000,Lago Mayor,10.972747,-0.527253
E121,LAGO MAYOR,2019-07-21,2019,S2,-16.207700,-68.862600,11.000000,Lago Mayor,8.014802,-2.985198
E122,LAGO MENOR,2019-07-21,2019,S2,-16.228100,-68.835100,11.000000,Lago Menor,8.651378,-2.348622
E123,LAGO MENOR,2019-07-21,2019,S2,-16.192200,-68.796800,9.000000,Lago Menor,7.869604,-1.130396
E125,LAGO MENOR,2019-07-21,2019,S2,-16.213200,-68.732500,8.500000,Lago Menor,7.871151,-0.628849
E132,LAGO MENOR,2019-07-21,2019,S2,-16.315000,-68.847900,7.000000,Lago Menor,6.729915,-0.270085
E130,LAGO MENOR,2019-07-22,2019,S2,-16.214200,-68.939300,10.000000,Lago Menor,6.585878,-3.414122
E136,LAGO MENOR,2019-07-22,2019,S2,-16.303400,-68.985400,6.500000,Lago Menor,5.686682,-0.813318
E137,LAGO MENOR,2019-07-22,2019,S2,-16.365500,-68.902500,5.000000,Lago Menor,4.687621,-0.312379
E141,LAGO MENOR,2019-07-23,2019,S2,-16.376000,-69.007800,10.000000,Lago Menor,5.939297,-4.060703
E142,LAGO MENOR,2019-07-23,2019,S2,-16.448900,-68.996900,11.000000,Lago Menor,5.713058,-5.286942
E145,LAGO MENOR,2019-07-23,2019,S2,-16.517900,-68.978100,6.000000,Lago Menor,5.591806,-0.408194
E147,LAGO MENOR,2019-07-24,2019,S2,-16.559000,-68.917400,5.500000,Lago Menor,7.442072,1.942072
E01,BAHIA PUNO,2022-08-12,2022,S2,-15.853000,-69.960500,5.500000,Bahia de Puno,5.719129,0.219129
E02,BAHIA PUNO,2022-08-12,2022,S2,-15.846100,-69.927100,8.000000,Bahia de Puno,8.566167,0.566167
E05,BAHIA PUNO,2022-08-12,2022,S2,-15.840000,-69.892300,8.500000,Bahia de Puno,9.832815,1.332815
E08,BAHIA PUNO,2022-08-12,2022,S2,-15.780200,-69.868100,11.000000,Bahia de Puno,10.769772,-0.230228
E28,LAGO MAYOR,2022-08-14,2022,S2,-15.392800,-69.782200,10.000000,Lago Mayor,10.336796,0.336796
E32,LAGO MAYOR,2022-08-14,2022,S2,-15.338400,-69.720500,9.000000,Lago Mayor,10.476872,1.476872
E36,LAGO MAYOR,2022-08-14,2022,S2,-15.297100,-69.681400,9.000000,Lago Mayor,10.501819,1.501819
E39,LAGO MAYOR,2022-08-15,2022,S2,-15.374800,-69.527600,7.000000,Lago Mayor,5.425609,-1.574391
341,LAGO MAYOR,2022-08-15,2022,S2,-15.439200,-69.600900,14.000000,Lago Mayor,11.911825,-2.088175
E42,LAGO MAYOR,2022-08-15,2022,S2,-15.496700,-69.668500,16.000000,Lago Mayor,11.528524,-4.471476
E43,LAGO MAYOR,2022-08-15,2022,S2,-15.560300,-69.741100,14.000000,Lago Mayor,11.773955,-2.226045
E22,LAGO MAYOR,2022-08-15,2022,S2,-15.618100,-69.807000,14.000000,Lago Mayor,12.208309,-1.791691
E48,LAGO MAYOR,2022-08-16,2022,S2,-15.536100,-69.359700,8.000000,Lago Mayor,13.336461,5.336461
E49,LAGO MAYOR,2022-08-16,2022,S2,-15.606300,-69.444900,15.000000,Lago Mayor,14.149143,-0.850857
E50,LAGO MAYOR,2022-08-16,2022,S2,-15.668700,-69.521100,16.000000,Lago Mayor,14.116941,-1.883059
E51,LAGO MAYOR,2022-08-17,2022,S2,-15.737100,-69.603800,12.000000,Lago Mayor,13.923238,1.923238
E52,LAGO MAYOR,2022-08-17,2022,S2,-15.802800,-69.684300,9.000000,Lago Mayor,12.286788,3.286788
E53,LAGO MAYOR,2022-08-17,2022,S2,-15.868600,-69.763400,11.000000,Lago Mayor,12.230228,1.230228
E58,LAGO MAYOR,2022-08-18,2022,S2,-15.951900,-69.545300,11.000000,Lago Mayor,8.999990,-2.000010
E59,LAGO MAYOR,2022-08-18,2022,S2,-15.887600,-69.461500,15.000000,Lago Mayor,12.688499,-2.311501
E60,LAGO MAYOR,2022-08-18,2022,S2,-15.827100,-69.377600,16.500000,Lago Mayor,12.990260,-3.509740
E61,LAGO MAYOR,2022-08-18,2022,S2,-15.758500,-69.304500,15.000000,Lago Mayor,12.156616,-2.843384
E72,LAGO MAYOR,2022-08-19,2022,S2,-15.692100,-69.170900,5.000000,Lago Mayor,7.852832,2.852832
E76,LAGO MAYOR,2022-08-19,2022,S2,-15.812500,-69.044900,10.000000,Lago Mayor,12.246438,2.246438
E78,LAGO MAYOR,2022-08-19,2022,S2,-15.890300,-69.132700,14.000000,Lago Mayor,12.839031,-1.160969
E79,LAGO MAYOR,2022-08-19,2022,S2,-15.960000,-69.227200,14.000000,Lago Mayor,12.538509,-1.461491
E80,LAGO MAYOR,2022-08-20,2022,S2,-16.031600,-69.319800,15.000000,Lago Mayor,13.472534,-1.527466
E82,LAGO MAYOR,2022-08-20,2022,S2,-16.110900,-69.417300,15.000000,Lago Mayor,11.128923,-3.871077
E83,LAGO MAYOR,2022-08-20,2022,S2,-16.183700,-69.506700,16.000000,Lago Mayor,10.424248,-5.575752
E88,LAGO MAYOR,2022-08-20,2022,S2,-16.206400,-69.378100,14.000000,Lago Mayor,12.358438,-1.641562
E94,LAGO MAYOR,2022-08-20,2022,S2,-16.251000,-69.288400,15.000000,Lago Mayor,10.420641,-4.579359
E97,LAGO MAYOR,2022-08-21,2022,S2,-16.175700,-69.195800,16.000000,Lago Mayor,12.000322,-3.999678
E98,LAGO MAYOR,2022-08-22,2022,S2,-16.105600,-69.110300,15.000000,Lago Mayor,12.555006,-2.444994
E99,LAGO MAYOR,2022-08-22,2022,S2,-16.074500,-69.074200,15.000000,Lago Mayor,12.447951,-2.552049
E100,LAGO MAYOR,2022-08-22,2022,S2,-16.005500,-68.995900,13.000000,Lago Mayor,10.244645,-2.755355
E103,LAGO MAYOR,2022-08-22,2022,S2,-15.939400,-68.901700,10.000000,Lago Mayor,10.038371,0.038371
E104,LAGO MAYOR,2022-08-22,2022,S2,-16.029700,-68.883700,13.000000,Lago Mayor,9.986917,-3.013083
E113,LAGO MAYOR,2022-08-21,2022,S2,-16.217400,-69.136700,14.000000,Lago Mayor,10.513457,-3.486543
E117,LAGO MAYOR,2022-08-21,2022,S2,-16.165300,-69.102700,14.000000,Lago Mayor,12.721985,-1.278015
E120,LAGO MAYOR,2022-08-22,2022,S2,-16.126400,-68.933700,14.000000,Lago Mayor,12.588378,-1.411622
E121,LAGO MAYOR,2022-08-23,2022,S2,-16.206800,-68.864300,11.000000,Lago Mayor,10.966016,-0.033984
E122,LAGO MENOR,2022-08-23,2022,S2,-16.227600,-68.836100,10.000000,Lago Menor,11.518117,1.518117
E123,LAGO MENOR,2022-08-23,2022,S2,-16.192500,-68.797000,6.000000,Lago Menor,4.435472,-1.564528
E125,LAGO MENOR,2022-08-23,2022,S2,-16.262600,-68.784300,8.000000,Lago Menor,3.931992,-4.068008
E132,LAGO MENOR,2022-08-23,2022,S2,-16.333900,-68.780800,4.000000,Lago Menor,3.800858,-0.199142
E130,LAGO MENOR,2022-08-23,2022,S2,-16.314400,-68.845100,5.500000,Lago Menor,5.957633,0.457633
E136,LAGO MENOR,2022-08-24,2022,S2,-16.265900,-69.060100,5.500000,Lago Menor,5.716223,0.216223
E135,LAGO MENOR,2022-08-24,2022,S2,-16.302800,-68.985200,11.000000,Lago Menor,7.283435,-3.716565
E137,LAGO MENOR,2022-08-24,2022,S2,-16.401100,-68.833400,5.000000,Lago Menor,5.311129,0.311129
E141,LAGO MENOR,2022-08-24,2022,S2,-16.376400,-69.007300,5.000000,Lago Menor,7.792038,2.792038
E142,LAGO MENOR,2022-08-24,2022,S2,-16.451500,-68.998000,5.000000,Lago Menor,7.215487,2.215487
E145,LAGO MENOR,2022-08-24,2022,S2,-16.513900,-68.977000,5.500000,Lago Menor,6.659781,1.159781
E147,LAGO MENOR,2022-08-24,2022,S2,-16.493000,-69.059600,5.000000,Lago Menor,5.188386,0.188386
E01,BAHIA PUNO,2024-08-21,2024,S2,-15.853000,-69.960500,6.000000,Bahia de Puno,5.786112,-0.213888
E02,BAHIA PUNO,2024-08-21,2024,S2,-15.846100,-69.927100,9.000000,Bahia de Puno,9.460689,0.460689
E03,BAHIA PUNO,2024-08-21,2024,S2,-15.865300,-69.894200,8.000000,Bahia de Puno,8.946047,0.946047
E05,BAHIA PUNO,2024-08-21,2024,S2,-15.840000,-69.892300,10.000000,Bahia de Puno,10.676790,0.676790
E08,BAHIA PUNO,2024-08-21,2024,S2,-15.780200,-69.868100,9.000000,Bahia de Puno,12.134555,3.134555
E15,LAGO MAYOR,2024-08-21,2024,S2,-15.715000,-69.822600,9.000000,Lago Mayor,10.261313,1.261313
E16,LAGO MAYOR,2024-08-21,2024,S2,-15.673700,-69.854100,6.000000,Lago Mayor,9.139737,3.139737
E22,LAGO MAYOR,2024-08-22,2024,S2,-15.618100,-69.807000,14.000000,Lago Mayor,11.855570,-2.144430
E27,LAGO MAYOR,2024-08-22,2024,S2,-15.443700,-69.842500,4.000000,Lago Mayor,6.338853,2.338853
E28,LAGO MAYOR,2024-08-22,2024,S2,-15.392800,-69.782200,9.000000,Lago Mayor,8.760484,-0.239516
E32,LAGO MAYOR,2024-08-22,2024,S2,-15.338400,-69.720500,12.500000,Lago Mayor,9.649967,-2.850033
E36,LAGO MAYOR,2024-08-22,2024,S2,-15.297100,-69.681400,11.500000,Lago Mayor,10.413237,-1.086763
E36B,LAGO MAYOR,2024-08-22,2024,S2,-15.262100,-69.703400,13.000000,Lago Mayor,11.058922,-1.941078
E39,LAGO MAYOR,2024-08-23,2024,S2,-15.374800,-69.527600,8.000000,Lago Mayor,6.102520,-1.897480
E41,LAGO MAYOR,2024-08-23,2024,S2,-15.439200,-69.600900,10.500000,Lago Mayor,10.274313,-0.225687
E42,LAGO MAYOR,2024-08-23,2024,S2,-15.496700,-69.668500,10.000000,Lago Mayor,10.627271,0.627271
E43,LAGO MAYOR,2024-08-23,2024,S2,-15.560300,-69.741100,12.500000,Lago Mayor,11.501797,-0.998203
E48,LAGO MAYOR,2024-08-24,2024,S2,-15.536100,-69.359700,9.000000,Lago Mayor,11.942079,2.942079
E49,LAGO MAYOR,2024-08-24,2024,S2,-15.606300,-69.444900,11.000000,Lago Mayor,11.789164,0.789164
E50,LAGO MAYOR,2024-08-24,2024,S2,-15.668700,-69.521100,12.000000,Lago Mayor,12.308606,0.308606
E51,LAGO MAYOR,2024-08-24,2024,S2,-15.737100,-69.603800,11.500000,Lago Mayor,12.400093,0.900093
E52,LAGO MAYOR,2024-08-24,2024,S2,-15.802800,-69.684300,11.000000,Lago Mayor,10.754060,-0.245940
E53,LAGO MAYOR,2024-08-24,2024,S2,-15.868600,-69.763400,9.000000,Lago Mayor,11.383895,2.383895
E58,LAGO MAYOR,2024-08-26,2024,S2,-15.951900,-69.545300,9.000000,Lago Mayor,9.181356,0.181356
E59,LAGO MAYOR,2024-08-26,2024,S2,-15.887600,-69.461500,10.500000,Lago Mayor,10.102655,-0.397345
E60,LAGO MAYOR,2024-08-25,2024,S2,-15.827100,-69.377600,12.000000,Lago Mayor,11.018338,-0.981662
E61,LAGO MAYOR,2024-08-25,2024,S2,-15.758500,-69.304500,12.000000,Lago Mayor,9.401912,-2.598088
E72,LAGO MAYOR,2024-08-25,2024,S2,-15.692100,-69.170900,4.800000,Lago Mayor,6.157703,1.357703
E76,LAGO MAYOR,2024-08-25,2024,S2,-15.812500,-69.044900,12.000000,Lago Mayor,11.092316,-0.907684
B03,LAGO MAYOR,2024-08-27,2024,S2,-15.994800,-69.427000,11.000000,Lago Mayor,13.075317,2.075317
E78,LAGO MAYOR,2024-08-27,2024,S2,-15.890300,-69.132700,10.500000,Lago Mayor,12.830434,2.330434
E79,LAGO MAYOR,2024-08-27,2024,S2,-15.960000,-69.227200,9.500000,Lago Mayor,9.392636,-0.107364
E80,LAGO MAYOR,2024-08-27,2024,S2,-16.031600,-69.319800,15.000000,Lago Mayor,10.711595,-4.288405
E82,LAGO MAYOR,2024-08-28,2024,S2,-16.110900,-69.417300,9.000000,Lago Mayor,12.228656,3.228656
E83,LAGO MAYOR,2024-08-28,2024,S2,-16.183700,-69.506700,8.500000,Lago Mayor,10.221413,1.721413
E88,LAGO MAYOR,2024-08-29,2024,S2,-16.206400,-69.378100,9.500000,Lago Mayor,11.397828,1.897828
E94,LAGO MAYOR,2024-08-29,2024,S2,-16.251000,-69.288400,9.500000,Lago Mayor,11.653294,2.153294
E97,LAGO MAYOR,2024-08-29,2024,S2,-16.175700,-69.195800,13.500000,Lago Mayor,11.912943,-1.587057
E98,LAGO MAYOR,2024-08-29,2024,S2,-16.105600,-69.110300,13.000000,Lago Mayor,12.571762,-0.428238
E99,LAGO MAYOR,2024-08-30,2024,S2,-16.074500,-69.074200,9.500000,Lago Mayor,10.658337,1.158337
E100,LAGO MAYOR,2024-08-30,2024,S2,-16.005500,-68.995900,11.000000,Lago Mayor,12.770951,1.770951
E103,LAGO MAYOR,2024-08-30,2024,S2,-15.939400,-68.901700,11.000000,Lago Mayor,9.433424,-1.566576
E105,LAGO MAYOR,2024-08-30,2024,S2,-15.986400,-68.801600,8.500000,Lago Mayor,5.460749,-3.039251
E113,LAGO MAYOR,2024-08-29,2024,S2,-16.217400,-69.136700,13.500000,Lago Mayor,12.428700,-1.071300
E117,LAGO MAYOR,2024-08-29,2024,S2,-16.165300,-69.102700,12.000000,Lago Mayor,12.451786,0.451786
E120,LAGO MAYOR,2024-08-30,2024,S2,-16.126400,-68.933700,10.500000,Lago Mayor,11.732813,1.232813
E121,LAGO MAYOR,2024-08-30,2024,S2,-16.206800,-68.864300,12.700000,Lago Mayor,11.411303,-1.288697
E122,LAGO MENOR,2024-08-31,2024,S2,-16.227600,-68.836100,11.000000,Lago Menor,12.737772,1.737772
E125,LAGO MENOR,2024-09-01,2024,S2,-16.262600,-68.784300,2.500000,Lago Menor,5.181197,2.681197
P02,LAGO MENOR,2024-09-01,2024,S2,-16.213500,-68.733000,9.500000,Lago Menor,5.797013,-3.702987
P03,LAGO MENOR,2024-09-01,2024,S2,-16.215800,-68.691200,3.500000,Lago Menor,5.340549,1.840549
P04,LAGO MENOR,2024-09-01,2024,S2,-16.254400,-68.601200,1.500000,Lago Menor,5.174621,3.674621
E127,LAGO MENOR,2024-09-01,2024,S2,-16.218000,-68.622600,2.000000,Lago Menor,5.727110,3.727110
E129,LAGO MENOR,2024-08-31,2024,S2,-16.333900,-68.780800,4.500000,Lago Menor,3.814600,-0.685400
E135,LAGO MENOR,2024-08-31,2024,S2,-16.265900,-69.060100,4.000000,Lago Menor,6.315213,2.315213
E138,LAGO MENOR,2024-08-31,2024,S2,-16.401100,-68.833400,4.500000,Lago Menor,3.518821,-0.981179
P15,LAGO MENOR,2024-08-31,2024,S2,-16.311900,-68.849500,4.000000,Lago Menor,5.721464,1.721464
E142,LAGO MENOR,2024-08-31,2024,S2,-16.451500,-68.998000,4.000000,Lago Menor,5.114702,1.114702
E145,LAGO MENOR,2024-09-02,2024,S2,-16.513900,-68.977000,3.500000,Lago Menor,5.488469,1.988469
P10,LAGO MENOR,2024-09-02,2024,S2,-16.582100,-68.872300,3.000000,Lago Menor,5.465255,2.465255
E40,LAGO MAYOR,2013-10-10,2013,LS,-15.914200,-69.660700,5.000000,Lago Mayor,7.540351,2.540351
E41,LAGO MAYOR,2013-10-10,2013,LS,-15.857500,-69.589700,7.000000,Lago Mayor,7.511309,0.511309
E42,LAGO MAYOR,2013-10-10,2013,LS,-15.799300,-69.516800,8.500000,Lago Mayor,6.982733,-1.517267
E43,LAGO MAYOR,2013-10-10,2013,LS,-15.744000,-69.447700,6.500000,Lago Mayor,6.881165,0.381165
E44,LAGO MAYOR,2013-10-10,2013,LS,-15.685700,-69.374800,8.000000,Lago Mayor,7.240194,-0.759806
E45,LAGO MAYOR,2013-10-10,2013,LS,-15.627600,-69.302000,9.000000,Lago Mayor,6.756078,-2.243922
E47,LAGO MAYOR,2013-10-11,2013,LS,-15.762900,-69.305900,7.000000,Lago Mayor,7.685156,0.685156
E48,LAGO MAYOR,2013-10-11,2013,LS,-15.822100,-69.380100,8.100000,Lago Mayor,8.283394,0.183394
E49,LAGO MAYOR,2013-10-11,2013,LS,-15.888200,-69.461900,7.500000,Lago Mayor,7.433138,-0.066862
E50,LAGO MAYOR,2013-10-11,2013,LS,-15.946400,-69.532900,5.700000,Lago Mayor,6.219895,0.519895
E51,LAGO MAYOR,2013-10-12,2013,LS,-15.983100,-69.419400,7.000000,Lago Mayor,5.914998,-1.085002
E52,LAGO MAYOR,2013-10-12,2013,LS,-15.938400,-69.363700,6.800000,Lago Mayor,6.472216,-0.327784
E53,LAGO MAYOR,2013-10-12,2013,LS,-15.886200,-69.298700,8.000000,Lago Mayor,7.056098,-0.943902
E54,LAGO MAYOR,2013-10-12,2013,LS,-15.835300,-69.235300,8.100000,Lago Mayor,6.728440,-1.371560
E55,LAGO MAYOR,2013-10-12,2013,LS,-15.790600,-69.180500,8.000000,Lago Mayor,6.302027,-1.697973
E56,LAGO MAYOR,2013-10-12,2013,LS,-15.745600,-69.123600,5.500000,Lago Mayor,6.260209,0.760209
E57,LAGO MAYOR,2013-10-12,2013,LS,-15.811600,-69.045600,8.000000,Lago Mayor,7.036966,-0.963034
E58,LAGO MAYOR,2013-10-12,2013,LS,-15.885000,-69.136500,9.000000,Lago Mayor,6.377454,-2.622546
E60,LAGO MAYOR,2013-10-13,2013,LS,-16.033400,-69.320000,7.000000,Lago Mayor,7.340596,0.340596
E61,LAGO MAYOR,2013-10-13,2013,LS,-16.108400,-69.412700,6.000000,Lago Mayor,7.799022,1.799022
E62,LAGO MAYOR,2013-10-13,2013,LS,-16.177000,-69.475700,7.000000,Lago Mayor,9.805183,2.805183
E63,LAGO MAYOR,2013-10-13,2013,LS,-16.156600,-69.356200,7.000000,Lago Mayor,6.692590,-0.307410
E64,LAGO MAYOR,2013-10-13,2013,LS,-16.229200,-69.272700,7.000000,Lago Mayor,7.492654,0.492654
E65,LAGO MAYOR,2013-10-14,2013,LS,-16.116700,-69.240200,7.000000,Lago Mayor,6.900056,-0.099944
E66,LAGO MAYOR,2013-10-14,2013,LS,-16.207600,-69.145700,6.500000,Lago Mayor,6.620935,0.120935
E67,LAGO MAYOR,2013-10-14,2013,LS,-16.070400,-69.148900,7.000000,Lago Mayor,11.914627,4.914627
E68,LAGO MAYOR,2013-10-14,2013,LS,-16.003300,-69.136500,7.200000,Lago Mayor,7.958428,0.758428
E69,LAGO MAYOR,2013-10-14,2013,LS,-15.948300,-69.066700,6.500000,Lago Mayor,7.245456,0.745456
E70,LAGO MAYOR,2013-10-14,2013,LS,-15.893300,-68.995800,6.000000,Lago Mayor,8.082977,2.082977
E71,LAGO MAYOR,2013-10-14,2013,LS,-15.983300,-68.858300,5.000000,Lago Mayor,7.245195,2.245195
E72,LAGO MAYOR,2013-10-15,2013,LS,-16.038300,-68.925800,6.000000,Lago Mayor,5.862564,-0.137436
E73,LAGO MAYOR,2013-10-15,2013,LS,-16.057700,-69.036000,5.500000,Lago Mayor,7.220829,1.720829
E74,LAGO MAYOR,2013-10-15,2013,LS,-16.123200,-68.960200,8.400000,Lago Mayor,8.927652,0.527652
E75,LAGO MAYOR,2013-10-15,2013,LS,-16.180600,-68.892600,6.000000,Lago Mayor,9.813769,3.813769
E76,LAGO MENOR,2013-10-15,2013,LS,-16.232000,-68.829500,5.500000,Lago Menor,9.490092,3.990092
E77,LAGO MENOR,2013-10-15,2013,LS,-16.188300,-68.795800,5.000000,Lago Menor,8.211110,3.211110
E79,LAGO MENOR,2013-10-15,2013,LS,-16.242500,-68.768600,5.400000,Lago Menor,7.099076,1.699076
E80,LAGO MENOR,2013-10-15,2013,LS,-16.270300,-68.827300,5.100000,Lago Menor,5.401409,0.301409
E81,LAGO MENOR,2013-10-15,2013,LS,-16.306600,-68.871600,4.500000,Lago Menor,10.506074,6.006074
E82,LAGO MENOR,2013-10-16,2013,LS,-16.268200,-68.959800,5.500000,Lago Menor,6.896650,1.396650
E83,LAGO MENOR,2013-10-16,2013,LS,-16.313000,-69.014900,6.000000,Lago Menor,6.488291,0.488291
E84,LAGO MENOR,2013-10-15,2013,LS,-16.341900,-68.910200,6.000000,Lago Menor,7.540903,1.540903
E85,LAGO MENOR,2013-10-16,2013,LS,-16.420300,-68.921400,6.300000,Lago Menor,6.583937,0.283937
E87,LAGO MENOR,2013-10-16,2013,LS,-16.496400,-68.971000,6.000000,Lago Menor,6.898831,0.898831
E03,BAHIA PUNO,2014-07-19,2014,LS,-15.846100,-69.927100,6.000000,Bahia de Puno,7.978416,1.978416
E07,BAHIA PUNO,2014-07-19,2014,LS,-15.768200,-69.851800,7.000000,Bahia de Puno,8.181237,1.181237
E08,BAHIA PUNO,2014-07-20,2014,LS,-15.723600,-69.807200,6.500000,Bahia de Puno,6.450435,-0.049565
E09,LAGO MAYOR,2014-07-20,2014,LS,-15.795400,-69.792200,8.000000,Lago Mayor,9.521910,1.521910
E10,LAGO MAYOR,2014-07-20,2014,LS,-15.774000,-69.740000,8.500000,Lago Mayor,9.275839,0.775839
E12,LAGO MAYOR,2014-07-21,2014,LS,-15.411200,-69.793500,8.000000,Lago Mayor,8.990125,0.990125
E13,LAGO MAYOR,2014-07-21,2014,LS,-15.335800,-69.736300,9.500000,Lago Mayor,8.811271,-0.688729
E14,LAGO MAYOR,2014-07-20,2014,LS,-15.350100,-69.643300,9.000000,Lago Mayor,9.234043,0.234043
E15,LAGO MAYOR,2014-07-22,2014,LS,-15.384500,-69.536700,8.000000,Lago Mayor,9.338722,1.338722
E16,LAGO MAYOR,2014-07-21,2014,LS,-15.438700,-69.601000,12.200000,Lago Mayor,7.085755,-5.114245
E17,LAGO MAYOR,2014-07-22,2014,LS,-15.494600,-69.667400,10.500000,Lago Mayor,8.759969,-1.740031
E18,LAGO MAYOR,2014-07-22,2014,LS,-15.550000,-69.733200,12.000000,Lago Mayor,10.175444,-1.824556
E19,LAGO MAYOR,2014-07-22,2014,LS,-15.604700,-69.798100,12.400000,Lago Mayor,11.156213,-1.243787
E20,LAGO MAYOR,2014-07-23,2014,LS,-15.710400,-69.738500,8.500000,Lago Mayor,7.754836,-0.745164
E21,LAGO MAYOR,2014-07-23,2014,LS,-15.661200,-69.680200,9.400000,Lago Mayor,10.629268,1.229268
E22,LAGO MAYOR,2014-07-23,2014,LS,-15.611900,-69.621700,10.000000,Lago Mayor,10.709431,0.709431
E23,LAGO MAYOR,2014-07-23,2014,LS,-15.563200,-69.563900,10.200000,Lago Mayor,11.771701,1.571701
E24,LAGO MAYOR,2014-07-23,2014,LS,-15.514000,-69.505500,10.600000,Lago Mayor,11.375208,0.775208
E25,LAGO MAYOR,2014-07-23,2014,LS,-15.466500,-69.449100,9.500000,Lago Mayor,9.777797,0.277797
E26,LAGO MAYOR,2014-07-23,2014,LS,-15.537300,-69.360100,8.000000,Lago Mayor,10.227032,2.227032
E27,LAGO MAYOR,2014-07-23,2014,LS,-15.603600,-69.441100,10.000000,Lago Mayor,10.385488,0.385488
E28,LAGO MAYOR,2014-07-24,2014,LS,-15.669800,-69.521900,11.400000,Lago Mayor,12.068009,0.668009
E29,LAGO MAYOR,2014-07-24,2014,LS,-15.736600,-69.603500,10.400000,Lago Mayor,9.717105,-0.682895
E30,LAGO MAYOR,2014-07-24,2014,LS,-15.802800,-69.684300,11.600000,Lago Mayor,8.293287,-3.306713
E31,LAGO MAYOR,2014-07-24,2014,LS,-15.869600,-69.765800,10.800000,Lago Mayor,6.543253,-4.256747
E32,LAGO MAYOR,2014-07-25,2014,LS,-15.926700,-69.677200,10.000000,Lago Mayor,8.477711,-1.522289
E33,LAGO MAYOR,2014-07-25,2014,LS,-15.877900,-69.616200,10.500000,Lago Mayor,10.487913,-0.012087
E34,LAGO MAYOR,2014-07-25,2014,LS,-15.828600,-69.554500,10.000000,Lago Mayor,9.758620,-0.241380
E35,LAGO MAYOR,2014-07-25,2014,LS,-15.779300,-69.492800,10.000000,Lago Mayor,10.607574,0.607574
E36,LAGO MAYOR,2014-07-25,2014,LS,-15.730300,-69.431500,10.500000,Lago Mayor,11.076937,0.576937
E37,LAGO MAYOR,2014-07-25,2014,LS,-15.681200,-69.370000,11.000000,Lago Mayor,10.059531,-0.940469
E39,LAGO MAYOR,2014-07-25,2014,LS,-15.756800,-69.299300,10.000000,Lago Mayor,10.040808,0.040808
E40,LAGO MAYOR,2014-07-26,2014,LS,-15.822100,-69.380100,11.000000,Lago Mayor,9.957792,-1.042208
E41,LAGO MAYOR,2014-07-26,2014,LS,-15.888200,-69.461900,11.000000,Lago Mayor,9.950864,-1.049136
E42,LAGO MAYOR,2014-07-26,2014,LS,-15.953400,-69.542500,7.000000,Lago Mayor,9.010161,2.010161
E44,LAGO MAYOR,2014-07-27,2014,LS,-15.945500,-69.373500,11.000000,Lago Mayor,9.566664,-1.433336
E45,LAGO MAYOR,2017-07-27,2017,LS,-15.893900,-69.309200,11.000000,Lago Mayor,10.005243,-0.994757
E46,LAGO MAYOR,2014-07-27,2014,LS,-15.842200,-69.244800,11.000000,Lago Mayor,9.397433,-1.602567
E47,LAGO MAYOR,2014-07-27,2014,LS,-15.790600,-69.180500,11.000000,Lago Mayor,9.885186,-1.114814
E48,LAGO MAYOR,2014-07-27,2014,LS,-15.738700,-69.115900,7.400000,Lago Mayor,9.495263,2.095263
E49,LAGO MAYOR,2014-07-27,2014,LS,-15.811600,-69.045600,10.000000,Lago Mayor,9.219271,-0.780729
E50,LAGO MAYOR,2014-07-27,2014,LS,-15.885000,-69.136500,10.200000,Lago Mayor,10.343807,0.143807
E51,LAGO MAYOR,2014-07-28,2014,LS,-15.958800,-69.227700,11.500000,Lago Mayor,10.807023,-0.692977
E52,LAGO MAYOR,2014-07-28,2014,LS,-16.033400,-69.320000,13.000000,Lago Mayor,8.856701,-4.143299
E53,LAGO MAYOR,2014-07-28,2014,LS,-16.108400,-69.412700,11.000000,Lago Mayor,9.549418,-1.450582
E54,LAGO MAYOR,2014-07-28,2014,LS,-16.183900,-69.506100,10.500000,Lago Mayor,9.426082,-1.073918
E55,LAGO MAYOR,2014-07-28,2014,LS,-16.156600,-69.356200,9.500000,Lago Mayor,9.271007,-0.228993
E56,LAGO MAYOR,2014-07-28,2014,LS,-16.229200,-69.272700,9.200000,Lago Mayor,9.772822,0.572822
E57,LAGO MAYOR,2014-07-20,2014,LS,-16.116700,-69.240200,9.500000,Lago Mayor,10.444206,0.944206
E58,LAGO MAYOR,2014-07-29,2014,LS,-16.207600,-69.145700,10.000000,Lago Mayor,9.901321,-0.098679
E59,LAGO MAYOR,2014-07-29,2014,LS,-16.070400,-69.148900,10.600000,Lago Mayor,9.760578,-0.839422
E60,LAGO MAYOR,2014-07-29,2014,LS,-16.003300,-69.137500,11.200000,Lago Mayor,10.737750,-0.462250
E61,LAGO MAYOR,2014-07-29,2014,LS,-15.948300,-69.066700,11.000000,Lago Mayor,9.374781,-1.625219
E62,LAGO MAYOR,2014-07-29,2014,LS,-15.893300,-68.995800,10.000000,Lago Mayor,9.256528,-0.743472
E63,LAGO MAYOR,2014-07-29,2014,LS,-15.938300,-68.927100,10.200000,Lago Mayor,10.324980,0.124980
E64,LAGO MAYOR,2014-07-29,2014,LS,-15.983300,-68.858300,9.500000,Lago Mayor,9.649908,0.149908
E65,LAGO MAYOR,2014-07-30,2014,LS,-16.019200,-68.943400,9.500000,Lago Mayor,10.091734,0.591734
E66,LAGO MAYOR,2014-07-30,2014,LS,-16.055100,-69.028500,11.000000,Lago Mayor,10.148680,-0.851320
E67,LAGO MAYOR,2014-07-30,2014,LS,-16.120400,-68.957700,9.000000,Lago Mayor,10.077029,1.077029
E68,LAGO MAYOR,2014-07-30,2014,LS,-16.180600,-68.892600,10.000000,Lago Mayor,11.249210,1.249210
E69,LAGO MAYOR,2014-07-30,2014,LS,-16.232000,-68.829500,8.000000,Lago Mayor,9.446155,1.446155
E70,LAGO MAYOR,2014-07-30,2014,LS,-16.188300,-68.795800,5.000000,Lago Mayor,8.909185,3.909185
E71,LAGO MAYOR,2014-07-30,2014,LS,-16.216500,-68.733500,5.500000,Lago Mayor,8.018798,2.518798
E74,LAGO MENOR,2014-07-30,2014,LS,-16.268200,-68.959800,6.500000,Lago Menor,6.959682,0.459682
E75,LAGO MENOR,2014-07-30,2014,LS,-16.313000,-69.014900,6.000000,Lago Menor,6.142954,0.142954
E76,LAGO MENOR,2014-07-30,2014,LS,-16.343900,-68.876000,5.000000,Lago Menor,9.010874,4.010874
E77,LAGO MENOR,2014-07-31,2014,LS,-16.417100,-68.961100,6.000000,Lago Menor,6.143108,0.143108
E79,LAGO MENOR,2014-07-31,2014,LS,-16.509200,-68.967100,6.000000,Lago Menor,6.130948,0.130948
E80,LAGO MENOR,2014-07-31,2014,LS,-16.487700,-69.040600,6.000000,Lago Menor,6.030083,0.030083
E02,BAHIA PUNO,2015-07-14,2015,LS,-15.848200,-69.918200,6.500000,Bahia de Puno,9.427786,2.927786
E05,BAHIA PUNO,2015-07-15,2015,LS,-15.839800,-69.891800,7.000000,Bahia de Puno,9.777096,2.777096
E08,BAHIA PUNO,2015-07-15,2015,LS,-15.801000,-69.872400,8.000000,Bahia de Puno,9.443010,1.443010
E12,BAHIA PUNO,2015-07-15,2015,LS,-15.759100,-69.825300,8.000000,Bahia de Puno,9.396283,1.396283
E13,BAHIA PUNO,2015-07-15,2015,LS,-15.789500,-69.769800,9.000000,Bahia de Puno,9.896321,0.896321
E14,BAHIA PUNO,2015-07-15,2015,LS,-15.748900,-69.783000,9.000000,Bahia de Puno,9.267908,0.267908
E15,BAHIA PUNO,2015-07-15,2015,LS,-15.715000,-69.822600,7.000000,Bahia de Puno,8.586922,1.586922
E16,BAHIA PUNO,2015-07-16,2015,LS,-15.673700,-69.854100,7.000000,Bahia de Puno,6.104350,-0.895650
E18,LAGO MAYOR,2015-07-16,2015,LS,-15.732800,-69.747900,10.000000,Lago Mayor,10.167822,0.167822
E19,LAGO MAYOR,2015-07-16,2015,LS,-15.708800,-69.734300,9.500000,Lago Mayor,9.921222,0.421222
E20,LAGO MAYOR,2015-07-16,2015,LS,-15.685600,-69.783700,8.500000,Lago Mayor,9.502880,1.002880
E21,LAGO MAYOR,2015-07-16,2015,LS,-15.646600,-69.762100,9.000000,Lago Mayor,10.622007,1.622007
E22,LAGO MAYOR,2015-07-16,2015,LS,-15.618100,-69.807000,10.000000,Lago Mayor,9.567490,-0.432510
E23,LAGO MAYOR,2015-07-17,2015,LS,-15.559800,-69.846600,8.000000,Lago Mayor,10.674517,2.674517
E24,LAGO MAYOR,2015-07-17,2015,LS,-15.516000,-69.831200,12.000000,Lago Mayor,8.613716,-3.386284
E27,LAGO MAYOR,2015-07-17,2015,LS,-15.450800,-69.837900,9.000000,Lago Mayor,8.442585,-0.557415
E28,LAGO MAYOR,2015-07-17,2015,LS,-15.392800,-69.782200,5.500000,Lago Mayor,8.203641,2.703641
E29,LAGO MAYOR,2015-07-17,2015,LS,-15.368000,-69.830100,7.000000,Lago Mayor,9.029318,2.029318
E31,LAGO MAYOR,2015-07-18,2015,LS,-15.339900,-69.738900,8.000000,Lago Mayor,7.320442,-0.679558
E32,LAGO MAYOR,2015-07-18,2015,LS,-15.338400,-69.720500,7.000000,Lago Mayor,7.515570,0.515570
E35,LAGO MAYOR,2015-07-19,2015,LS,-15.240900,-69.696400,8.000000,Lago Mayor,7.272944,-0.727056
E36,LAGO MAYOR,2015-07-19,2015,LS,-15.297100,-69.681400,10.000000,Lago Mayor,7.803565,-2.196435
E37,LAGO MAYOR,2015-07-19,2015,LS,-15.341300,-69.637300,10.000000,Lago Mayor,7.927641,-2.072359
E38,LAGO MAYOR,2015-07-19,2015,LS,-15.378200,-69.635100,9.000000,Lago Mayor,8.087358,-0.912642
E39,LAGO MAYOR,2015-07-19,2015,LS,-15.374800,-69.527600,6.000000,Lago Mayor,5.716440,-0.283560
E40,LAGO MAYOR,2015-07-20,2015,LS,-15.395100,-69.536100,10.000000,Lago Mayor,9.688140,-0.311860
E41,LAGO MAYOR,2015-07-20,2015,LS,-15.439200,-69.600900,11.000000,Lago Mayor,9.790206,-1.209794
E42,LAGO MAYOR,2015-07-20,2015,LS,-15.496700,-69.668500,10.000000,Lago Mayor,10.133215,0.133215
E43,LAGO MAYOR,2015-07-21,2015,LS,-15.560300,-69.741100,9.000000,Lago Mayor,9.783194,0.783194
E44,LAGO MAYOR,2015-07-21,2015,LS,-15.433300,-69.479800,8.000000,Lago Mayor,10.035575,2.035575
E45,LAGO MAYOR,2015-07-21,2015,LS,-15.493200,-69.473300,10.000000,Lago Mayor,10.575899,0.575899
E46,LAGO MAYOR,2015-07-21,2015,LS,-15.501600,-69.408200,9.000000,Lago Mayor,10.234879,1.234879
E48,LAGO MAYOR,2015-07-22,2015,LS,-15.535800,-69.359700,10.000000,Lago Mayor,10.569795,0.569795
E49,LAGO MAYOR,2015-07-22,2015,LS,-15.606700,-69.445600,9.000000,Lago Mayor,9.897525,0.897525
E50,LAGO MAYOR,2015-07-22,2015,LS,-15.668800,-69.521300,10.000000,Lago Mayor,10.425155,0.425155
E51,LAGO MAYOR,2015-07-23,2015,LS,-15.737100,-69.603800,10.000000,Lago Mayor,10.954308,0.954308
E52,LAGO MAYOR,2015-07-23,2015,LS,-15.802800,-69.684300,9.000000,Lago Mayor,10.124946,1.124946
E53,LAGO MAYOR,2015-07-23,2015,LS,-15.868600,-69.763400,8.000000,Lago Mayor,9.160733,1.160733
E54,LAGO MAYOR,2015-07-23,2015,LS,-15.898300,-69.731700,8.000000,Lago Mayor,9.309460,1.309460
E55,LAGO MAYOR,2015-07-24,2015,LS,-15.873800,-69.677600,11.000000,Lago Mayor,10.053519,-0.946481
E56,LAGO MAYOR,2015-07-25,2015,LS,-15.924700,-69.680500,9.000000,Lago Mayor,9.243994,0.243994
E57,LAGO MAYOR,2015-07-24,2015,LS,-15.912100,-69.609900,8.000000,Lago Mayor,9.664198,1.664198
E58,LAGO MAYOR,2015-07-24,2015,LS,-15.951900,-69.545300,8.300000,Lago Mayor,9.647546,1.347546
E59,LAGO MAYOR,2015-07-24,2015,LS,-15.887600,-69.461500,8.000000,Lago Mayor,10.472894,2.472894
E60,LAGO MAYOR,2015-07-27,2015,LS,-15.827100,-69.377600,11.000000,Lago Mayor,9.726793,-1.273207
E61,LAGO MAYOR,2015-07-27,2015,LS,-15.758500,-69.304500,8.000000,Lago Mayor,9.802774,1.802774
E62,LAGO MAYOR,2015-07-25,2015,LS,-15.643000,-69.265900,9.000000,Lago Mayor,10.543606,1.543606
E63,LAGO MAYOR,2015-07-25,2015,LS,-15.625900,-69.317100,10.000000,Lago Mayor,9.938905,-0.061095
E64,LAGO MAYOR,2015-07-23,2015,LS,-15.562500,-69.291500,9.000000,Lago Mayor,9.915201,0.915201
E66,LAGO MAYOR,2015-07-28,2015,LS,-15.951000,-69.473000,11.000000,Lago Mayor,9.580996,-1.419004
E67,LAGO MAYOR,2015-07-27,2015,LS,-15.988900,-69.412700,10.000000,Lago Mayor,9.140407,-0.859593
E68,LAGO MAYOR,2015-07-28,2015,LS,-15.993500,-69.427800,7.000000,Lago Mayor,9.785200,2.785200
E72,LAGO MAYOR,2015-07-26,2015,LS,-15.692100,-69.170900,6.000000,Lago Mayor,5.912801,-0.087199
E73,LAGO MAYOR,2015-07-26,2015,LS,-15.720200,-69.162800,5.200000,Lago Mayor,5.898092,0.698092
E74,LAGO MAYOR,2015-07-26,2015,LS,-15.765600,-69.147700,8.000000,Lago Mayor,8.146287,0.146287
E75,LAGO MAYOR,2015-07-26,2015,LS,-15.754400,-69.087000,5.000000,Lago Mayor,7.270021,2.270021
E76,LAGO MAYOR,2015-07-26,2015,LS,-15.812500,-69.044900,8.000000,Lago Mayor,8.894978,0.894978
E77,LAGO MAYOR,2015-07-26,2015,LS,-15.885200,-69.034900,7.500000,Lago Mayor,9.235008,1.735008
E78,LAGO MAYOR,2015-07-30,2015,LS,-15.890300,-69.132700,11.000000,Lago Mayor,8.941713,-2.058287
E79,LAGO MAYOR,2015-07-29,2015,LS,-15.960000,-69.227200,9.000000,Lago Mayor,9.461626,0.461626
E80,LAGO MAYOR,2015-07-29,2015,LS,-16.031600,-69.319800,10.000000,Lago Mayor,9.879779,-0.120221
E81,LAGO MAYOR,2015-07-30,2015,LS,-16.035200,-69.388500,10.000000,Lago Mayor,9.648030,-0.351970
E82,LAGO MAYOR,2015-07-30,2015,LS,-16.110900,-69.417300,9.000000,Lago Mayor,9.663126,0.663126
E83,LAGO MAYOR,2015-07-31,2015,LS,-16.183700,-69.506700,9.000000,Lago Mayor,8.769716,-0.230284
E85,LAGO MAYOR,2015-07-31,2015,LS,-16.159900,-69.444400,9.000000,Lago Mayor,9.851115,0.851115
E86,LAGO MAYOR,2015-07-31,2015,LS,-16.148500,-69.387200,9.000000,Lago Mayor,9.736735,0.736735
E88,LAGO MAYOR,2015-08-03,2015,LS,-16.206400,-69.378100,9.500000,Lago Mayor,9.545648,0.045648
E90,LAGO MAYOR,2015-08-02,2015,LS,-16.244600,-69.356900,9.000000,Lago Mayor,8.750245,-0.249755
E91,LAGO MAYOR,2015-08-02,2015,LS,-16.232000,-69.342800,10.000000,Lago Mayor,9.526774,-0.473226
E92,LAGO MAYOR,2015-08-02,2015,LS,-16.242800,-69.306500,9.000000,Lago Mayor,9.363003,0.363003
E94,LAGO MAYOR,2015-08-02,2015,LS,-16.251000,-69.288400,9.000000,Lago Mayor,9.556132,0.556132
E95,LAGO MAYOR,2015-08-03,2015,LS,-16.265700,-69.281500,9.000000,Lago Mayor,10.470382,1.470382
E96,LAGO MAYOR,2015-08-03,2015,LS,-16.250100,-69.273700,7.500000,Lago Mayor,9.846455,2.346455
E97,LAGO MAYOR,2015-08-02,2015,LS,-16.175700,-69.195800,10.000000,Lago Mayor,9.376250,-0.623750
E98,LAGO MAYOR,2015-08-05,2015,LS,-16.111700,-69.101600,9.000000,Lago Mayor,10.564322,1.564322
E99,LAGO MAYOR,2015-08-05,2015,LS,-16.074500,-69.074200,9.500000,Lago Mayor,9.637416,0.137416
E100,LAGO MAYOR,2015-08-01,2015,LS,-16.005500,-68.995900,10.000000,Lago Mayor,9.916665,-0.083335
E101,LAGO MAYOR,2015-08-01,2015,LS,-15.896200,-68.970700,10.500000,Lago Mayor,9.622918,-0.877082
E102,LAGO MAYOR,2015-08-01,2015,LS,-15.935600,-68.968400,9.000000,Lago Mayor,9.804619,0.804619
E104,LAGO MAYOR,2015-08-01,2015,LS,-15.994000,-68.880400,11.000000,Lago Mayor,9.308627,-1.691373
E105,LAGO MAYOR,2015-08-01,2015,LS,-15.986400,-68.801600,2.200000,Lago Mayor,5.807416,3.607416
E107,LAGO MAYOR,2015-08-01,2015,LS,-16.069600,-68.936100,10.500000,Lago Mayor,9.247768,-1.252232
E109,LAGO MAYOR,2015-08-04,2015,LS,-16.261100,-69.261100,10.000000,Lago Mayor,10.366216,0.366216
E110,LAGO MAYOR,2015-08-04,2015,LS,-16.234500,-69.205400,9.000000,Lago Mayor,10.017495,1.017495
E111,LAGO MAYOR,2015-08-04,2015,LS,-16.256500,-69.184600,8.000000,Lago Mayor,10.158582,2.158582
E112,LAGO MAYOR,2015-08-04,2015,LS,-16.246200,-69.141900,9.500000,Lago Mayor,9.734728,0.234728
E113,LAGO MAYOR,2015-08-04,2015,LS,-16.217400,-69.136700,9.500000,Lago Mayor,9.939719,0.439719
E115,LAGO MAYOR,2015-08-04,2015,LS,-16.170900,-69.137500,10.000000,Lago Mayor,9.290877,-0.709123
E116,LAGO MAYOR,2015-08-05,2015,LS,-16.150100,-69.120700,9.000000,Lago Mayor,9.310968,0.310968
E117,LAGO MAYOR,2015-08-04,2015,LS,-16.165300,-69.102700,9.000000,Lago Mayor,9.390960,0.390960
E118,LAGO MAYOR,2015-08-05,2015,LS,-16.085100,-69.149900,9.000000,Lago Mayor,9.229163,0.229163
E119,LAGO MAYOR,2015-08-05,2015,LS,-16.043900,-69.130900,9.000000,Lago Mayor,9.509880,0.509880
E120,LAGO MAYOR,2015-08-05,2015,LS,-16.142100,-68.960500,10.000000,Lago Mayor,8.786661,-1.213339
E121,LAGO MAYOR,2015-08-05,2015,LS,-16.206800,-68.864300,9.000000,Lago Mayor,9.792273,0.792273
E125,LAGO MENOR,2015-08-06,2015,LS,-16.213500,-68.733000,8.000000,Lago Menor,6.217121,-1.782879
E130,LAGO MENOR,2015-08-07,2015,LS,-16.217000,-68.935300,4.500000,Lago Menor,7.602994,3.102994
E131,LAGO MENOR,2015-08-07,2015,LS,-16.287500,-68.904600,5.000000,Lago Menor,7.343363,2.343363
E132,LAGO MENOR,2015-08-07,2015,LS,-16.314400,-68.845100,5.000000,Lago Menor,5.119322,0.119322
E135,LAGO MENOR,2015-08-07,2015,LS,-16.265900,-69.060100,8.000000,Lago Menor,8.143515,0.143515
E136,LAGO MENOR,2015-08-07,2015,LS,-16.302800,-68.985200,5.000000,Lago Menor,6.818499,1.818499
E137,LAGO MENOR,2015-08-08,2015,LS,-16.365300,-68.903100,6.000000,Lago Menor,6.045586,0.045586
E139,LAGO MENOR,2015-08-08,2015,LS,-16.422400,-68.903000,4.000000,Lago Menor,5.555049,1.555049
E141,LAGO MENOR,2015-08-08,2015,LS,-16.410900,-69.021600,4.000000,Lago Menor,5.784407,1.784407
E142,LAGO MENOR,2015-08-08,2015,LS,-16.462600,-69.010400,5.000000,Lago Menor,6.036492,1.036492
E143,LAGO MENOR,2015-08-09,2015,LS,-16.481800,-68.940600,6.000000,Lago Menor,5.762313,-0.237687
E145,LAGO MENOR,2015-08-09,2015,LS,-16.513900,-68.977000,6.000000,Lago Menor,5.967213,-0.032787
E147,LAGO MENOR,2015-08-09,2015,LS,-16.560000,-68.916800,6.000000,Lago Menor,6.150839,0.150839
E01,BAHIA PUNO,2016-08-03,2016,LS,-15.853000,-69.960500,8.500000,Bahia de Puno,7.044559,-1.455441
E02,BAHIA PUNO,2016-08-03,2016,LS,-15.848200,-69.918200,9.500000,Bahia de Puno,8.248989,-1.251011
E04,BAHIA PUNO,2016-08-03,2016,LS,-15.878900,-69.890700,7.000000,Bahia de Puno,8.613581,1.613581
E05,BAHIA PUNO,2016-08-03,2016,LS,-15.839800,-69.891800,7.000000,Bahia de Puno,9.236761,2.236761
E07,BAHIA PUNO,2016-08-03,2016,LS,-15.774800,-69.885100,5.000000,Bahia de Puno,6.867949,1.867949
E08,BAHIA PUNO,2016-08-03,2016,LS,-15.801000,-69.872400,8.500000,Bahia de Puno,10.112326,1.612326
E09,BAHIA PUNO,2016-08-03,2016,LS,-15.834200,-69.859200,6.000000,Bahia de Puno,6.957467,0.957467
E13,BAHIA PUNO,2016-08-04,2016,LS,-15.789500,-69.769800,9.000000,Bahia de Puno,10.949454,1.949454
E14,BAHIA PUNO,2016-08-04,2016,LS,-15.748900,-69.783000,9.500000,Bahia de Puno,9.336414,-0.163586
E15,BAHIA PUNO,2016-08-04,2016,LS,-15.715000,-69.822600,8.500000,Bahia de Puno,7.369021,-1.130979
E16,BAHIA PUNO,2016-08-04,2016,LS,-15.673700,-69.854100,6.500000,Bahia de Puno,6.507844,0.007844
E17,BAHIA PUNO,2016-08-04,2016,LS,-15.604800,-69.905900,3.500000,Bahia de Puno,5.833908,2.333908
E27,LAGO MAYOR,2016-08-05,2016,LS,-15.450800,-69.837900,9.800000,Lago Mayor,9.014119,-0.785881
E28,LAGO MAYOR,2016-08-05,2016,LS,-15.392800,-69.782200,8.800000,Lago Mayor,8.585685,-0.214315
E32,LAGO MAYOR,2016-08-05,2016,LS,-15.338400,-69.720500,9.800000,Lago Mayor,8.001424,-1.798576
E33,LAGO MAYOR,2016-08-05,2016,LS,-15.333000,-69.756000,4.600000,Lago Mayor,3.930275,-0.669725
E36,LAGO MAYOR,2016-08-05,2016,LS,-15.297100,-69.681400,9.000000,Lago Mayor,8.740392,-0.259608
E39,LAGO MAYOR,2016-08-06,2016,LS,-15.374800,-69.527600,5.000000,Lago Mayor,6.938177,1.938177
E41,LAGO MAYOR,2016-08-06,2016,LS,-15.439200,-69.600900,11.000000,Lago Mayor,12.339833,1.339833
E42,LAGO MAYOR,2016-08-06,2016,LS,-15.496700,-69.668500,11.000000,Lago Mayor,10.211674,-0.788326
E43,LAGO MAYOR,2016-08-04,2016,LS,-15.560300,-69.741100,11.000000,Lago Mayor,9.905056,-1.094944
E22,LAGO MAYOR,2016-08-05,2016,LS,-15.618100,-69.807000,10.200000,Lago Mayor,10.329673,0.129673
E48,LAGO MAYOR,2016-08-08,2016,LS,-15.536100,-69.359700,14.500000,Lago Mayor,9.910789,-4.589211
E49,LAGO MAYOR,2016-08-08,2016,LS,-15.606300,-69.444900,12.800000,Lago Mayor,10.492471,-2.307529
E50,LAGO MAYOR,2016-08-08,2016,LS,-15.668700,-69.521100,11.900000,Lago Mayor,9.270780,-2.629220
E51,LAGO MAYOR,2016-08-06,2016,LS,-15.737100,-69.603800,9.400000,Lago Mayor,11.363798,1.963798
E52,LAGO MAYOR,2016-08-06,2016,LS,-15.802800,-69.684300,10.300000,Lago Mayor,9.152560,-1.147440
E58,LAGO MAYOR,2016-08-09,2016,LS,-15.951900,-69.545300,5.000000,Lago Mayor,7.172350,2.172350
E59,LAGO MAYOR,2016-08-09,2016,LS,-15.887600,-69.461500,13.000000,Lago Mayor,11.207497,-1.792503
E60,LAGO MAYOR,2016-08-09,2016,LS,-15.827100,-69.377600,12.000000,Lago Mayor,10.224747,-1.775253
E61,LAGO MAYOR,2016-08-08,2016,LS,-15.758500,-69.304500,10.200000,Lago Mayor,10.613200,0.413200
E68,LAGO MAYOR,2016-08-08,2016,LS,-15.993500,-69.427800,5.500000,Lago Mayor,9.992802,4.492802
E72,LAGO MAYOR,2016-08-09,2016,LS,-15.692100,-69.170900,5.800000,Lago Mayor,5.393623,-0.406377
E76,LAGO MAYOR,2016-08-11,2016,LS,-15.812500,-69.044900,12.500000,Lago Mayor,10.851188,-1.648812
E78,LAGO MAYOR,2016-08-11,2016,LS,-15.890300,-69.132700,13.500000,Lago Mayor,9.578191,-3.921809
E79,LAGO MAYOR,2016-08-11,2016,LS,-15.960000,-69.227200,11.500000,Lago Mayor,9.954733,-1.545267
E80,LAGO MAYOR,2016-08-11,2016,LS,-16.031600,-69.319800,10.500000,Lago Mayor,10.051465,-0.448535
E82,LAGO MAYOR,2016-08-10,2016,LS,-16.110900,-69.417300,8.200000,Lago Mayor,10.121482,1.921482
E83,LAGO MAYOR,2016-08-10,2016,LS,-16.183700,-69.506700,5.500000,Lago Mayor,8.623270,3.123270
E84,LAGO MAYOR,2016-08-10,2016,LS,-16.200700,-69.462400,4.700000,Lago Mayor,6.543649,1.843649
E85,LAGO MAYOR,2016-08-10,2016,LS,-16.159900,-69.444400,9.800000,Lago Mayor,9.520163,-0.279837
E88,LAGO MAYOR,2016-08-10,2016,LS,-16.206400,-69.378100,6.500000,Lago Mayor,9.763058,3.263058
E94,LAGO MAYOR,2016-08-10,2016,LS,-16.251000,-69.288400,7.400000,Lago Mayor,8.055390,0.655390
E97,LAGO MAYOR,2016-08-10,2016,LS,-16.175700,-69.195800,9.500000,Lago Mayor,10.581636,1.081636
E98,LAGO MAYOR,2016-08-10,2016,LS,-16.111700,-69.101600,9.000000,Lago Mayor,10.209433,1.209433
E99,LAGO MAYOR,2016-08-12,2016,LS,-16.074500,-69.074200,9.200000,Lago Mayor,10.292967,1.092967
E100,LAGO MAYOR,2016-08-12,2016,LS,-16.005500,-68.995900,10.200000,Lago Mayor,9.904634,-0.295366
E104,LAGO MAYOR,2016-08-11,2016,LS,-15.994000,-68.880400,11.500000,Lago Mayor,10.390904,-1.109096
E113,LAGO MAYOR,2016-08-10,2016,LS,-16.217400,-69.136700,9.300000,Lago Mayor,10.114794,0.814794
E117,LAGO MAYOR,2016-08-10,2016,LS,-16.165300,-69.102700,10.000000,Lago Mayor,9.482192,-0.517808
E119,LAGO MAYOR,2016-08-10,2016,LS,-16.043900,-69.130900,10.500000,Lago Mayor,10.603689,0.103689
E120,LAGO MAYOR,2016-08-12,2016,LS,-16.126400,-68.933700,14.200000,Lago Mayor,9.938969,-4.261031
E121,LAGO MAYOR,2016-08-12,2016,LS,-16.206800,-68.864300,10.500000,Lago Mayor,9.893266,-0.606734
E01,BAHIA PUNO,2017-07-10,2017,LS,-15.853000,-69.960500,5.300000,Bahia de Puno,7.894544,2.594544
E02,BAHIA PUNO,2017-07-11,2017,LS,-15.846100,-69.927100,6.000000,Bahia de Puno,8.492915,2.492915
E05,BAHIA PUNO,2017-07-11,2017,LS,-15.840000,-69.892300,6.600000,Bahia de Puno,8.400175,1.800175
E14,BAHIA PUNO,2017-07-12,2017,LS,-15.748900,-69.783000,10.600000,Bahia de Puno,10.277188,-0.322812
E15,BAHIA PUNO,2017-07-12,2017,LS,-15.715000,-69.822600,6.600000,Bahia de Puno,7.382688,0.782688
E16,BAHIA PUNO,2017-07-12,2017,LS,-15.673700,-69.854100,6.000000,Bahia de Puno,6.683785,0.683785
E17,BAHIA PUNO,2017-07-11,2017,LS,-15.604800,-69.905900,4.200000,Bahia de Puno,5.334778,1.134778
E28,LAGO MAYOR,2017-07-12,2017,LS,-15.392800,-69.782200,10.300000,Lago Mayor,7.804304,-2.495696
E32,LAGO MAYOR,2017-07-12,2017,LS,-15.338400,-69.720500,7.000000,Lago Mayor,9.576095,2.576095
E36,LAGO MAYOR,2017-07-13,2017,LS,-15.297100,-69.681400,10.800000,Lago Mayor,9.115495,-1.684505
E39,LAGO MAYOR,2017-07-13,2017,LS,-15.374800,-69.527600,8.400000,Lago Mayor,5.732584,-2.667416
E41,LAGO MAYOR,2017-07-13,2017,LS,-15.439200,-69.600900,13.000000,Lago Mayor,9.525199,-3.474801
E42,LAGO MAYOR,2017-07-13,2017,LS,-15.496700,-69.668500,14.000000,Lago Mayor,9.353193,-4.646807
E43,LAGO MAYOR,2017-07-13,2017,LS,-15.560300,-69.741100,12.000000,Lago Mayor,9.571022,-2.428978
E22,LAGO MAYOR,2017-07-13,2017,LS,-15.618100,-69.807000,9.000000,Lago Mayor,9.161179,0.161179
E48,LAGO MAYOR,2017-07-15,2017,LS,-15.536100,-69.359700,12.000000,Lago Mayor,11.202182,-0.797818
E49,LAGO MAYOR,2017-07-15,2017,LS,-15.606300,-69.444900,9.000000,Lago Mayor,10.063149,1.063149
E50,LAGO MAYOR,2017-07-15,2017,LS,-15.668700,-69.521100,12.000000,Lago Mayor,10.083933,-1.916067
E51,LAGO MAYOR,2017-07-15,2017,LS,-15.737100,-69.603800,9.800000,Lago Mayor,10.515483,0.715483
E52,LAGO MAYOR,2017-07-15,2017,LS,-15.802800,-69.684300,9.000000,Lago Mayor,9.981602,0.981602
E59,LAGO MAYOR,2017-07-16,2017,LS,-15.887600,-69.461500,10.000000,Lago Mayor,10.090024,0.090024
E60,LAGO MAYOR,2017-07-16,2017,LS,-15.827100,-69.377600,10.000000,Lago Mayor,10.686943,0.686943
E61,LAGO MAYOR,2017-07-16,2017,LS,-15.758500,-69.304500,12.800000,Lago Mayor,10.533443,-2.266557
E72,LAGO MAYOR,2017-07-16,2017,LS,-15.692100,-69.170900,5.800000,Lago Mayor,5.068771,-0.731229
E76,LAGO MAYOR,2017-07-19,2017,LS,-15.812500,-69.044900,9.000000,Lago Mayor,9.788826,0.788826
E78,LAGO MAYOR,2017-07-19,2017,LS,-15.890300,-69.132700,10.300000,Lago Mayor,10.675786,0.375786
E79,LAGO MAYOR,2017-07-16,2017,LS,-15.960000,-69.227200,10.000000,Lago Mayor,10.706898,0.706898
E80,LAGO MAYOR,2017-07-17,2017,LS,-16.031600,-69.319800,10.000000,Lago Mayor,10.177860,0.177860
E82,LAGO MAYOR,2017-07-17,2017,LS,-16.110900,-69.417300,10.000000,Lago Mayor,9.723964,-0.276036
E83,LAGO MAYOR,2017-07-17,2017,LS,-16.183700,-69.506700,8.000000,Lago Mayor,9.533252,1.533252
E88,LAGO MAYOR,2017-07-20,2017,LS,-16.206400,-69.378100,8.000000,Lago Mayor,9.590300,1.590300
E94,LAGO MAYOR,2017-07-20,2017,LS,-16.251000,-69.288400,9.000000,Lago Mayor,11.063879,2.063879
E97,LAGO MAYOR,2017-07-20,2017,LS,-16.175700,-69.195800,10.000000,Lago Mayor,10.357953,0.357953
E98,LAGO MAYOR,2017-07-19,2017,LS,-16.105600,-69.110300,9.500000,Lago Mayor,10.120836,0.620836
E99,LAGO MAYOR,2017-07-19,2017,LS,-16.074500,-69.074200,11.000000,Lago Mayor,9.412959,-1.587041
E100,LAGO MAYOR,2017-07-19,2017,LS,-16.005500,-68.995900,10.000000,Lago Mayor,11.235220,1.235220
E104,LAGO MAYOR,2017-07-19,2017,LS,-16.029700,-68.883700,10.200000,Lago Mayor,10.446615,0.246615
E113,LAGO MAYOR,2017-07-20,2017,LS,-16.217400,-69.136700,10.000000,Lago Mayor,10.241906,0.241906
E117,LAGO MAYOR,2017-07-19,2017,LS,-16.165300,-69.102700,8.500000,Lago Mayor,10.432406,1.932406
E120,LAGO MAYOR,2017-07-21,2017,LS,-16.126400,-68.933700,9.500000,Lago Mayor,10.162411,0.662411
E121,LAGO MAYOR,2017-07-21,2017,LS,-16.206800,-68.864300,9.000000,Lago Mayor,9.732880,0.732880
E122,LAGO MENOR,2017-07-21,2017,LS,-16.227600,-68.836100,9.000000,Lago Menor,8.660485,-0.339515
E123,LAGO MENOR,2017-07-21,2017,LS,-16.192500,-68.797000,6.500000,Lago Menor,7.963818,1.463818
E125,LAGO MENOR,2017-07-21,2017,LS,-16.262600,-68.784300,8.000000,Lago Menor,5.491617,-2.508383
E130,LAGO MENOR,2017-07-22,2017,LS,-16.314400,-68.845100,5.400000,Lago Menor,6.283752,0.883752
E136,LAGO MENOR,2017-07-22,2017,LS,-16.265900,-69.060100,7.000000,Lago Menor,7.459777,0.459777
E135,LAGO MENOR,2017-07-22,2017,LS,-16.302800,-68.985200,6.000000,Lago Menor,6.860822,0.860822
E137,LAGO MENOR,2017-07-22,2017,LS,-16.401100,-68.833400,6.000000,Lago Menor,6.031825,0.031825
E142,LAGO MENOR,2017-07-22,2017,LS,-16.451500,-68.998000,6.000000,Lago Menor,6.834454,0.834454
E-148,LAGO MENOR,2017-07-22,2017,LS,-16.518700,-68.877300,6.000000,Lago Menor,5.857630,-0.142370
E-145,LAGO MENOR,2017-07-23,2017,LS,-16.513900,-68.977000,6.500000,Lago Menor,6.351857,-0.148143
E-147,LAGO MENOR,2017-07-23,2017,LS,-16.493000,-69.059600,6.500000,Lago Menor,5.474623,-1.025377
E01,BAHIA PUNO,2018-07-18,2018,LS,-15.853000,-69.960500,5.400000,Bahia de Puno,5.968010,0.568010
E02,BAHIA PUNO,2018-07-18,2018,LS,-15.846100,-69.927100,6.000000,Bahia de Puno,10.579593,4.579593
E03,BAHIA PUNO,2018-07-18,2018,LS,-15.874500,-69.907900,7.500000,Bahia de Puno,9.505946,2.005946
E16,BAHIA PUNO,2018-07-19,2018,LS,-15.673700,-69.854100,7.000000,Bahia de Puno,7.356544,0.356544
E17,BAHIA PUNO,2018-07-19,2018,LS,-15.604800,-69.905900,1.500000,Bahia de Puno,8.597938,7.097938
E28,LAGO MAYOR,2018-07-20,2018,LS,-15.392800,-69.782200,8.000000,Lago Mayor,8.822382,0.822382
E32,LAGO MAYOR,2018-07-20,2018,LS,-15.338400,-69.720500,7.000000,Lago Mayor,9.151680,2.151680
E36,LAGO MAYOR,2018-07-20,2018,LS,-15.297100,-69.681400,7.500000,Lago Mayor,8.809888,1.309888
E39,LAGO MAYOR,2018-07-21,2018,LS,-15.374800,-69.527600,7.000000,Lago Mayor,7.096420,0.096420
E41,LAGO MAYOR,2018-07-21,2018,LS,-15.439200,-69.600900,8.500000,Lago Mayor,11.874763,3.374763
E42,LAGO MAYOR,2018-07-21,2018,LS,-15.496700,-69.668500,10.000000,Lago Mayor,11.427472,1.427472
E43,LAGO MAYOR,2018-07-21,2018,LS,-15.560300,-69.741100,11.000000,Lago Mayor,11.646121,0.646121
E22,LAGO MAYOR,2018-07-21,2018,LS,-15.618100,-69.807000,8.000000,Lago Mayor,9.967557,1.967557
E48,LAGO MAYOR,2018-07-22,2018,LS,-15.528900,-69.365400,11.000000,Lago Mayor,11.530121,0.530121
E49,LAGO MAYOR,2018-07-22,2018,LS,-15.606300,-69.444900,13.000000,Lago Mayor,11.534333,-1.465667
E50,LAGO MAYOR,2018-07-22,2018,LS,-15.668700,-69.521100,11.000000,Lago Mayor,11.272697,0.272697
E51,LAGO MAYOR,2018-07-23,2018,LS,-15.737100,-69.603800,10.500000,Lago Mayor,13.729751,3.229751
E52,LAGO MAYOR,2018-07-23,2018,LS,-15.802800,-69.684300,12.000000,Lago Mayor,10.096210,-1.903790
E53,LAGO MAYOR,2018-07-23,2018,LS,-15.868600,-69.763400,9.500000,Lago Mayor,8.947648,-0.552352
E59,LAGO MAYOR,2017-07-16,2017,LS,-15.887600,-69.461500,10.000000,Lago Mayor,10.090024,0.090024
E60,LAGO MAYOR,2018-07-24,2018,LS,-15.827100,-69.377600,13.500000,Lago Mayor,11.683304,-1.816696
E61,LAGO MAYOR,2018-07-24,2018,LS,-15.758500,-69.304500,13.000000,Lago Mayor,12.036389,-0.963611
E72,LAGO MAYOR,2018-07-24,2018,LS,-15.692100,-69.170900,4.000000,Lago Mayor,7.131886,3.131886
E76,LAGO MAYOR,2018-07-24,2018,LS,-15.812500,-69.044900,13.000000,Lago Mayor,10.038237,-2.961763
E78,LAGO MAYOR,2018-07-24,2018,LS,-15.890300,-69.132700,13.000000,Lago Mayor,10.367270,-2.632730
E79,LAGO MAYOR,2018-07-25,2018,LS,-15.960000,-69.227200,10.500000,Lago Mayor,11.901367,1.401367
E80,LAGO MAYOR,2018-07-25,2018,LS,-16.031600,-69.319800,12.300000,Lago Mayor,12.525435,0.225435
E82,LAGO MAYOR,2018-07-25,2018,LS,-16.110900,-69.417300,11.000000,Lago Mayor,10.006894,-0.993106
E83,LAGO MAYOR,2018-07-25,2018,LS,-16.183700,-69.506700,7.000000,Lago Mayor,9.454995,2.454995
E88,LAGO MAYOR,2018-07-25,2018,LS,-16.206400,-69.378100,9.400000,Lago Mayor,10.702437,1.302437
E94,LAGO MAYOR,2018-07-26,2018,LS,-16.251000,-69.288400,9.000000,Lago Mayor,12.517951,3.517951
E97,LAGO MAYOR,2018-07-26,2018,LS,-16.175700,-69.195800,10.500000,Lago Mayor,9.626840,-0.873160
E98,LAGO MAYOR,2018-07-26,2018,LS,-16.105600,-69.110300,12.000000,Lago Mayor,10.022000,-1.978000
E99,LAGO MAYOR,2018-07-28,2018,LS,-16.074500,-69.074200,11.000000,Lago Mayor,9.942843,-1.057157
E100,LAGO MAYOR,2018-07-28,2018,LS,-16.005500,-68.995900,13.000000,Lago Mayor,11.391190,-1.608810
E104,LAGO MAYOR,2018-07-28,2018,LS,-16.029700,-68.883700,12.000000,Lago Mayor,10.568087,-1.431913
E117,LAGO MAYOR,2018-07-26,2018,LS,-16.165300,-69.102700,9.100000,Lago Mayor,9.581251,0.481251
E120,LAGO MAYOR,2018-07-28,2018,LS,-16.126400,-68.933700,9.500000,Lago Mayor,9.926957,0.426957
E121,LAGO MAYOR,2018-07-28,2018,LS,-16.206800,-68.864300,8.000000,Lago Mayor,9.643956,1.643956
E122,LAGO MENOR,2018-07-29,2018,LS,-16.227600,-68.836100,9.000000,Lago Menor,9.848200,0.848200
E123,LAGO MENOR,2018-07-29,2018,LS,-16.192500,-68.797000,9.000000,Lago Menor,9.529627,0.529627
E125,LAGO MENOR,2018-07-29,2018,LS,-16.262600,-68.784300,7.500000,Lago Menor,7.639007,0.139007
E132,LAGO MENOR,2018-07-29,2018,LS,-16.333900,-68.780800,7.000000,Lago Menor,4.852842,-2.147158
E130,LAGO MENOR,2018-07-29,2018,LS,-16.314400,-68.845100,6.000000,Lago Menor,6.935323,0.935323
E136,LAGO MENOR,2018-07-29,2018,LS,-16.265900,-69.060100,8.000000,Lago Menor,8.138966,0.138966
E137,LAGO MENOR,2018-07-29,2018,LS,-16.401100,-68.833400,5.000000,Lago Menor,4.333090,-0.666910
E141,LAGO MENOR,2018-07-30,2018,LS,-16.376400,-69.007300,5.500000,Lago Menor,7.887580,2.387580
E142,LAGO MENOR,2018-07-30,2018,LS,-16.451500,-68.998000,7.000000,Lago Menor,8.820112,1.820112
E145,LAGO MENOR,2018-07-30,2018,LS,-16.513900,-68.977000,6.500000,Lago Menor,7.480008,0.980008
E01,BAHIA PUNO,2019-07-11,2019,LS,-15.852200,-69.960700,8.000000,Bahia de Puno,10.648012,2.648012
E02,BAHIA PUNO,2019-07-11,2019,LS,-15.846400,-69.927600,8.000000,Bahia de Puno,7.751517,-0.248483
E04,BAHIA PUNO,2019-07-11,2019,LS,-15.875200,-69.871700,1.500000,Bahia de Puno,5.833026,4.333026
E05,BAHIA PUNO,2019-07-11,2019,LS,-15.840000,-69.892000,8.000000,Bahia de Puno,7.865103,-0.134897
E08,BAHIA PUNO,2019-07-11,2019,LS,-15.779800,-69.869100,10.000000,Bahia de Puno,7.802169,-2.197831
E14,BAHIA PUNO,2019-07-12,2019,LS,-15.748900,-69.783000,9.000000,Bahia de Puno,8.097907,-0.902093
E16,BAHIA PUNO,2019-07-11,2019,LS,-15.672800,-69.853900,3.500000,Bahia de Puno,6.367777,2.867777
E17,BAHIA PUNO,2019-07-12,2019,LS,-15.605400,-69.904900,3.000000,Bahia de Puno,6.179429,3.179429
E25,LAGO MAYOR,2019-07-12,2019,LS,-15.491100,-69.893100,6.100000,Lago Mayor,8.985342,2.885342
E28,LAGO MAYOR,2019-07-12,2019,LS,-15.392800,-69.782200,7.000000,Lago Mayor,9.596253,2.596253
E32,LAGO MAYOR,2019-07-12,2019,LS,-15.338200,-69.720500,6.000000,Lago Mayor,10.056047,4.056047
E36,LAGO MAYOR,2019-07-12,2019,LS,-15.296400,-69.681600,11.000000,Lago Mayor,8.289106,-2.710894
E39,LAGO MAYOR,2019-07-13,2019,LS,-15.342300,-69.529000,8.000000,Lago Mayor,7.739699,-0.260301
E41,LAGO MAYOR,2019-07-13,2019,LS,-15.439500,-69.600600,9.500000,Lago Mayor,10.308356,0.808356
E42,LAGO MAYOR,2019-07-13,2019,LS,-15.496700,-69.668700,10.000000,Lago Mayor,10.339378,0.339378
E43,LAGO MAYOR,2019-07-13,2019,LS,-15.560300,-69.741300,12.000000,Lago Mayor,9.353812,-2.646188
E22,LAGO MAYOR,2019-07-13,2019,LS,-15.620000,-69.813300,6.000000,Lago Mayor,9.370819,3.370819
E49,LAGO MAYOR,2019-07-14,2019,LS,-15.606300,-69.444900,12.000000,Lago Mayor,11.860699,-0.139301
E50,LAGO MAYOR,2019-07-14,2019,LS,-15.668500,-69.521000,12.000000,Lago Mayor,9.554789,-2.445211
E52,LAGO MAYOR,2019-07-14,2019,LS,-15.801700,-69.683800,10.000000,Lago Mayor,10.344898,0.344898
E53,LAGO MAYOR,2019-07-14,2019,LS,-15.870300,-69.769400,9.000000,Lago Mayor,6.165750,-2.834250
E59,LAGO MAYOR,2019-07-15,2019,LS,-15.887400,-69.461400,11.000000,Lago Mayor,9.707876,-1.292124
E60,LAGO MAYOR,2019-07-15,2019,LS,-15.826700,-69.376400,11.000000,Lago Mayor,9.696390,-1.303610
E61,LAGO MAYOR,2019-07-15,2019,LS,-15.758900,-69.304200,11.000000,Lago Mayor,10.535463,-0.464537
E72,LAGO MAYOR,2019-07-15,2019,LS,-15.693100,-69.170700,6.000000,Lago Mayor,6.397008,0.397008
E76,LAGO MAYOR,2019-07-19,2019,LS,-15.807700,-69.041400,9.900000,Lago Mayor,8.929104,-0.970896
E78,LAGO MAYOR,2019-07-19,2019,LS,-15.889400,-69.132500,12.000000,Lago Mayor,11.679390,-0.320610
E82,LAGO MAYOR,2019-07-16,2019,LS,-16.112100,-69.417500,9.000000,Lago Mayor,10.318995,1.318995
E83,LAGO MAYOR,2019-07-16,2019,LS,-16.184900,-69.507900,10.000000,Lago Mayor,9.121740,-0.878260
E88,LAGO MAYOR,2019-07-17,2019,LS,-16.203100,-69.382200,11.000000,Lago Mayor,9.313945,-1.686055
E94,LAGO MAYOR,2019-07-17,2019,LS,-16.254500,-69.291700,8.000000,Lago Mayor,9.800881,1.800881
E97,LAGO MAYOR,2019-07-17,2019,LS,-16.175400,-69.195100,10.000000,Lago Mayor,9.212571,-0.787429
E98,LAGO MAYOR,2019-07-18,2019,LS,-16.103400,-69.108900,7.000000,Lago Mayor,11.587000,4.587000
E99,LAGO MAYOR,2019-07-20,2019,LS,-16.082400,-69.081700,13.000000,Lago Mayor,8.074749,-4.925251
E100,LAGO MAYOR,2019-07-20,2019,LS,-16.005000,-68.996400,11.000000,Lago Mayor,11.341990,0.341990
E104,LAGO MAYOR,2019-07-20,2019,LS,-16.038400,-68.857700,10.000000,Lago Mayor,7.500754,-2.499246
E113,LAGO MAYOR,2019-07-17,2019,LS,-16.229800,-69.113500,9.000000,Lago Mayor,7.953097,-1.046903
E117,LAGO MAYOR,2019-07-18,2019,LS,-16.168600,-69.097900,10.000000,Lago Mayor,8.390896,-1.609104
E120,LAGO MAYOR,2019-07-20,2019,LS,-16.126200,-68.933400,11.500000,Lago Mayor,11.050720,-0.449280
E121,LAGO MAYOR,2019-07-21,2019,LS,-16.207700,-68.862600,11.000000,Lago Mayor,9.874190,-1.125810
E122,LAGO MENOR,2019-07-21,2019,LS,-16.228100,-68.835100,11.000000,Lago Menor,8.853590,-2.146410
E123,LAGO MENOR,2019-07-21,2019,LS,-16.192200,-68.796800,9.000000,Lago Menor,9.678051,0.678051
E125,LAGO MENOR,2019-07-21,2019,LS,-16.213200,-68.732500,8.500000,Lago Menor,10.084193,1.584193
E132,LAGO MENOR,2019-07-21,2019,LS,-16.315000,-68.847900,7.000000,Lago Menor,5.452578,-1.547422
E130,LAGO MENOR,2019-07-22,2019,LS,-16.214200,-68.939300,10.000000,Lago Menor,5.485844,-4.514156
E136,LAGO MENOR,2019-07-22,2019,LS,-16.303400,-68.985400,6.500000,Lago Menor,5.644897,-0.855103
E137,LAGO MENOR,2019-07-22,2019,LS,-16.365500,-68.902500,5.000000,Lago Menor,6.323625,1.323625
E141,LAGO MENOR,2019-07-23,2019,LS,-16.376000,-69.007800,10.000000,Lago Menor,6.019175,-3.980825
E142,LAGO MENOR,2019-07-23,2019,LS,-16.448900,-68.996900,11.000000,Lago Menor,5.255934,-5.744066
E145,LAGO MENOR,2019-07-23,2019,LS,-16.517900,-68.978100,6.000000,Lago Menor,5.707067,-0.292933
E147,LAGO MENOR,2019-07-24,2019,LS,-16.559000,-68.917400,5.500000,Lago Menor,4.896814,-0.603186
E01,BAHIA PUNO,2022-08-12,2022,LS,-15.853000,-69.960500,5.500000,Bahia de Puno,6.837813,1.337813
E02,BAHIA PUNO,2022-08-12,2022,LS,-15.846100,-69.927100,8.000000,Bahia de Puno,7.970588,-0.029412
E05,BAHIA PUNO,2022-08-12,2022,LS,-15.840000,-69.892300,8.500000,Bahia de Puno,10.265595,1.765595
E08,BAHIA PUNO,2022-08-12,2022,LS,-15.780200,-69.868100,11.000000,Bahia de Puno,10.629971,-0.370029
E28,LAGO MAYOR,2022-08-14,2022,LS,-15.392800,-69.782200,10.000000,Lago Mayor,10.958042,0.958042
E32,LAGO MAYOR,2022-08-14,2022,LS,-15.338400,-69.720500,9.000000,Lago Mayor,9.472601,0.472601
E36,LAGO MAYOR,2022-08-14,2022,LS,-15.297100,-69.681400,9.000000,Lago Mayor,9.488465,0.488465
E39,LAGO MAYOR,2022-08-15,2022,LS,-15.374800,-69.527600,7.000000,Lago Mayor,5.234102,-1.765898
341,LAGO MAYOR,2022-08-15,2022,LS,-15.439200,-69.600900,14.000000,Lago Mayor,11.865424,-2.134576
E42,LAGO MAYOR,2022-08-15,2022,LS,-15.496700,-69.668500,16.000000,Lago Mayor,11.897242,-4.102758
E43,LAGO MAYOR,2022-08-15,2022,LS,-15.560300,-69.741100,14.000000,Lago Mayor,14.128539,0.128539
E22,LAGO MAYOR,2022-08-15,2022,LS,-15.618100,-69.807000,14.000000,Lago Mayor,11.983491,-2.016509
E48,LAGO MAYOR,2022-08-16,2022,LS,-15.536100,-69.359700,8.000000,Lago Mayor,11.886194,3.886194
E49,LAGO MAYOR,2022-08-16,2022,LS,-15.606300,-69.444900,15.000000,Lago Mayor,12.669008,-2.330992
E50,LAGO MAYOR,2022-08-16,2022,LS,-15.668700,-69.521100,16.000000,Lago Mayor,13.841913,-2.158087
E51,LAGO MAYOR,2022-08-17,2022,LS,-15.737100,-69.603800,12.000000,Lago Mayor,13.739313,1.739313
E52,LAGO MAYOR,2022-08-17,2022,LS,-15.802800,-69.684300,9.000000,Lago Mayor,11.851401,2.851401
E53,LAGO MAYOR,2022-08-17,2022,LS,-15.868600,-69.763400,11.000000,Lago Mayor,13.220584,2.220584
E58,LAGO MAYOR,2022-08-18,2022,LS,-15.951900,-69.545300,11.000000,Lago Mayor,7.569764,-3.430236
E59,LAGO MAYOR,2022-08-18,2022,LS,-15.887600,-69.461500,15.000000,Lago Mayor,13.054992,-1.945008
E60,LAGO MAYOR,2022-08-18,2022,LS,-15.827100,-69.377600,16.500000,Lago Mayor,12.311042,-4.188958
E61,LAGO MAYOR,2022-08-18,2022,LS,-15.758500,-69.304500,15.000000,Lago Mayor,12.863123,-2.136877
E72,LAGO MAYOR,2022-08-19,2022,LS,-15.692100,-69.170900,5.000000,Lago Mayor,5.990812,0.990812
E76,LAGO MAYOR,2022-08-19,2022,LS,-15.812500,-69.044900,10.000000,Lago Mayor,11.465822,1.465822
E78,LAGO MAYOR,2022-08-19,2022,LS,-15.890300,-69.132700,14.000000,Lago Mayor,12.965568,-1.034432
E79,LAGO MAYOR,2022-08-19,2022,LS,-15.960000,-69.227200,14.000000,Lago Mayor,13.404150,-0.595850
E80,LAGO MAYOR,2022-08-20,2022,LS,-16.031600,-69.319800,15.000000,Lago Mayor,12.742528,-2.257472
E82,LAGO MAYOR,2022-08-20,2022,LS,-16.110900,-69.417300,15.000000,Lago Mayor,11.663107,-3.336893
E83,LAGO MAYOR,2022-08-20,2022,LS,-16.183700,-69.506700,16.000000,Lago Mayor,10.248898,-5.751102
E88,LAGO MAYOR,2022-08-20,2022,LS,-16.206400,-69.378100,14.000000,Lago Mayor,11.687885,-2.312115
E94,LAGO MAYOR,2022-08-20,2022,LS,-16.251000,-69.288400,15.000000,Lago Mayor,12.026989,-2.973011
E97,LAGO MAYOR,2022-08-21,2022,LS,-16.175700,-69.195800,16.000000,Lago Mayor,10.450691,-5.549309
E98,LAGO MAYOR,2022-08-22,2022,LS,-16.105600,-69.110300,15.000000,Lago Mayor,12.742270,-2.257730
E99,LAGO MAYOR,2022-08-22,2022,LS,-16.074500,-69.074200,15.000000,Lago Mayor,12.320859,-2.679141
E100,LAGO MAYOR,2022-08-22,2022,LS,-16.005500,-68.995900,13.000000,Lago Mayor,10.750553,-2.249447
E103,LAGO MAYOR,2022-08-22,2022,LS,-15.939400,-68.901700,10.000000,Lago Mayor,10.133796,0.133796
E104,LAGO MAYOR,2022-08-22,2022,LS,-16.029700,-68.883700,13.000000,Lago Mayor,12.006870,-0.993130
E113,LAGO MAYOR,2022-08-21,2022,LS,-16.217400,-69.136700,14.000000,Lago Mayor,12.058252,-1.941748
E117,LAGO MAYOR,2022-08-21,2022,LS,-16.165300,-69.102700,14.000000,Lago Mayor,11.674300,-2.325700
E120,LAGO MAYOR,2022-08-22,2022,LS,-16.126400,-68.933700,14.000000,Lago Mayor,11.064925,-2.935075
E121,LAGO MAYOR,2022-08-23,2022,LS,-16.206800,-68.864300,11.000000,Lago Mayor,10.919123,-0.080877
E122,LAGO MENOR,2022-08-23,2022,LS,-16.227600,-68.836100,10.000000,Lago Menor,12.110098,2.110098
E123,LAGO MENOR,2022-08-23,2022,LS,-16.192500,-68.797000,6.000000,Lago Menor,4.598026,-1.401974
E125,LAGO MENOR,2022-08-23,2022,LS,-16.262600,-68.784300,8.000000,Lago Menor,4.170699,-3.829301
E132,LAGO MENOR,2022-08-23,2022,LS,-16.333900,-68.780800,4.000000,Lago Menor,3.881951,-0.118049
E130,LAGO MENOR,2022-08-23,2022,LS,-16.314400,-68.845100,5.500000,Lago Menor,4.659003,-0.840997
E136,LAGO MENOR,2022-08-24,2022,LS,-16.265900,-69.060100,5.500000,Lago Menor,7.035680,1.535680
E135,LAGO MENOR,2022-08-24,2022,LS,-16.302800,-68.985200,11.000000,Lago Menor,5.257230,-5.742770
E137,LAGO MENOR,2022-08-24,2022,LS,-16.401100,-68.833400,5.000000,Lago Menor,4.970074,-0.029926
E141,LAGO MENOR,2022-08-24,2022,LS,-16.376400,-69.007300,5.000000,Lago Menor,5.061866,0.061866
E142,LAGO MENOR,2022-08-24,2022,LS,-16.451500,-68.998000,5.000000,Lago Menor,5.199595,0.199595
E145,LAGO MENOR,2022-08-24,2022,LS,-16.513900,-68.977000,5.500000,Lago Menor,5.220605,-0.279395
E147,LAGO MENOR,2022-08-24,2022,LS,-16.493000,-69.059600,5.000000,Lago Menor,3.948220,-1.051780
E01,BAHIA PUNO,2024-08-21,2024,LS,-15.853000,-69.960500,6.000000,Bahia de Puno,5.889295,-0.110705
E02,BAHIA PUNO,2024-08-21,2024,LS,-15.846100,-69.927100,9.000000,Bahia de Puno,6.763968,-2.236032
E03,BAHIA PUNO,2024-08-21,2024,LS,-15.865300,-69.894200,8.000000,Bahia de Puno,7.932495,-0.067505
E05,BAHIA PUNO,2024-08-21,2024,LS,-15.840000,-69.892300,10.000000,Bahia de Puno,8.275922,-1.724078
E08,BAHIA PUNO,2024-08-21,2024,LS,-15.780200,-69.868100,9.000000,Bahia de Puno,9.477479,0.477479
E15,LAGO MAYOR,2024-08-21,2024,LS,-15.715000,-69.822600,9.000000,Lago Mayor,8.673727,-0.326273
E16,LAGO MAYOR,2024-08-21,2024,LS,-15.673700,-69.854100,6.000000,Lago Mayor,7.402545,1.402545
E22,LAGO MAYOR,2024-08-22,2024,LS,-15.618100,-69.807000,14.000000,Lago Mayor,10.104309,-3.895691
E27,LAGO MAYOR,2024-08-22,2024,LS,-15.443700,-69.842500,4.000000,Lago Mayor,5.959646,1.959646
E28,LAGO MAYOR,2024-08-22,2024,LS,-15.392800,-69.782200,9.000000,Lago Mayor,9.522565,0.522565
E32,LAGO MAYOR,2024-08-22,2024,LS,-15.338400,-69.720500,12.500000,Lago Mayor,9.796526,-2.703474
E36,LAGO MAYOR,2024-08-22,2024,LS,-15.297100,-69.681400,11.500000,Lago Mayor,10.334453,-1.165547
E36B,LAGO MAYOR,2024-08-22,2024,LS,-15.262100,-69.703400,13.000000,Lago Mayor,10.417088,-2.582912
E39,LAGO MAYOR,2024-08-23,2024,LS,-15.374800,-69.527600,8.000000,Lago Mayor,6.563084,-1.436916
E41,LAGO MAYOR,2024-08-23,2024,LS,-15.439200,-69.600900,10.500000,Lago Mayor,10.992834,0.492834
E42,LAGO MAYOR,2024-08-23,2024,LS,-15.496700,-69.668500,10.000000,Lago Mayor,12.207139,2.207139
E43,LAGO MAYOR,2024-08-23,2024,LS,-15.560300,-69.741100,12.500000,Lago Mayor,11.258759,-1.241241
E48,LAGO MAYOR,2024-08-24,2024,LS,-15.536100,-69.359700,9.000000,Lago Mayor,10.582176,1.582176
E49,LAGO MAYOR,2024-08-24,2024,LS,-15.606300,-69.444900,11.000000,Lago Mayor,13.907469,2.907469
E50,LAGO MAYOR,2024-08-24,2024,LS,-15.668700,-69.521100,12.000000,Lago Mayor,12.617404,0.617404
E51,LAGO MAYOR,2024-08-24,2024,LS,-15.737100,-69.603800,11.500000,Lago Mayor,13.051137,1.551137
E52,LAGO MAYOR,2024-08-24,2024,LS,-15.802800,-69.684300,11.000000,Lago Mayor,12.631706,1.631706
E53,LAGO MAYOR,2024-08-24,2024,LS,-15.868600,-69.763400,9.000000,Lago Mayor,10.613947,1.613947
E58,LAGO MAYOR,2024-08-26,2024,LS,-15.951900,-69.545300,9.000000,Lago Mayor,6.203766,-2.796234
E59,LAGO MAYOR,2024-08-26,2024,LS,-15.887600,-69.461500,10.500000,Lago Mayor,11.278695,0.778695
E60,LAGO MAYOR,2024-08-25,2024,LS,-15.827100,-69.377600,12.000000,Lago Mayor,9.539493,-2.460507
E61,LAGO MAYOR,2024-08-25,2024,LS,-15.758500,-69.304500,12.000000,Lago Mayor,10.584549,-1.415451
E72,LAGO MAYOR,2024-08-25,2024,LS,-15.692100,-69.170900,4.800000,Lago Mayor,5.548658,0.748658
E76,LAGO MAYOR,2024-08-25,2024,LS,-15.812500,-69.044900,12.000000,Lago Mayor,8.995686,-3.004314
B03,LAGO MAYOR,2024-08-27,2024,LS,-15.994800,-69.427000,11.000000,Lago Mayor,8.264328,-2.735672
E78,LAGO MAYOR,2024-08-27,2024,LS,-15.890300,-69.132700,10.500000,Lago Mayor,9.939425,-0.560575
E79,LAGO MAYOR,2024-08-27,2024,LS,-15.960000,-69.227200,9.500000,Lago Mayor,9.823112,0.323112
E80,LAGO MAYOR,2024-08-27,2024,LS,-16.031600,-69.319800,15.000000,Lago Mayor,12.380532,-2.619468
E82,LAGO MAYOR,2024-08-28,2024,LS,-16.110900,-69.417300,9.000000,Lago Mayor,10.834192,1.834192
E83,LAGO MAYOR,2024-08-28,2024,LS,-16.183700,-69.506700,8.500000,Lago Mayor,7.947888,-0.552112
E88,LAGO MAYOR,2024-08-29,2024,LS,-16.206400,-69.378100,9.500000,Lago Mayor,9.519274,0.019274
E94,LAGO MAYOR,2024-08-29,2024,LS,-16.251000,-69.288400,9.500000,Lago Mayor,9.825672,0.325672
E97,LAGO MAYOR,2024-08-29,2024,LS,-16.175700,-69.195800,13.500000,Lago Mayor,10.500627,-2.999373
E98,LAGO MAYOR,2024-08-29,2024,LS,-16.105600,-69.110300,13.000000,Lago Mayor,11.176671,-1.823329
E99,LAGO MAYOR,2024-08-30,2024,LS,-16.074500,-69.074200,9.500000,Lago Mayor,10.376890,0.876890
E100,LAGO MAYOR,2024-08-30,2024,LS,-16.005500,-68.995900,11.000000,Lago Mayor,11.069087,0.069087
E103,LAGO MAYOR,2024-08-30,2024,LS,-15.939400,-68.901700,11.000000,Lago Mayor,7.790295,-3.209705
E105,LAGO MAYOR,2024-08-30,2024,LS,-15.986400,-68.801600,8.500000,Lago Mayor,3.749797,-4.750203
E113,LAGO MAYOR,2024-08-29,2024,LS,-16.217400,-69.136700,13.500000,Lago Mayor,10.037900,-3.462100
E117,LAGO MAYOR,2024-08-29,2024,LS,-16.165300,-69.102700,12.000000,Lago Mayor,9.618915,-2.381085
E120,LAGO MAYOR,2024-08-30,2024,LS,-16.126400,-68.933700,10.500000,Lago Mayor,10.281353,-0.218647
E121,LAGO MAYOR,2024-08-30,2024,LS,-16.206800,-68.864300,12.700000,Lago Mayor,10.263193,-2.436807
E122,LAGO MENOR,2024-08-31,2024,LS,-16.227600,-68.836100,11.000000,Lago Menor,9.890955,-1.109045
E125,LAGO MENOR,2024-09-01,2024,LS,-16.262600,-68.784300,2.500000,Lago Menor,4.999961,2.499961
P02,LAGO MENOR,2024-09-01,2024,LS,-16.213500,-68.733000,9.500000,Lago Menor,5.177395,-4.322605
P03,LAGO MENOR,2024-09-01,2024,LS,-16.215800,-68.691200,3.500000,Lago Menor,5.460578,1.960578
P04,LAGO MENOR,2024-09-01,2024,LS,-16.254400,-68.601200,1.500000,Lago Menor,5.741789,4.241789
E127,LAGO MENOR,2024-09-01,2024,LS,-16.218000,-68.622600,2.000000,Lago Menor,5.095689,3.095689
E129,LAGO MENOR,2024-08-31,2024,LS,-16.333900,-68.780800,4.500000,Lago Menor,3.494873,-1.005127
E135,LAGO MENOR,2024-08-31,2024,LS,-16.265900,-69.060100,4.000000,Lago Menor,6.211639,2.211639
E138,LAGO MENOR,2024-08-31,2024,LS,-16.401100,-68.833400,4.500000,Lago Menor,4.110942,-0.389058
P15,LAGO MENOR,2024-08-31,2024,LS,-16.311900,-68.849500,4.000000,Lago Menor,5.012765,1.012765
E142,LAGO MENOR,2024-08-31,2024,LS,-16.451500,-68.998000,4.000000,Lago Menor,4.923112,0.923112
E145,LAGO MENOR,2024-09-02,2024,LS,-16.513900,-68.977000,3.500000,Lago Menor,5.615886,2.115886
P10,LAGO MENOR,2024-09-02,2024,LS,-16.582100,-68.872300,3.000000,Lago Menor,5.217629,2.217629
