feature,label,value,shap,zona
B3,Green,0.008288112,0.7061013408256082,LAGO MAYOR
B3,Green,0.011719936,-0.36082413105951294,BAHIA PUNO
B3,Green,0.012615632,-1.0201734867083212,BAHIA PUNO
B3,Green,0.012575376,-0.6649686124433964,BAHIA PUNO
B3,Green,0.012142624,-0.9437972914371902,BAHIA PUNO
B3,Green,0.013601904,-1.0268707617470134,BAHIA PUNO
B3,Green,0.010955072,0.17487266519092357,BAHIA PUNO
B3,Green,0.01721488,-1.9874280666743829,BAHIA PUNO
B3,Green,0.009435408,0.9697490195684308,BAHIA PUNO
B3,Green,0.009636688,0.8300481837169792,BAHIA PUNO
B3,Green,0.011750128,-0.4650642436217113,BAHIA PUNO
B3,Green,0.013048384,-0.5922313519495463,BAHIA PUNO
B3,Green,0.01716456,-2.2529390347346143,BAHIA PUNO
B3,Green,0.011146288,0.3409488294239922,LAGO MAYOR
B3,Green,0.01469888,-1.4691182420165168,LAGO MAYOR
B3,Green,0.00866048,1.2261763847253644,LAGO MAYOR
B3,Green,0.053757264,-2.3634302435987826,LAGO MAYOR
B3,Green,0.009395152,1.271954275932754,LAGO MAYOR
B3,Green,0.011035584,-0.1801709610469687,LAGO MAYOR
B3,Green,0.010391488,0.7710048072193206,LAGO MAYOR
B3,Green,0.011146288,0.3099292635027743,LAGO MAYOR
B3,Green,0.011951408,-0.5246079067857623,LAGO MAYOR
B3,Green,0.010492128,0.3764891493439752,LAGO MAYOR
B3,Green,0.009707136,0.8948601476135191,LAGO MAYOR
B3,Green,0.011106032,0.26459977220718733,LAGO MAYOR
B3,Green,0.011297248,0.11603587288305248,LAGO MAYOR
B3,Green,0.011065776,0.40081245922822445,LAGO MAYOR
B3,Green,0.010713536,0.9908498618456051,LAGO MAYOR
B3,Green,0.01344088,-1.2296034392425073,LAGO MAYOR
B3,Green,0.010109696,0.933587830864068,LAGO MAYOR
B3,Green,0.010331104,0.9122862634355923,LAGO MAYOR
B3,Green,0.010783984,0.6896413774222652,LAGO MAYOR
B3,Green,0.012021856,-0.708160388390868,LAGO MAYOR
B3,Green,0.020868112,-2.696428099266746,LAGO MAYOR
B3,Green,0.008982528,1.2997840484264862,LAGO MAYOR
B3,Green,0.010099632,1.2933911292182065,LAGO MAYOR
B3,Green,0.009958736,1.3957037212594727,LAGO MAYOR
B3,Green,0.009445472,0.7396736591442612,LAGO MAYOR
B3,Green,0.011991664,-0.9761978542552888,LAGO MAYOR
B3,Green,0.013169152,-1.052918180011604,LAGO MAYOR
B3,Green,0.012162752,-0.6748080275444869,LAGO MAYOR
B3,Green,0.0124848,-1.0276440291936209,LAGO MAYOR
B3,Green,0.012867232,-1.0516882640584477,LAGO MAYOR
B3,Green,0.011599168,0.32864694923496857,LAGO MAYOR
B3,Green,0.009324704,1.3915797732186284,LAGO MAYOR
B3,Green,0.009546112,1.603050120261192,LAGO MAYOR
B3,Green,0.011699808,-0.6077309854778739,LAGO MAYOR
B3,Green,0.009757456,0.7646097705475026,LAGO MAYOR
B3,Green,0.00815728,1.6680972733473187,LAGO MAYOR
B3,Green,0.009425344,1.3454803604362917,LAGO MAYOR
B3,Green,0.01027072,1.429219986735726,LAGO MAYOR
B3,Green,0.011005392,0.8627379611846524,LAGO MAYOR
B3,Green,0.009878224,1.3809104517477324,LAGO MAYOR
B3,Green,0.009002656,1.5508663314053492,LAGO MAYOR
B3,Green,0.012162752,-0.7842794607180638,BAHIA PUNO
B3,Green,0.012766592,-0.9762559167260204,BAHIA PUNO
B3,Green,0.012021856,-0.8586253237302925,BAHIA PUNO
B3,Green,0.01107584,0.29888453733087195,BAHIA PUNO
B3,Green,0.01283704,-1.0207432618589358,BAHIA PUNO
B3,Green,0.015815984,-1.5804098858473417,BAHIA PUNO
B3,Green,0.022468288,-1.6251346866765304,BAHIA PUNO
B3,Green,0.010844368,0.0735023714930259,LAGO MAYOR
B3,Green,0.011558912,-0.6995735652723925,LAGO MAYOR
B3,Green,0.009354896,1.2977272320693871,LAGO MAYOR
B3,Green,0.009435408,0.9560987961022961,LAGO MAYOR
B3,Green,0.005772112,1.9049780473570024,LAGO MAYOR
B3,Green,0.01087456,0.2278275761061217,LAGO MAYOR
B3,Green,0.010411616,0.5146162431358642,LAGO MAYOR
B3,Green,0.010180144,0.5167743990855821,LAGO MAYOR
B3,Green,0.008086832,1.2437669736383712,LAGO MAYOR
B3,Green,0.00861016,1.0642870897196828,LAGO MAYOR
B3,Green,0.009898352,0.9079092422808277,LAGO MAYOR
B3,Green,0.00886176,0.7857255543811983,LAGO MAYOR
B3,Green,0.009214,0.5205793098782646,LAGO MAYOR
B3,Green,0.009445472,0.5448009897039889,LAGO MAYOR
B3,Green,0.0082076,0.777141764399622,LAGO MAYOR
B3,Green,0.007613824,1.1811920927201043,LAGO MAYOR
B3,Green,0.017687888,-2.5505749804754068,LAGO MAYOR
B3,Green,0.00684896,1.7942227954370509,LAGO MAYOR
B3,Green,0.007613824,0.6740471876378384,LAGO MAYOR
B3,Green,0.007120688,0.9732090864236143,LAGO MAYOR
B3,Green,0.009234128,0.7586031610644218,LAGO MAYOR
B3,Green,0.011267056,0.3679804783523945,LAGO MAYOR
B3,Green,0.012645824,-0.8307764087839009,LAGO MAYOR
B3,Green,0.0132396,-0.7772073690597552,LAGO MAYOR
B3,Green,0.014286256,-1.0565686766913047,LAGO MAYOR
B3,Green,0.007724528,0.8278940425148749,LAGO MAYOR
B3,Green,0.00735216,0.9026089773655868,LAGO MAYOR
B3,Green,0.00941528,0.8764169456134229,LAGO MAYOR
B3,Green,0.008177408,0.7942108244389293,LAGO MAYOR
B3,Green,0.017607376,-1.5971852395998816,LAGO MAYOR
B3,Green,0.008539712,1.0080757027488128,LAGO MAYOR
B3,Green,0.009032848,0.6504261353094586,LAGO MAYOR
B3,Green,0.009193872,0.8218343317748376,LAGO MAYOR
B3,Green,0.01188096,-0.13368742151401455,LAGO MAYOR
B3,Green,0.014729072,-1.9821931434220108,LAGO MENOR
B3,Green,0.017275264,-2.796702712027631,LAGO MENOR
B3,Green,0.031747296,-2.65413152158012,LAGO MENOR
B3,Green,0.017708016,-2.2819741213289126,LAGO MENOR
B3,Green,0.013229536,-0.7098607842896835,LAGO MENOR
B3,Green,0.013682416,-1.2532503101396748,LAGO MENOR
B3,Green,0.022065728,-2.5558811937104884,LAGO MENOR
B3,Green,0.01530272,-1.9740552296053806,LAGO MENOR
B3,Green,0.035460912,-2.506422294854963,LAGO MENOR
B3,Green,0.017053856,-1.9838531408022504,LAGO MENOR
B3,Green,0.030942176,-2.8039760387301618,LAGO MENOR
B3,Green,0.009445472,0.5448009897039889,LAGO MAYOR
B3,Green,0.01580592,-1.4463348633488915,BAHIA PUNO
B3,Green,0.012625696,-0.7914065598633445,BAHIA PUNO
B3,Green,0.020123376,-2.176608667902294,BAHIA PUNO
B3,Green,0.01258544,-0.3954792091484766,BAHIA PUNO
B3,Green,0.011719936,-0.11610258599241238,BAHIA PUNO
B3,Green,0.007181072,1.7998209493661816,BAHIA PUNO
B3,Green,0.015393296,-1.6517949732215236,BAHIA PUNO
B3,Green,0.015946816,-1.3324233146735789,BAHIA PUNO
B3,Green,0.013310048,-1.076152036754554,LAGO MAYOR
B3,Green,0.0097172,1.26416944712322,LAGO MAYOR
B3,Green,0.004091424,1.4857320458660268,LAGO MAYOR
B3,Green,0.006164608,1.4819639224964027,LAGO MAYOR
B3,Green,0.050899088,-2.165626669248038,LAGO MAYOR
B3,Green,0.00186728,1.6838246959463683,LAGO MAYOR
B3,Green,0.006375952,1.7413730416181679,LAGO MAYOR
B3,Green,0.006939536,1.2470772890388493,LAGO MAYOR
B3,Green,0.003668736,1.9073718550579193,LAGO MAYOR
B3,Green,0.007382352,1.2540731736922504,LAGO MAYOR
B3,Green,0.027349328,-2.097204915218467,LAGO MAYOR
B3,Green,0.010763856,0.4857200253493392,LAGO MAYOR
B3,Green,0.008499456,0.8635587040814273,LAGO MAYOR
B3,Green,0.009375024,0.8470557698193263,LAGO MAYOR
B3,Green,0.007674208,0.9974956564313681,LAGO MAYOR
B3,Green,0.010612896,0.6117590281952925,LAGO MAYOR
B3,Green,0.007060304,1.1718580725697119,LAGO MAYOR
B3,Green,0.012323776,-0.033562474783424834,LAGO MAYOR
B3,Green,0.00825792,1.7163743955143058,LAGO MAYOR
B3,Green,0.008026448,0.5861892933531359,LAGO MAYOR
B3,Green,0.009405216,0.48076376270170307,LAGO MAYOR
B3,Green,0.007342096,1.2037849265766705,LAGO MAYOR
B3,Green,0.007935872,0.9729082953544596,LAGO MAYOR
B3,Green,0.011921216,-0.38773263891833754,LAGO MAYOR
B3,Green,0.011156352,0.13176563982903008,LAGO MAYOR
B3,Green,0.009304576,0.6934315711646002,LAGO MAYOR
B3,Green,0.00961656,0.5146700670035079,LAGO MAYOR
B3,Green,0.005963328,1.35507700515765,LAGO MAYOR
B3,Green,0.009888288,1.0680418889500725,LAGO MAYOR
B3,Green,0.004121616,1.5103751345580774,LAGO MAYOR
B3,Green,0.006164608,1.9078901071004122,LAGO MAYOR
B3,Green,0.014527792,-1.5127453211162154,LAGO MAYOR
B3,Green,0.011800448,-0.44377523161303833,LAGO MAYOR
B3,Green,0.00931464,0.5350848392109211,LAGO MAYOR
B3,Green,0.000569024,1.5726934754206472,LAGO MAYOR
B3,Green,-0.00049776,1.3548790262501158,LAGO MENOR
B3,Green,0.00549032,1.2758837394041957,LAGO MENOR
B3,Green,0.005218592,1.311091332355464,LAGO MENOR
B3,Green,0.01615816,-1.6433152022475623,LAGO MENOR
B3,Green,0.013360368,-1.3899229884473296,LAGO MENOR
B3,Green,0.018261536,-2.1129828299662035,LAGO MENOR
B3,Green,0.020576256,-2.1206378640503445,LAGO MENOR
B3,Green,0.01560464,-2.6343742176594565,LAGO MENOR
B3,Green,0.018362176,-2.7655342052852396,LAGO MENOR
B3,Green,0.020052928,-2.717630917855776,LAGO MENOR
B3,Green,0.018613776,-1.6566095435389792,LAGO MENOR
B3,Green,0.018885504,-1.866651076644542,BAHIA PUNO
B3,Green,0.017738208,-1.6713277386019565,BAHIA PUNO
B3,Green,0.015041056,-1.2583433347896242,BAHIA PUNO
B3,Green,0.013923952,-0.7983637260796336,BAHIA PUNO
B3,Green,0.019257872,-1.7815997417757374,LAGO MAYOR
B3,Green,0.021461888,-2.056102911929109,LAGO MAYOR
B3,Green,0.02073728,-1.945071480600001,LAGO MAYOR
B3,Green,0.023062064,-2.2367591584686597,LAGO MAYOR
B3,Green,0.01092488,0.16324343556919776,LAGO MAYOR
B3,Green,0.012041984,-0.5128971963495345,LAGO MAYOR
B3,Green,0.012726336,-0.5015030784798165,LAGO MAYOR
B3,Green,0.013018192,-0.5108424620949813,LAGO MAYOR
B3,Green,0.01439696,-0.6327448088455083,LAGO MAYOR
B3,Green,0.014165488,-0.41058973152239536,LAGO MAYOR
B3,Green,0.01354152,-0.34904226750814954,LAGO MAYOR
B3,Green,0.01213256,0.1720862230153435,LAGO MAYOR
B3,Green,0.012696144,-0.10246601488821981,LAGO MAYOR
B3,Green,0.01585624,-1.9900824057703586,LAGO MAYOR
B3,Green,0.017506736,-2.0595350700340482,LAGO MAYOR
B3,Green,0.013279856,-0.15298221052914995,LAGO MAYOR
B3,Green,0.0134912,-0.20556868557034239,LAGO MAYOR
B3,Green,0.013823312,-0.6430774022999289,LAGO MAYOR
B3,Green,0.020113312,-2.1175743847554727,LAGO MAYOR
B3,Green,0.012575376,-0.3268574760276401,LAGO MAYOR
B3,Green,0.011921216,-0.10589698239868682,LAGO MAYOR
B3,Green,0.01188096,-0.1406590190936808,LAGO MAYOR
B3,Green,0.012706208,0.036839712573392726,LAGO MAYOR
B3,Green,0.014437216,-1.5796892285396127,LAGO MAYOR
B3,Green,0.015815984,-2.0836336882740922,LAGO MAYOR
B3,Green,0.01414536,-0.6277956974323686,LAGO MAYOR
B3,Green,0.017929424,-2.035213961976021,LAGO MAYOR
B3,Green,0.010713536,0.48188316474331117,LAGO MAYOR
B3,Green,0.012243264,-0.42989873900954423,LAGO MAYOR
B3,Green,0.011619296,-0.21864516001208617,LAGO MAYOR
B3,Green,0.008620224,0.477175033286376,LAGO MAYOR
B3,Green,0.011448208,-0.4747833689792834,LAGO MAYOR
B3,Green,0.008348496,0.5898197638562843,LAGO MAYOR
B3,Green,0.01188096,-0.43151766462940044,LAGO MAYOR
B3,Green,0.013622032,-0.5384314960088457,LAGO MAYOR
B3,Green,0.009938608,0.48966032258671394,LAGO MAYOR
B3,Green,0.0061948,1.4729599337411572,LAGO MAYOR
B3,Green,0.004453728,1.6697832016471768,LAGO MENOR
B3,Green,0.02431,-3.0392727557789065,LAGO MENOR
B3,Green,0.043461792,-3.3986344462092326,LAGO MENOR
B3,Green,0.040040032,-3.4287502997406176,LAGO MENOR
B3,Green,0.03070064,-2.902297493290149,LAGO MENOR
B3,Green,0.017456416,-1.799504379329491,LAGO MENOR
B3,Green,0.020465552,-2.0375347179073446,LAGO MENOR
B3,Green,0.039446256,-2.0768628317165247,LAGO MENOR
B3,Green,0.025125184,-1.9668056291314975,LAGO MENOR
B3,Green,0.026342928,-1.9846385275969167,LAGO MENOR
B3,Green,0.025688768,-2.133719804462511,LAGO MENOR
B3,Green,0.034152592,-2.08936996812974,LAGO MENOR
B3,Green,0.024299936,-2.815447025296633,BAHIA PUNO
B3,Green,0.014507664,-1.5181471035050014,BAHIA PUNO
B3,Green,0.015312784,-1.9275299436487932,BAHIA PUNO
B3,Green,0.013209408,-0.4312700093425934,BAHIA PUNO
B3,Green,0.012575376,-0.1808687652942836,BAHIA PUNO
B3,Green,0.01117648,0.1834597204399408,LAGO MAYOR
B3,Green,0.009052976,0.9338081410708974,LAGO MAYOR
B3,Green,0.009888288,0.5159142494370542,LAGO MAYOR
B3,Green,0.019811392,-2.626876148210242,LAGO MAYOR
B3,Green,0.012343904,-0.8204891965177322,LAGO MAYOR
B3,Green,0.013370432,-0.5291160722077091,LAGO MAYOR
B3,Green,0.01107584,0.42608618595187825,LAGO MAYOR
B3,Green,0.010653152,0.743659905353591,LAGO MAYOR
B3,Green,0.018130704,-2.0382787855847604,LAGO MAYOR
B3,Green,0.008740992,0.7595396858901224,LAGO MAYOR
B3,Green,0.009385088,0.6114901847424723,LAGO MAYOR
B3,Green,0.0112268,0.10241944259850001,LAGO MAYOR
B3,Green,0.010683344,0.37440425501551217,LAGO MAYOR
B3,Green,0.015192016,-1.1396076296557889,LAGO MAYOR
B3,Green,0.01434664,-0.782066450910842,LAGO MAYOR
B3,Green,0.014024592,-0.4120695020467884,LAGO MAYOR
B3,Green,0.012716272,-0.36200219817924384,LAGO MAYOR
B3,Green,0.018191088,-1.8274356833796017,LAGO MAYOR
B3,Green,0.016047456,-1.9771553274541784,LAGO MAYOR
B3,Green,0.01233384,-0.41481172085222967,LAGO MAYOR
B3,Green,0.013571712,-0.6645223064291893,LAGO MAYOR
B3,Green,0.014064848,-1.1966586652234483,LAGO MAYOR
B3,Green,0.023675968,-2.4559185970097137,LAGO MAYOR
B3,Green,0.01414536,-0.8381616494639622,LAGO MAYOR
B3,Green,0.013128896,-0.0242517277530952,LAGO MAYOR
B3,Green,0.01394408,-0.3557651122134167,LAGO MAYOR
B3,Green,0.015061184,-1.577527303183057,LAGO MAYOR
B3,Green,0.010341168,0.39547237548024805,LAGO MAYOR
B3,Green,0.015192016,-1.0710783844127114,LAGO MAYOR
B3,Green,0.01832192,-1.661263978355389,LAGO MAYOR
B3,Green,0.013974272,-0.6743543181602332,LAGO MAYOR
B3,Green,0.012696144,-0.3613371656748115,LAGO MAYOR
B3,Green,0.008680608,0.5823212029205193,LAGO MAYOR
B3,Green,0.006808704,0.8200958116652739,LAGO MAYOR
B3,Green,0.011639424,-0.3858111509886785,LAGO MAYOR
B3,Green,0.006607424,0.969377265411635,LAGO MAYOR
B3,Green,0.003819696,1.9074088058527758,LAGO MAYOR
B3,Green,0.027641184,-2.0785005267105086,LAGO MAYOR
B3,Green,0.008217664,0.5891068804835465,LAGO MAYOR
B3,Green,0.011418016,-0.049424021222452624,LAGO MAYOR
B3,Green,0.007996256,0.6134073109301437,LAGO MAYOR
B3,Green,0.009505856,0.4124775962282981,LAGO MAYOR
B3,Green,0.004574496,1.3556013653702272,LAGO MENOR
B3,Green,0.044216592,-2.484439262578875,LAGO MENOR
B3,Green,0.018784864,-2.7029209766666455,LAGO MENOR
B3,Green,0.027540544,-2.286261996327022,LAGO MENOR
B3,Green,0.034343808,-2.2652775827780123,LAGO MENOR
B3,Green,0.060721552,-2.524458268228952,LAGO MENOR
B3,Green,0.036819552,-3.3340294809798245,LAGO MENOR
B3,Green,0.015966944,-2.779310024906442,LAGO MENOR
B3,Green,0.037534096,-3.5970759778068437,LAGO MENOR
B3,Green,0.021119712,-2.1954149704609067,LAGO MENOR
B3,Green,0.021582656,-2.903446897008257,LAGO MENOR
B3,Green,0.023665904,-1.7152232884494747,LAGO MENOR
B3,Green,0.022810464,-1.6337963269971463,LAGO MENOR
B3,Green,0.0512611355586562,-2.473667459727212,LAGO MAYOR
B3,Green,0.0151336267038746,-1.5810290869616948,LAGO MAYOR
B3,Green,0.0156595470645057,-2.111230521453103,LAGO MAYOR
B3,Green,0.0150262960180315,-1.971542401761284,LAGO MAYOR
B3,Green,0.0323602017816893,-2.395864302914766,LAGO MAYOR
B3,Green,0.0662874315766877,-3.1141222041242473,LAGO MAYOR
B3,Green,0.0360309112375228,-1.4617217198098016,LAGO MAYOR
B3,Green,0.0053880004293227,1.1471330047466572,LAGO MAYOR
B3,Green,0.031930879038317,-1.4801681774890683,LAGO MAYOR
B3,Green,0.0233014918965332,-1.802990058118371,LAGO MAYOR
B3,Green,0.0216056670602125,-1.509475234592228,LAGO MAYOR
B3,Green,0.0272834603413115,-1.4073771817313847,LAGO MAYOR
B3,Green,0.0157883438875174,-0.9448094122810319,LAGO MAYOR
B3,Green,0.0329934528281635,-1.4961801600852849,LAGO MAYOR
B3,Green,0.040077278093807,-1.6380911602635027,LAGO MAYOR
B3,Green,0.0240098744230975,-1.369228421023181,LAGO MAYOR
B3,Green,0.051915852742299,-2.590293721255969,LAGO MAYOR
B3,Green,0.0367929591070087,-1.6262820829014282,LAGO MAYOR
B3,Green,0.0137597939250831,-0.8862876944018614,LAGO MAYOR
B3,Green,0.0356659869056563,-1.3714641977228748,LAGO MAYOR
B3,Green,0.0753461414618439,-1.448070571555562,LAGO MAYOR
B3,Green,0.0172051089406461,-1.5288914830129674,LAGO MAYOR
B3,Green,0.0155629494472469,-1.0981061261944518,LAGO MAYOR
B3,Green,0.018525276376516,-1.5571148929899172,LAGO MAYOR
B3,Green,0.0231619620049372,-1.6243906950742117,LAGO MAYOR
B3,Green,-0.0347536760759901,1.0081151584860943,LAGO MAYOR
B3,Green,0.0338842975206611,-1.3930909466990706,LAGO MAYOR
B3,Green,0.0436084576580444,-1.5853744453163687,LAGO MAYOR
B3,Green,0.0357196522485778,-1.3768363513995345,LAGO MAYOR
B3,Green,0.0446817645164752,-1.6289300116040626,LAGO MAYOR
B3,Green,0.0170655790490501,-1.6918621163707401,LAGO MAYOR
B3,Green,0.013512933347644,-0.8867920875402028,LAGO MAYOR
B3,Green,0.010690136309971,0.4956571198645927,LAGO MAYOR
B3,Green,0.024965117527101,-1.44408964887529,LAGO MAYOR
B3,Green,0.0712783084683911,-1.4638976790623854,LAGO MENOR
B3,Green,0.0476548245143286,-1.7114713174197287,LAGO MENOR
B3,Green,0.0278845121820328,-1.5726534112020856,LAGO MENOR
B3,Green,0.0288290222174519,-1.773493168167765,LAGO MENOR
B3,Green,0.0361167757861972,-1.3679810929408813,LAGO MENOR
B3,Green,0.0109799291617473,-0.18323172472319463,LAGO MENOR
B3,Green,0.0244928625093914,-2.4489210407336954,LAGO MENOR
B3,Green,0.0111194590533433,-0.0375419669213251,LAGO MENOR
B3,Green,0.0147579693034238,-1.9206310373064435,LAGO MENOR
B3,Green,0.0191048620800686,-2.268952627122144,LAGO MENOR
B3,Green,0.0100890844692497,0.19119488249544234,BAHIA PUNO
B3,Green,0.0104325426639476,0.29711845888687155,BAHIA PUNO
B3,Green,0.0167006547171836,-1.8960255678920832,BAHIA PUNO
B3,Green,0.0107438016528925,0.7997800626240413,LAGO MAYOR
B3,Green,0.0074809488032628,1.3144207222364006,LAGO MAYOR
B3,Green,0.0096275625201245,0.18036285504167626,LAGO MAYOR
B3,Green,0.0137383277879145,-0.623328166331584,LAGO MAYOR
B3,Green,0.0094880326285284,0.22643783238584503,LAGO MAYOR
B3,Green,0.009123108296662,0.40094229185294294,LAGO MAYOR
B3,Green,0.0372008157132124,-2.648780693427353,LAGO MAYOR
B3,Green,0.0070194268541375,1.439009228688541,LAGO MAYOR
B3,Green,0.0080283353010625,0.5765604801051916,LAGO MAYOR
B3,Green,0.009820757754642,0.2787603341300381,LAGO MAYOR
B3,Green,0.0218310615004829,-2.2267072695041477,LAGO MAYOR
B3,Green,0.0077492755178705,1.2898217831117613,LAGO MAYOR
B3,Green,0.0080605345068155,0.6673717242377911,LAGO MAYOR
B3,Green,0.0070194268541375,1.076571047792839,LAGO MAYOR
B3,Green,0.0066008371793495,1.0299548473794737,LAGO MAYOR
B3,Green,0.0069335623054631,1.0598189128056787,LAGO MAYOR
B3,Green,0.0063861758076634,1.5099722785714669,LAGO MAYOR
B3,Green,0.0067403670709455,1.3685682878442216,LAGO MAYOR
B3,Green,0.0089728453364817,0.5300645299519418,LAGO MAYOR
B3,Green,0.0082107974669958,0.5372716897148199,LAGO MAYOR
B3,Green,0.0094558334227755,1.1112852986109607,LAGO MAYOR
B3,Green,0.023784479982827,-1.2249137444947773,LAGO MAYOR
B3,Green,0.0091875067081678,0.2821573123977321,LAGO MAYOR
B3,Green,0.0080498014382311,0.6543519765056607,LAGO MAYOR
B3,Green,0.0061393152302243,1.1602524350066052,LAGO MAYOR
B3,Green,0.0049694107545347,1.3488511150062839,LAGO MAYOR
B3,Green,0.0062466459160674,1.615782193499012,LAGO MAYOR
B3,Green,0.007974669958141,1.0107585789524156,LAGO MAYOR
B3,Green,0.0060534506815498,1.7888277621320607,LAGO MAYOR
B3,Green,0.0057207255554362,1.612263633115524,LAGO MAYOR
B3,Green,0.0074272834603413,0.6912199599169042,LAGO MAYOR
B3,Green,0.0109047976816571,-0.028363428108624442,LAGO MAYOR
B3,Green,0.0084898572501878,0.5236447147341733,LAGO MAYOR
B3,Green,0.0054738649779972,1.4198233766323802,LAGO MAYOR
B3,Green,0.0074809488032628,1.652730098025219,LAGO MAYOR
B3,Green,0.0058924546527852,1.9621899925562327,LAGO MAYOR
B3,Green,0.0076526779006117,1.632274017559879,LAGO MAYOR
B3,Green,0.0063647096704947,1.7403107744609212,LAGO MAYOR
B3,Green,0.0054201996350756,1.942474239140643,LAGO MAYOR
B3,Green,0.0103896103896103,0.266312302441208,LAGO MAYOR
B3,Green,0.0073950842545883,0.8709769439497491,LAGO MAYOR
B3,Green,0.0068476977567886,0.9472000020523657,LAGO MAYOR
B3,Green,0.0091660405709992,0.5917066859870062,LAGO MAYOR
B3,Green,0.0073199527744982,0.803054548467508,LAGO MAYOR
B3,Green,0.0077814747236234,0.7526763357130811,LAGO MAYOR
B3,Green,0.0087045186218739,0.6099233030969914,LAGO MAYOR
B3,Green,0.0073628850488354,1.2561726179753612,LAGO MAYOR
B3,Green,0.0075024149404314,1.0764273516856293,LAGO MAYOR
B3,Green,0.0057743908983578,2.1303748467678605,LAGO MAYOR
B3,Green,0.0063110443275732,1.8103956090379814,LAGO MAYOR
B3,Green,0.0054738649779972,1.8831514890445231,LAGO MAYOR
B3,Green,0.0060105184072126,1.5592547201555234,LAGO MAYOR
B3,Green,0.0075668133519373,1.1229964664818364,LAGO MAYOR
B3,Green,0.006547171836428,1.0721291567305722,LAGO MAYOR
B3,Green,0.0056133948695932,1.90774161837059,LAGO MAYOR
B3,Green,0.0077063432435333,0.8353202325825995,LAGO MAYOR
B3,Green,0.006096382955887,2.140252553064326,LAGO MAYOR
B3,Green,0.0058602554470323,1.8507711880988962,LAGO MAYOR
B3,Green,0.0089084469249758,1.111250953321011,LAGO MAYOR
B3,Green,0.0069442953740474,1.2601113707539913,LAGO MAYOR
B3,Green,0.0104003434581946,-0.005566379793930279,LAGO MENOR
B3,Green,0.0108403992701513,-0.26241478417881814,LAGO MENOR
B3,Green,0.0147579693034238,-1.218854945729596,LAGO MENOR
B3,Green,0.0112160566706021,-0.4254640575098751,LAGO MENOR
B3,Green,0.0137383277879145,-1.4294012497762438,LAGO MENOR
B3,Green,0.0125040249007191,-0.7678959453379504,LAGO MENOR
B3,Green,0.0098636900289792,0.17844425867554833,BAHIA PUNO
B3,Green,0.0096275625201245,0.38148084738804083,BAHIA PUNO
B3,Green,0.0088977138563915,0.4135706280005384,BAHIA PUNO
B3,Green,0.0079961360953096,0.871952081178376,BAHIA PUNO
B3,Green,0.0076312117634431,0.6948722881562155,BAHIA PUNO
B3,Green,0.0077814747236234,0.7490238949050593,BAHIA PUNO
B3,Green,0.0102286143608457,0.23776520217688019,BAHIA PUNO
B3,Green,0.0108082000643984,-0.1411160053260817,BAHIA PUNO
B3,Green,0.0078458731351293,0.7727854314978635,LAGO MAYOR
B3,Green,0.0072877535687453,0.7077358836619766,LAGO MAYOR
B3,Green,0.0082859289470859,0.6235007224957966,LAGO MAYOR
B3,Green,0.0077707416550391,0.6794535515576726,LAGO MAYOR
B3,Green,0.0095094987656971,0.24907433242623866,LAGO MAYOR
B3,Green,0.0095738971772029,0.39776361574693203,LAGO MAYOR
B3,Green,0.009681227863046,-0.010523348368687669,LAGO MAYOR
B3,Green,0.0093699688741011,0.03245848728885717,LAGO MAYOR
B3,Green,0.0120425029515938,-0.48738111127339956,LAGO MAYOR
B3,Green,0.0121498336374369,-0.3993381445599102,LAGO MAYOR
B3,Green,0.0171192443919716,-1.45955863975249,LAGO MAYOR
B3,Green,0.014661371686165,-1.1146813590922455,LAGO MAYOR
B3,Green,0.0122356981861114,-0.702940785842318,LAGO MAYOR
B3,Green,0.0128260169582483,-0.656750546885503,LAGO MAYOR
B3,Green,0.0112589889449393,-0.28405274660726415,LAGO MAYOR
B3,Green,0.0098529569603949,0.12270679321703229,LAGO MAYOR
B3,Green,0.0220135236664162,-1.8805558839587802,LAGO MAYOR
B3,Green,0.0061500482988086,1.403981576221343,LAGO MAYOR
B3,Green,0.006547171836428,1.013726668933246,LAGO MAYOR
B3,Green,0.0061715144359772,1.0657804047854593,LAGO MAYOR
B3,Green,0.0071696898143179,0.8022598040277792,LAGO MAYOR
B3,Green,0.00612858216164,1.7144817013455043,LAGO MAYOR
B3,Green,0.00480841472577,1.5214672796879563,LAGO MAYOR
B3,Green,0.0053880004293227,1.491860009805123,LAGO MAYOR
B3,Green,0.0050982075775464,1.4630769105002959,LAGO MAYOR
B3,Green,0.0064720403563378,0.8919105146445846,LAGO MAYOR
B3,Green,0.0065901041107652,0.9544291668622337,LAGO MAYOR
B3,Green,0.006235912847483,1.1471094348196558,LAGO MAYOR
B3,Green,0.0070086937855532,0.7918713314287261,LAGO MAYOR
B3,Green,0.0096168294515401,0.38284449338975074,LAGO MAYOR
B3,Green,0.008983578405066,0.5304549766678841,LAGO MAYOR
B3,Green,0.0067725662766985,0.9430968854074362,LAGO MAYOR
B3,Green,0.0092841043254266,0.44163565060838816,LAGO MAYOR
B3,Green,0.0064827734249221,0.9751229281656459,LAGO MAYOR
B3,Green,0.0076312117634431,0.7173408022325741,LAGO MAYOR
B3,Green,0.0051518729204679,1.1576890481530426,LAGO MAYOR
B3,Green,0.0058602554470323,1.2074959217554675,LAGO MAYOR
B3,Green,0.0066545025222711,1.0120784859138081,LAGO MAYOR
B3,Green,0.0054845980465815,1.4352309316789922,LAGO MAYOR
B3,Green,0.0074380165289256,0.9430349489673086,LAGO MAYOR
B3,Green,0.006096382955887,1.2472334300288215,LAGO MAYOR
B3,Green,0.0071160244713963,0.8573316156996247,LAGO MAYOR
B3,Green,0.0063647096704947,1.038908864218326,LAGO MAYOR
B3,Green,0.0079424707523881,0.6669622079825945,LAGO MAYOR
B3,Green,0.0194805194805194,-2.0231424120155412,LAGO MAYOR
B3,Green,0.0215090694429537,-2.256599165034301,LAGO MAYOR
B3,Green,0.0107652677900611,0.04957853497469871,LAGO MAYOR
B3,Green,0.0117956423741547,-0.5786386810629064,LAGO MAYOR
B3,Green,0.0106686701728024,0.1975540937361831,LAGO MAYOR
B3,Green,0.0078780723408822,0.9874370311758844,LAGO MAYOR
B3,Green,0.0092519051196737,0.18478162063092357,LAGO MAYOR
B3,Green,0.0080820006439841,0.8116230407868359,LAGO MAYOR
B3,Green,0.0068154985510357,0.8938699294222205,LAGO MAYOR
B3,Green,0.0072555543629923,0.8742626577639426,LAGO MAYOR
B3,Green,0.0074487495975099,0.8827898346844864,LAGO MAYOR
B3,Green,0.008253729741333,0.8135603680321111,LAGO MAYOR
B3,Green,0.0073628850488354,1.0644263981424333,LAGO MAYOR
B3,Green,0.0070730921970591,1.0623469688439011,LAGO MAYOR
B3,Green,0.0093377696683481,0.4810725563276228,LAGO MAYOR
B3,Green,0.0081571321240742,0.7464806087555766,LAGO MAYOR
B3,Green,0.0086293871417838,0.3794786918297862,LAGO MAYOR
B3,Green,0.0088225823763013,0.28790611662931714,LAGO MAYOR
B3,Green,0.0086079210046152,0.4030538231451233,LAGO MAYOR
B3,Green,0.0070730921970591,1.1996559045433173,LAGO MAYOR
B3,Green,0.0085542556616936,0.4497981073382172,LAGO MAYOR
B3,Green,0.0069228292368788,0.8765208251502308,LAGO MAYOR
B3,Green,0.0075453472147687,0.7672498034748199,LAGO MAYOR
B3,Green,0.0083181281528388,0.6310932301327614,LAGO MAYOR
B3,Green,0.0073414189116668,0.9016232790619532,LAGO MAYOR
B3,Green,0.007556080283353,1.0869102989655754,LAGO MAYOR
B3,Green,0.0064613072877535,1.3448794857648758,LAGO MAYOR
B3,Green,0.0077922077922077,1.0008030253026778,LAGO MAYOR
B3,Green,0.0146291724804121,-1.1953941846653688,LAGO MAYOR
B3,Green,0.0081678651926585,0.9314447774566843,LAGO MAYOR
B3,Green,0.0080820006439841,0.6363998472254014,LAGO MAYOR
B3,Green,0.0078458731351293,0.6478067711438238,LAGO MAYOR
B3,Green,0.0084576580444349,0.5671649790133597,LAGO MAYOR
B3,Green,0.0087581839647955,0.41698011493569537,LAGO MAYOR
B3,Green,0.0080605345068155,0.6236775119881167,LAGO MAYOR
B3,Green,0.0074702157346785,0.8616003933588727,LAGO MAYOR
B3,Green,0.0081571321240742,0.7071680436848928,LAGO MAYOR
B3,Green,0.0089728453364817,0.45503815671276276,LAGO MAYOR
B3,Green,0.0092411720510894,0.18636016931104726,LAGO MAYOR
B3,Green,0.0080820006439841,0.7223186554551508,LAGO MAYOR
B3,Green,0.0094343672856069,0.4624175662433986,LAGO MAYOR
B3,Green,0.0092733712568423,1.3238196462683087,LAGO MAYOR
B3,Green,0.0116346463453901,-0.8085519346715715,LAGO MENOR
B3,Green,0.0103144789095202,0.2868659517251116,LAGO MENOR
B3,Green,0.0106364709670494,0.20645498690684527,LAGO MENOR
B3,Green,0.0178705591928732,-2.1871919778974123,LAGO MENOR
B3,Green,0.0085971879360309,0.8014995331472772,LAGO MENOR
B3,Green,0.0114736503166255,-0.2867420388075651,LAGO MENOR
B3,Green,0.012396694214876,-0.7599991494651095,LAGO MENOR
B3,Green,0.0177095631641086,-2.0408563957787904,LAGO MENOR
B3,Green,0.0188365353654609,-2.2678867632883093,LAGO MENOR
B3,Green,0.0133948695932167,-1.1007915924307345,LAGO MENOR
B3,Green,0.0161425351507996,-1.9702833724300033,LAGO MENOR
B3,Green,0.0134270687989696,-0.9850374889726536,LAGO MENOR
B3,Green,0.013684662444993,-1.1616408281548996,LAGO MENOR
B3,Green,0.010657937104218,0.09879584160041738,BAHIA PUNO
B3,Green,0.010690136309971,-0.11059831703119477,BAHIA PUNO
B3,Green,0.0118707738542449,-0.4198966575795094,BAHIA PUNO
B3,Green,0.0091338413652463,0.3632254426299769,BAHIA PUNO
B3,Green,0.0131265428786089,-0.8281025070112324,BAHIA PUNO
B3,Green,0.0098744230975635,0.2008307138374449,BAHIA PUNO
B3,Green,0.0181925512504024,-1.5002932710179386,BAHIA PUNO
B3,Green,0.0074702157346785,0.8298619911722599,BAHIA PUNO
B3,Green,0.0091875067081678,0.34734377562227764,BAHIA PUNO
B3,Green,0.0110335945046688,-0.3711209912738618,BAHIA PUNO
B3,Green,0.0139959214339379,-0.983175152758474,BAHIA PUNO
B3,Green,0.0158742084361919,-1.663672760363903,BAHIA PUNO
B3,Green,0.0105935386927122,-0.09029458326284842,LAGO MAYOR
B3,Green,0.0110443275732531,-0.16113383329322017,LAGO MAYOR
B3,Green,0.0150155629494472,-0.998512230702804,LAGO MAYOR
B3,Green,0.0524632392400987,-2.3035140703975285,LAGO MAYOR
B3,Green,0.0120425029515938,-0.5758796239553352,LAGO MAYOR
B3,Green,0.0179886229473006,-1.9940855620949387,LAGO MAYOR
B3,Green,0.0068047654824514,0.973349838822819,LAGO MAYOR
B3,Green,0.007695610174949,0.604355215440535,LAGO MAYOR
B3,Green,0.007416550391757,0.8175808004497375,LAGO MAYOR
B3,Green,0.0087796501019641,0.42328956074934293,LAGO MAYOR
B3,Green,0.0048942792744445,1.0897672691592681,LAGO MAYOR
B3,Green,0.008114199849737,0.6241039074776855,LAGO MAYOR
B3,Green,0.0079424707523881,0.5791139348450245,LAGO MAYOR
B3,Green,0.007835140066545,0.6409577535322639,LAGO MAYOR
B3,Green,0.0076741440377804,0.6848989054631254,LAGO MAYOR
B3,Green,0.0138885907480948,-1.1356107347995368,LAGO MAYOR
B3,Green,0.0067511001395298,0.8921040305954591,LAGO MAYOR
B3,Green,0.0075668133519373,0.6189402661033688,LAGO MAYOR
B3,Green,0.0056241279381775,1.0709892454933905,LAGO MAYOR
B3,Green,0.0062573789846517,1.1947309746578816,LAGO MAYOR
B3,Green,0.0195985832349468,-2.2275582586491467,LAGO MAYOR
B3,Green,0.0057421916926049,2.42258703388008,LAGO MAYOR
B3,Green,0.0063861758076634,1.0113341457244303,LAGO MAYOR
B3,Green,0.0064613072877535,1.0529896645708507,LAGO MAYOR
B3,Green,0.0080176022324782,0.5289896031152287,LAGO MAYOR
B3,Green,0.0060427176129655,1.4712525186808407,LAGO MAYOR
B3,Green,0.0114307180422882,-0.11355434306680341,LAGO MAYOR
B3,Green,0.0161532682193839,-1.9495381542505483,LAGO MAYOR
B3,Green,0.0076419448320274,0.629333480133551,LAGO MAYOR
B3,Green,0.0071160244713963,0.9937870861378282,LAGO MAYOR
B3,Green,0.009230438982505,0.6586935813785206,LAGO MAYOR
B3,Green,0.0071696898143179,0.7671886105745737,LAGO MAYOR
B3,Green,0.0058280562412793,1.5511301436964908,LAGO MAYOR
B3,Green,0.0061071160244713,1.0441659329407114,LAGO MAYOR
B3,Green,0.00612858216164,1.2671260625597107,LAGO MAYOR
B3,Green,0.0066652355908554,2.265152503085136,LAGO MAYOR
B3,Green,0.0061393152302243,1.3872122376791678,LAGO MAYOR
B3,Green,0.0071374906085649,0.9973892597175847,LAGO MAYOR
B3,Green,0.0050874745089621,2.0618756813962067,LAGO MAYOR
B3,Green,0.006407641944832,1.9652699086204442,LAGO MAYOR
B3,Green,0.0079102715466351,1.0478059065771836,LAGO MAYOR
B3,Green,0.0150477621552001,-1.380014972256873,BAHIA PUNO
B3,Green,0.0097348932059675,0.941247763944174,BAHIA PUNO
B3,Green,0.0092411720510894,0.7740030783060792,BAHIA PUNO
B3,Green,0.0058924546527852,2.0299541812157664,BAHIA PUNO
B3,Green,0.0096490286572931,0.45972405975820335,BAHIA PUNO
B3,Green,0.0127294193409895,-0.6351782800990751,BAHIA PUNO
B3,Green,0.0204786948588601,-1.4976068509789695,BAHIA PUNO
B3,Green,0.013373403456048,-1.0545744217991988,LAGO MAYOR
B3,Green,0.0110228614360845,-0.12235789636727204,LAGO MAYOR
B3,Green,0.0108940646130728,-0.1361564165642575,LAGO MAYOR
B3,Green,0.0195985832349468,-1.6326240263491598,LAGO MAYOR
B3,Green,0.0060105184072126,1.0610198635741785,LAGO MAYOR
B3,Green,0.0070730921970591,1.0203863756580411,LAGO MAYOR
B3,Green,0.0058709885156166,1.134828821178207,LAGO MAYOR
B3,Green,0.007384351186004,0.7971602743130206,LAGO MAYOR
B3,Green,0.0069872276483846,1.0253072602551239,LAGO MAYOR
B3,Green,0.0056670602125147,1.8152698628138753,LAGO MAYOR
B3,Green,0.0105935386927122,0.7192583211456176,LAGO MAYOR
B3,Green,0.0052699366748953,1.2690720104400293,LAGO MAYOR
B3,Green,0.0068584308253729,1.2513935391468254,LAGO MAYOR
B3,Green,0.0059246538585381,1.400059242641696,LAGO MAYOR
B3,Green,0.0048728131372759,1.6342743803059756,LAGO MAYOR
B3,Green,0.0049479446173661,1.887144074605989,LAGO MAYOR
B3,Green,0.0193517226575077,-2.221730835406691,LAGO MAYOR
B3,Green,0.0065901041107652,2.0603938749735797,LAGO MAYOR
B3,Green,0.0050445422346248,1.6630128008594918,LAGO MAYOR
B3,Green,0.0047332832456799,1.722459899382037,LAGO MAYOR
B3,Green,0.005677793281099,1.564783292784806,LAGO MAYOR
B3,Green,0.0073521519802511,0.9220717148454498,LAGO MAYOR
B3,Green,0.0085435225931093,0.950031048030396,LAGO MAYOR
B3,Green,0.0082215305355801,1.0820419834608286,LAGO MAYOR
B3,Green,0.0081571321240742,1.2486871374806086,LAGO MAYOR
B3,Green,0.0060749168187184,1.6299873522449768,LAGO MAYOR
B3,Green,0.0052484705377267,1.3012178524537654,LAGO MAYOR
B3,Green,0.0066652355908554,1.9488419399053603,LAGO MAYOR
B3,Green,0.0048513470001073,2.5302190047755406,LAGO MAYOR
B3,Green,0.0053558012235698,1.9035804029017849,LAGO MAYOR
B3,Green,0.0057421916926049,1.9946813300532802,LAGO MAYOR
B3,Green,0.0055597295266716,2.2245112246158225,LAGO MAYOR
B3,Green,0.0055275303209187,1.9681036632424946,LAGO MAYOR
B3,Green,0.0048191477943544,1.9981627388730467,LAGO MAYOR
B3,Green,0.0046581517655897,1.7325285740779182,LAGO MENOR
B3,Green,0.0062895781904046,1.4242523247415995,LAGO MENOR
B3,Green,0.0220135236664162,-2.1383180558170585,LAGO MENOR
B3,Green,0.0144574433830632,-1.3031338763794489,LAGO MENOR
B3,Green,0.009402168079854,0.5704441498901233,LAGO MENOR
B3,Green,0.0114414511108726,-0.22418508769583562,LAGO MENOR
B3,Green,0.017795427712783,-1.7776964094115142,LAGO MENOR
B3,Green,0.01225716432328,-0.5927976088804976,LAGO MENOR
B3,Green,0.0301277235161532,-2.0634213422628824,LAGO MENOR
B3,Green,0.0131587420843619,-0.6884115010883705,LAGO MENOR
B3,Green,0.0242782011377052,-2.0331788909772195,LAGO MENOR
B3,Green,0.0139851883653536,-1.2054751522469136,BAHIA PUNO
B3,Green,0.0078673392722979,1.7619164315109175,BAHIA PUNO
B3,Green,0.0132553397016206,-0.9448770602401412,BAHIA PUNO
B3,Green,0.0129655468498443,-0.45430988402100225,BAHIA PUNO
B3,Green,0.0072770205001609,1.380953299962516,BAHIA PUNO
B3,Green,0.0155092841043254,-1.3860761120170377,LAGO MAYOR
B3,Green,0.0143715788343887,-0.7833604356402559,LAGO MAYOR
B3,Green,0.0159386068476977,-1.554390863740883,LAGO MAYOR
B3,Green,0.0197166469893742,-2.0734921828013304,LAGO MAYOR
B3,Green,0.0053450681549855,1.5753372769575749,LAGO MAYOR
B3,Green,0.0078136739293764,0.6641045522378436,LAGO MAYOR
B3,Green,0.0077707416550391,0.6985308330586495,LAGO MAYOR
B3,Green,0.0113341204250295,0.5151076030671623,LAGO MAYOR
B3,Green,0.0056455940753461,1.1397856884657984,LAGO MAYOR
B3,Green,0.0066008371793495,0.9843510142449937,LAGO MAYOR
B3,Green,0.0067832993452828,0.901588606257748,LAGO MAYOR
B3,Green,0.0050874745089621,1.3230630326109645,LAGO MAYOR
B3,Green,0.0078458731351293,0.5592275071889826,LAGO MAYOR
B3,Green,0.010099817537834,0.02706482212433029,LAGO MAYOR
B3,Green,0.0059246538585381,1.400059242641696,LAGO MAYOR
B3,Green,0.0067832993452828,0.8867719239738345,LAGO MAYOR
B3,Green,0.00612858216164,1.1085044718291022,LAGO MAYOR
B3,Green,0.0108940646130728,-0.058933592399273406,LAGO MAYOR
B3,Green,0.0063432435333261,1.3639014993251855,LAGO MAYOR
B3,Green,0.0059031877213695,1.081026857059477,LAGO MAYOR
B3,Green,0.0058602554470323,1.2618221994470402,LAGO MAYOR
B3,Green,0.0061822475045615,1.1320230342756106,LAGO MAYOR
B3,Green,0.0071589567457336,0.7779979920404153,LAGO MAYOR
B3,Green,0.00682623161962,1.066925993520667,LAGO MAYOR
B3,Green,0.0055919287324246,1.5267972121642204,LAGO MAYOR
B3,Green,0.0096490286572931,0.9254074628791435,LAGO MAYOR
B3,Green,0.0064398411505849,0.9827296811528351,LAGO MAYOR
B3,Green,0.0060427176129655,1.1598624288865982,LAGO MAYOR
B3,Green,0.0074702157346785,0.8950195394488941,LAGO MAYOR
B3,Green,0.0054631319094129,1.1755048789927252,LAGO MAYOR
B3,Green,0.0097241601373832,0.6234603069580503,LAGO MAYOR
B3,Green,0.0072984866373296,0.8781563569435574,LAGO MAYOR
B3,Green,0.0070838252656434,0.9010934965597287,LAGO MAYOR
B3,Green,0.0074594826660942,1.4924501088232323,LAGO MAYOR
B3,Green,0.0065364387678437,1.7409932071318763,LAGO MENOR
B3,Green,0.0069764945798003,1.4043879340126286,LAGO MENOR
B3,Green,0.0099280884404851,0.4861074084297829,LAGO MENOR
B3,Green,0.0207148223677149,-2.3032942583819747,LAGO MENOR
B3,Green,0.0158634753676076,-2.090958118961591,LAGO MENOR
B3,Green,0.0090372437479875,0.9143746125561873,LAGO MENOR
B3,Green,0.0291724804121498,-2.8707894509184353,LAGO MENOR
B3,Green,0.0114199849737039,-0.00646772743621722,LAGO MENOR
B3,Green,0.0097670924117205,0.4665150231288616,LAGO MENOR
B3,Green,0.0130836106042717,-0.54852843989074,LAGO MENOR
B3,Green,0.0235912847483095,-2.0738814734671736,BAHIA PUNO
B3,Green,0.012396694214876,-0.7276388506581885,BAHIA PUNO
B3,Green,0.0188365353654609,-1.6453739017901798,BAHIA PUNO
B3,Green,0.0099280884404851,0.08900455556560503,BAHIA PUNO
B3,Green,0.0282494365138993,-2.488322539792529,BAHIA PUNO
B3,Green,0.0134807341418911,-1.0429961612651495,BAHIA PUNO
B3,Green,0.028066974347966,-2.437065759306656,BAHIA PUNO
B3,Green,0.0175378340667596,-1.351258708132995,BAHIA PUNO
B3,Green,0.0094236342170226,1.2838241049077703,LAGO MAYOR
B3,Green,0.010411076526779,0.1203544417815616,LAGO MAYOR
B3,Green,0.010099817537834,0.18899159710493055,LAGO MAYOR
B3,Green,0.010411076526779,0.7150590882914499,LAGO MAYOR
B3,Green,0.0466781152731566,-2.1992152547997943,LAGO MAYOR
B3,Green,0.0086401202103681,0.6531634330167835,LAGO MAYOR
B3,Green,0.0097241601373832,0.1333950607779748,LAGO MAYOR
B3,Green,0.0096704947944617,0.03226749333009212,LAGO MAYOR
B3,Green,0.0082000643984115,1.5220153405697265,LAGO MAYOR
B3,Green,0.0103466781152731,0.29532030776797114,LAGO MAYOR
B3,Green,0.0113341204250295,-0.2760946036079837,LAGO MAYOR
B3,Green,0.0721262208865514,-1.8839040554207471,LAGO MAYOR
B3,Green,0.0503380916604057,-1.9486679247080405,LAGO MAYOR
B3,Green,0.0131372759471933,-0.6667575915263139,LAGO MAYOR
B3,Green,0.0117097778254803,-0.41849457055455785,LAGO MAYOR
B3,Green,0.0063110443275732,2.325369524990828,LAGO MAYOR
B3,Green,0.0281313727594719,-1.7226250584041143,LAGO MAYOR
B3,Green,0.007695610174949,1.3584373997395882,LAGO MAYOR
B3,Green,0.0110013952989159,0.012344351140838842,LAGO MAYOR
B3,Green,0.0088011162391327,0.8056688409133991,LAGO MAYOR
B3,Green,0.0079854030267253,1.1194662989758608,LAGO MAYOR
B3,Green,0.0093055704625952,0.7286641461640087,LAGO MAYOR
B3,Green,0.0075668133519373,1.6953250455268218,LAGO MAYOR
B3,Green,0.0103252119781045,0.2130965468410969,LAGO MAYOR
B3,Green,0.0087152516904583,0.8882208189423191,LAGO MAYOR
B3,Green,0.0134807341418911,-1.1761820352662096,LAGO MAYOR
B3,Green,0.0060534506815498,1.728514291932082,LAGO MAYOR
B3,Green,0.0156058817215842,-1.7824473766589077,LAGO MAYOR
B3,Green,0.0098100246860577,0.5983281230892199,LAGO MAYOR
B3,Green,0.0087796501019641,0.6931114044231841,LAGO MAYOR
B3,Green,0.0060641837501341,1.5980807936268877,LAGO MAYOR
B3,Green,0.0078136739293764,1.5184214989795493,LAGO MAYOR
B3,Green,0.0083717934957604,1.310037580721779,LAGO MENOR
B3,Green,0.0069335623054631,1.9685159780925678,LAGO MENOR
B3,Green,0.0066974347966083,1.8996874236809986,LAGO MENOR
B3,Green,0.0151980251153804,-1.1662763668098775,LAGO MENOR
B3,Green,0.0121069013630997,-0.7802057484841756,LAGO MENOR
B3,Green,0.013405602661801,-1.2039925658284563,LAGO MENOR
B3,Green,0.0137597939250831,-0.7281506482457523,LAGO MENOR
B3,Green,0.0131372759471933,-0.930831588193912,LAGO MENOR
B3,Green,0.0159708060534506,-2.1202543114025865,LAGO MENOR
B3,Green,0.0176022324782655,-2.1189844268707887,LAGO MENOR
B3,Green,0.016400128796823,-1.416283843844495,LAGO MENOR
B3,Green,0.0135343994848127,-1.103360646950927,BAHIA PUNO
B3,Green,0.0097670924117205,0.736468368216243,BAHIA PUNO
B3,Green,0.0077814747236234,0.9017315218606747,BAHIA PUNO
B3,Green,0.0066437694536868,0.9398980763360071,BAHIA PUNO
B3,Green,0.0087152516904583,0.5873213745137037,LAGO MAYOR
B3,Green,0.018106686701728,-1.2695930556798005,LAGO MAYOR
B3,Green,0.0165289256198347,-1.2333552567353432,LAGO MAYOR
B3,Green,0.0221530535580122,-1.7633535383415393,LAGO MAYOR
B3,Green,0.0058602554470323,1.0304587297760517,LAGO MAYOR
B3,Green,0.0067189009337769,0.902362127670228,LAGO MAYOR
B3,Green,0.0056455940753461,1.3353582484950859,LAGO MAYOR
B3,Green,0.0069550284426317,0.8845367060051991,LAGO MAYOR
B3,Green,0.0064183750134163,1.3690732696899948,LAGO MAYOR
B3,Green,0.0061607813673929,1.2668857032238683,LAGO MAYOR
B3,Green,0.0057743908983578,1.3659696968308064,LAGO MAYOR
B3,Green,0.0059139207899538,1.3963338034472503,LAGO MAYOR
B3,Green,0.0072340882258237,0.7216303073008262,LAGO MAYOR
B3,Green,0.0071160244713963,1.2439833896514894,LAGO MAYOR
B3,Green,0.0095202318342814,0.44652251487882977,LAGO MAYOR
B3,Green,0.0057851239669421,1.4411190969985734,LAGO MAYOR
B3,Green,0.00682623161962,1.1819264841368717,LAGO MAYOR
B3,Green,0.0065579049050123,1.232027951955474,LAGO MAYOR
B3,Green,0.0193839218632607,-1.6008096858795744,LAGO MAYOR
B3,Green,0.0066437694536868,1.3436506014285057,LAGO MAYOR
B3,Green,0.0057529247611892,1.1656709584357832,LAGO MAYOR
B3,Green,0.0054523988408285,1.3155012324883553,LAGO MAYOR
B3,Green,0.0056992594182676,1.4173076061077046,LAGO MAYOR
B3,Green,0.0062788451218203,1.352473624403499,LAGO MAYOR
B3,Green,0.013094343672856,-0.5135304165176555,LAGO MAYOR
B3,Green,0.0098958892347322,0.6374622126568708,LAGO MAYOR
B3,Green,0.008393259632929,1.1262085924090879,LAGO MAYOR
B3,Green,0.0044542234624879,1.3528709286760627,LAGO MAYOR
B3,Green,0.0080820006439841,0.7044340372734956,LAGO MAYOR
B3,Green,0.0078780723408822,0.8481947995415428,LAGO MAYOR
B3,Green,0.0058924546527852,1.318786120840864,LAGO MAYOR
B3,Green,0.0084898572501878,1.411006637678774,LAGO MAYOR
B3,Green,0.005817323172695,1.3163427024845544,LAGO MAYOR
B3,Green,0.0065793710421809,1.3334681876540495,LAGO MAYOR
B3,Green,0.0062573789846517,1.2858900551525838,LAGO MAYOR
B3,Green,0.007244821294408,0.9207902269768816,LAGO MAYOR
B3,Green,0.0067296340023612,1.5175020403547375,LAGO MAYOR
B3,Green,0.0072233551572394,1.4625375194000652,LAGO MENOR
B3,Green,0.0177417623698615,-2.499080754515021,LAGO MENOR
B3,Green,0.0390039712353762,-3.019397469776651,LAGO MENOR
B3,Green,0.0337555006976494,-3.0122867425990725,LAGO MENOR
B3,Green,0.0212729419340989,-2.455430556714849,LAGO MENOR
B3,Green,0.0141676505312868,-1.0312507689999795,LAGO MENOR
B3,Green,0.0132446066330363,-1.2123599247094834,LAGO MENOR
B3,Green,0.0280777074165503,-1.5661569427288442,LAGO MENOR
B3,Green,0.0150584952237844,-1.1466319265168974,LAGO MENOR
B3,Green,0.0161962004937211,-1.3606561006343048,LAGO MENOR
B3,Green,0.0175914994096812,-1.4102254634190254,LAGO MENOR
B3,Green,0.0250080498014382,-1.8389601241235696,LAGO MENOR
B3,Green,0.0168401846087796,-2.587023156356206,BAHIA PUNO
B3,Green,0.0129870129870129,-1.117877111832086,BAHIA PUNO
B3,Green,0.0111623913276805,-0.13223989914216278,BAHIA PUNO
B3,Green,0.0094772995599441,-0.02346234485486531,BAHIA PUNO
B3,Green,0.0090265106794032,0.22962389259960592,BAHIA PUNO
B3,Green,0.0105935386927122,0.24910650776605078,LAGO MAYOR
B3,Green,0.010271546635183,0.31332565520365285,LAGO MAYOR
B3,Green,0.008951379199313,0.3581165381827151,LAGO MAYOR
B3,Green,0.0301706557904905,-2.1584487483864057,LAGO MAYOR
B3,Green,0.0099066223033165,0.15744035349772859,LAGO MAYOR
B3,Green,0.0107008693785553,0.11563708959476632,LAGO MAYOR
B3,Green,0.0080820006439841,0.6414172687919402,LAGO MAYOR
B3,Green,0.0074487495975099,0.780334936391599,LAGO MAYOR
B3,Green,0.0160137383277879,-1.4135053979740968,LAGO MAYOR
B3,Green,0.0075775464205216,0.7154400555677055,LAGO MAYOR
B3,Green,0.0077492755178705,0.7545047408414186,LAGO MAYOR
B3,Green,0.0081356659869056,0.666679326538431,LAGO MAYOR
B3,Green,0.0069872276483846,1.3018417965516842,LAGO MAYOR
B3,Green,0.0070408929913062,1.038256959845409,LAGO MAYOR
B3,Green,0.0073950842545883,0.9117323568294264,LAGO MAYOR
B3,Green,0.0078244069979607,0.8909640160097241,LAGO MAYOR
B3,Green,0.0075668133519373,1.0000142519751507,LAGO MAYOR
B3,Green,0.0129011484383385,-0.3061045493291717,LAGO MAYOR
B3,Green,0.0156166147901685,-1.9146134393136864,LAGO MAYOR
B3,Green,0.008672319416121,0.6840359422339218,LAGO MAYOR
B3,Green,0.0074594826660942,1.1541590105264758,LAGO MAYOR
B3,Green,0.0087474508962112,0.8104142155825974,LAGO MAYOR
B3,Green,0.0407963936889556,-2.947995045352464,LAGO MAYOR
B3,Green,0.0174734356552538,-2.057619521801739,LAGO MAYOR
B3,Green,0.0100354191263282,-0.08202120818316265,LAGO MAYOR
B3,Green,0.007105291402812,1.767274096365872,LAGO MAYOR
B3,Green,0.0081249329183213,1.6260296713889193,LAGO MAYOR
B3,Green,0.0080176022324782,0.8778628115307244,LAGO MAYOR
B3,Green,0.0089943114736503,0.8635646762307104,LAGO MAYOR
B3,Green,0.0110228614360845,-0.12139202297791515,LAGO MAYOR
B3,Green,0.010657937104218,0.1610703203802936,LAGO MAYOR
B3,Green,0.0116346463453901,-0.48671450208073314,LAGO MAYOR
B3,Green,0.0086079210046152,0.49588078474021746,LAGO MAYOR
B3,Green,0.0071804228829022,0.9883384318723715,LAGO MAYOR
B3,Green,0.0099817537834066,0.22772536814607952,LAGO MAYOR
B3,Green,0.0091338413652463,0.43511056246420904,LAGO MAYOR
B3,Green,0.0122786304604486,-0.744237897005347,LAGO MAYOR
B3,Green,0.0217666630889771,-1.8466419379259231,LAGO MAYOR
B3,Green,0.0078995384780508,0.7678188566279188,LAGO MAYOR
B3,Green,0.0083825265643447,0.5606117839926953,LAGO MAYOR
B3,Green,0.0080176022324782,0.8447116673433115,LAGO MAYOR
B3,Green,0.0092197059139207,0.6062566854201763,LAGO MAYOR
B3,Green,0.0112267897391864,0.3589780324264768,LAGO MENOR
B3,Green,0.0566920682623161,-2.3768622390878944,LAGO MENOR
B3,Green,0.0148116346463453,-2.5349455132511807,LAGO MENOR
B3,Green,0.0377052699366749,-2.649734690576964,LAGO MENOR
B3,Green,0.0315766877750348,-2.311298102280485,LAGO MENOR
B3,Green,0.0503810239347429,-2.526380372718231,LAGO MENOR
B3,Green,0.0353010625737898,-3.3725382741714207,LAGO MENOR
B3,Green,0.0141891166684555,-1.7462184566863674,LAGO MENOR
B3,Green,0.0342492218525276,-2.9407415095957754,LAGO MENOR
B3,Green,0.0265536116775786,-2.9291511036697813,LAGO MENOR
B3,Green,0.0195663840291939,-2.3328553294456267,LAGO MENOR
B3,Green,0.0230331651819255,-1.429653272355887,LAGO MENOR
B3,Green,0.0249221852527637,-1.683170768489557,LAGO MENOR
B2_B3,Blue/Green,0.8988823992725964,0.10117585673148848,LAGO MAYOR
B2_B3,Blue/Green,0.4821601414888272,-1.149167552629541,BAHIA PUNO
B2_B3,Blue/Green,0.7804324032279951,-0.2429803419059028,BAHIA PUNO
B2_B3,Blue/Green,0.7020653696557463,-0.5776645194692874,BAHIA PUNO
B2_B3,Blue/Green,0.7995599633160014,-0.24913843337758265,BAHIA PUNO
B2_B3,Blue/Green,0.6131373960586693,-0.653298716988229,BAHIA PUNO
B2_B3,Blue/Green,0.7603836834664343,-0.038034829228215564,BAHIA PUNO
B2_B3,Blue/Green,0.5577266876097886,-0.5829717633147007,BAHIA PUNO
B2_B3,Blue/Green,0.7419128033467126,-0.036159217750007265,BAHIA PUNO
B2_B3,Blue/Green,0.7162699466870774,-0.279961057138223,BAHIA PUNO
B2_B3,Blue/Green,0.7488771186152183,-0.32422456471818406,BAHIA PUNO
B2_B3,Blue/Green,0.6219116482163615,-0.8375984704470203,BAHIA PUNO
B2_B3,Blue/Green,0.5109404493910709,-0.7761050091054853,BAHIA PUNO
B2_B3,Blue/Green,0.700845339722067,-1.0722936270379297,LAGO MAYOR
B2_B3,Blue/Green,0.7735974441590107,0.427411046532494,LAGO MAYOR
B2_B3,Blue/Green,0.5903940659178242,-1.001670084140669,LAGO MAYOR
B2_B3,Blue/Green,0.5878591216993482,-1.5732478426161018,LAGO MAYOR
B2_B3,Blue/Green,0.5608790576246132,-0.9884931473746393,LAGO MAYOR
B2_B3,Blue/Green,0.4828210269615092,-1.058674906491423,LAGO MAYOR
B2_B3,Blue/Green,0.7498702784432797,-0.17110987864124108,LAGO MAYOR
B2_B3,Blue/Green,0.8710304273494456,0.09238770538902397,LAGO MAYOR
B2_B3,Blue/Green,0.8442601909331517,0.0019646262169378914,LAGO MAYOR
B2_B3,Blue/Green,0.8209602475303387,0.3248981061433097,LAGO MAYOR
B2_B3,Blue/Green,0.8198601523662591,-0.09822059612593984,LAGO MAYOR
B2_B3,Blue/Green,0.7623739964012347,-0.1747362425087169,LAGO MAYOR
B2_B3,Blue/Green,0.7061941102824333,-0.578258969646868,LAGO MAYOR
B2_B3,Blue/Green,0.8384883265303761,-0.04883470524810433,LAGO MAYOR
B2_B3,Blue/Green,0.7318926263000374,-0.27706469932172284,LAGO MAYOR
B2_B3,Blue/Green,0.7899862211402823,-0.39233085499920345,LAGO MAYOR
B2_B3,Blue/Green,0.794951500025322,-0.0650477240511691,LAGO MAYOR
B2_B3,Blue/Green,0.7779147320557414,-0.0824091129078855,LAGO MAYOR
B2_B3,Blue/Green,0.7116972725478818,-0.43284805378217595,LAGO MAYOR
B2_B3,Blue/Green,0.8222324406480996,-0.26911334729274833,LAGO MAYOR
B2_B3,Blue/Green,0.6381429235189077,-0.610747197909832,LAGO MAYOR
B2_B3,Blue/Green,0.5757581829970359,-1.021946367313121,LAGO MAYOR
B2_B3,Blue/Green,0.6205077571143185,-1.1063202301995445,LAGO MAYOR
B2_B3,Blue/Green,0.6371415006884408,-1.0220996353539404,LAGO MAYOR
B2_B3,Blue/Green,0.7928825579071114,0.3442582743661085,LAGO MAYOR
B2_B3,Blue/Green,0.828379614372117,-0.49356681417043385,LAGO MAYOR
B2_B3,Blue/Green,0.8010890906263364,-0.46291883492921354,LAGO MAYOR
B2_B3,Blue/Green,0.7033730524144535,-0.705117779119102,LAGO MAYOR
B2_B3,Blue/Green,0.8050578303216711,-0.4615595865950603,LAGO MAYOR
B2_B3,Blue/Green,0.8176063041375174,-0.44848334813235397,LAGO MAYOR
B2_B3,Blue/Green,0.6979281617440146,-0.5073060486024075,LAGO MAYOR
B2_B3,Blue/Green,0.642713806250579,-0.31175234159211646,LAGO MAYOR
B2_B3,Blue/Green,0.6739001176604673,-0.35796576355624005,LAGO MAYOR
B2_B3,Blue/Green,0.7303687376750112,-0.22674152620028623,LAGO MAYOR
B2_B3,Blue/Green,0.7605162657151616,0.025669958901338392,LAGO MAYOR
B2_B3,Blue/Green,0.655582252907832,-0.890955125154664,LAGO MAYOR
B2_B3,Blue/Green,0.6970586962131036,-0.20123680971064611,LAGO MAYOR
B2_B3,Blue/Green,0.6444444011714854,-0.4438750139511056,LAGO MAYOR
B2_B3,Blue/Green,0.7178141405594638,-0.4256899177916039,LAGO MAYOR
B2_B3,Blue/Green,0.641344638469425,-0.26208427748181773,LAGO MAYOR
B2_B3,Blue/Green,0.5418871941791399,-0.321747608750354,LAGO MAYOR
B2_B3,Blue/Green,0.5763521282025645,-0.4470951208247877,BAHIA PUNO
B2_B3,Blue/Green,0.7604814190035992,0.20353152330030239,BAHIA PUNO
B2_B3,Blue/Green,0.8043386977851007,0.11451841481140415,BAHIA PUNO
B2_B3,Blue/Green,0.8597969995955159,0.11262440063692433,BAHIA PUNO
B2_B3,Blue/Green,0.7037505530870044,-0.23833606181045225,BAHIA PUNO
B2_B3,Blue/Green,0.5848001616592429,-0.443281704790484,BAHIA PUNO
B2_B3,Blue/Green,0.6536215843414505,-1.2862416367545049,BAHIA PUNO
B2_B3,Blue/Green,0.6797827222388615,-0.3684674053338991,LAGO MAYOR
B2_B3,Blue/Green,0.7206610795202868,-0.20944216428585372,LAGO MAYOR
B2_B3,Blue/Green,0.6751320378120718,-0.23017589810889083,LAGO MAYOR
B2_B3,Blue/Green,0.4403468297290377,-0.5049844607140317,LAGO MAYOR
B2_B3,Blue/Green,0.4436916677985457,-0.41565007625707223,LAGO MAYOR
B2_B3,Blue/Green,0.8820053409057468,0.1419363935593747,LAGO MAYOR
B2_B3,Blue/Green,0.8752049633793637,0.09271253439241249,LAGO MAYOR
B2_B3,Blue/Green,0.8739740813096554,0.04725489098427753,LAGO MAYOR
B2_B3,Blue/Green,0.7265861341004731,-0.4024723054612448,LAGO MAYOR
B2_B3,Blue/Green,0.8016657065606213,-0.10643658438944771,LAGO MAYOR
B2_B3,Blue/Green,0.8464992960444321,0.07072007740314173,LAGO MAYOR
B2_B3,Blue/Green,0.8627629274545913,0.12148100447885608,LAGO MAYOR
B2_B3,Blue/Green,0.9104326025613196,0.100097483640203,LAGO MAYOR
B2_B3,Blue/Green,0.9699026157718744,0.2735811996573493,LAGO MAYOR
B2_B3,Blue/Green,1.0053893951946975,0.34977522920929777,LAGO MAYOR
B2_B3,Blue/Green,0.8076840231662826,-0.015506727114425868,LAGO MAYOR
B2_B3,Blue/Green,0.5776388905221471,-0.5327329144380734,LAGO MAYOR
B2_B3,Blue/Green,0.5266907676493948,-1.0454559654172826,LAGO MAYOR
B2_B3,Blue/Green,0.9772040961283054,0.751518263691433,LAGO MAYOR
B2_B3,Blue/Green,0.8732316315502094,0.14804806593629294,LAGO MAYOR
B2_B3,Blue/Green,0.9126836881620006,0.027099918277831453,LAGO MAYOR
B2_B3,Blue/Green,0.8964077217686677,0.10481823895586477,LAGO MAYOR
B2_B3,Blue/Green,0.8651697192685901,-0.10494574857078205,LAGO MAYOR
B2_B3,Blue/Green,0.8588640140185504,0.2298306411955832,LAGO MAYOR
B2_B3,Blue/Green,0.9006593469975618,0.7355919353575359,LAGO MAYOR
B2_B3,Blue/Green,0.9214266554538996,0.25635648438992675,LAGO MAYOR
B2_B3,Blue/Green,0.8603686535657549,0.46010008471398106,LAGO MAYOR
B2_B3,Blue/Green,0.8255423099472345,0.4387139977209241,LAGO MAYOR
B2_B3,Blue/Green,0.8572432731740911,0.3918376891323264,LAGO MAYOR
B2_B3,Blue/Green,0.8635012962749247,0.682609306606973,LAGO MAYOR
B2_B3,Blue/Green,0.8369041016839912,-0.03353792523155005,LAGO MAYOR
B2_B3,Blue/Green,0.8788964455064445,0.458696844110351,LAGO MAYOR
B2_B3,Blue/Green,0.8635032117044917,-0.06667994009607396,LAGO MAYOR
B2_B3,Blue/Green,0.6912507070135744,-0.7108512189368233,LAGO MAYOR
B2_B3,Blue/Green,0.7879442778200824,0.011027982917073175,LAGO MENOR
B2_B3,Blue/Green,0.6808657743233328,-0.6659616990208694,LAGO MENOR
B2_B3,Blue/Green,0.6489197694191025,-0.557770181175151,LAGO MENOR
B2_B3,Blue/Green,0.563177828617277,-0.6050907280995246,LAGO MENOR
B2_B3,Blue/Green,0.6355689269827753,-0.8601105426110249,LAGO MENOR
B2_B3,Blue/Green,0.761747779047209,-0.18458006442413946,LAGO MENOR
B2_B3,Blue/Green,0.3983382737247553,-0.7792325321874064,LAGO MENOR
B2_B3,Blue/Green,0.7686304134166996,0.0794744561649381,LAGO MENOR
B2_B3,Blue/Green,0.4546731341822229,-0.6911449152644357,LAGO MENOR
B2_B3,Blue/Green,0.7527749735895505,0.03420424698203605,LAGO MENOR
B2_B3,Blue/Green,0.5602578176790151,-0.6989542920637339,LAGO MENOR
B2_B3,Blue/Green,0.9699026157718744,0.2735811996573493,LAGO MAYOR
B2_B3,Blue/Green,0.7856083037241741,0.07323021287503137,BAHIA PUNO
B2_B3,Blue/Green,0.7008161767874023,-0.6431934328715528,BAHIA PUNO
B2_B3,Blue/Green,0.505299011458117,-0.5914814705086159,BAHIA PUNO
B2_B3,Blue/Green,0.9431290443560176,0.7676278017251447,BAHIA PUNO
B2_B3,Blue/Green,0.9560453231143922,0.7277085278226986,BAHIA PUNO
B2_B3,Blue/Green,0.6984077029167791,-0.7536367574944898,BAHIA PUNO
B2_B3,Blue/Green,0.6053048028180578,-0.7194875766016899,BAHIA PUNO
B2_B3,Blue/Green,0.5303360871536987,-1.5707648664812932,BAHIA PUNO
B2_B3,Blue/Green,0.7624890608959486,0.1577837197464538,LAGO MAYOR
B2_B3,Blue/Green,0.6509661219281273,-0.902518724433234,LAGO MAYOR
B2_B3,Blue/Green,-0.1770459380401541,-1.9455617253314874,LAGO MAYOR
B2_B3,Blue/Green,0.0173182139075185,-1.952216224743075,LAGO MAYOR
B2_B3,Blue/Green,0.495424672442068,-0.7016390052876068,LAGO MAYOR
B2_B3,Blue/Green,-1.2048209159847476,-0.8256766629266308,LAGO MAYOR
B2_B3,Blue/Green,0.696117850322587,-0.32434217224225437,LAGO MAYOR
B2_B3,Blue/Green,0.7945767555640608,0.007937289045575996,LAGO MAYOR
B2_B3,Blue/Green,0.2849613599888351,-0.9512198782832975,LAGO MAYOR
B2_B3,Blue/Green,0.7336705158464399,0.05367444640233126,LAGO MAYOR
B2_B3,Blue/Green,0.937752327954822,0.8897046252685833,LAGO MAYOR
B2_B3,Blue/Green,0.8947102228049127,0.7096900772786778,LAGO MAYOR
B2_B3,Blue/Green,0.7614884999698803,0.2981185747303271,LAGO MAYOR
B2_B3,Blue/Green,0.8113564295942067,0.34501458026162485,LAGO MAYOR
B2_B3,Blue/Green,0.7911357106818057,0.4025032179210164,LAGO MAYOR
B2_B3,Blue/Green,0.8493928518662576,0.6811279032928014,LAGO MAYOR
B2_B3,Blue/Green,0.7408224914961167,0.23583146073506886,LAGO MAYOR
B2_B3,Blue/Green,0.4347325040636894,-1.5017419018427092,LAGO MAYOR
B2_B3,Blue/Green,0.6535129911648453,-0.2548310175213576,LAGO MAYOR
B2_B3,Blue/Green,1.007370632688332,0.18711074499106625,LAGO MAYOR
B2_B3,Blue/Green,0.9646972488457468,0.24948451011019676,LAGO MAYOR
B2_B3,Blue/Green,0.8082770914463662,-0.04464004852327358,LAGO MAYOR
B2_B3,Blue/Green,0.899351955273472,0.06946469212057577,LAGO MAYOR
B2_B3,Blue/Green,0.9128360730985832,0.1360805416166922,LAGO MAYOR
B2_B3,Blue/Green,0.9868127144070032,0.6610879262935381,LAGO MAYOR
B2_B3,Blue/Green,0.9814368757910084,0.6108903422064433,LAGO MAYOR
B2_B3,Blue/Green,0.9831507316545623,0.47443346862814684,LAGO MAYOR
B2_B3,Blue/Green,1.024671458621763,0.4684765258789687,LAGO MAYOR
B2_B3,Blue/Green,0.8384612179580527,-0.056238119154874526,LAGO MAYOR
B2_B3,Blue/Green,0.8799558231528601,0.044919114420948675,LAGO MAYOR
B2_B3,Blue/Green,0.5407480897406614,-0.5167067616349272,LAGO MAYOR
B2_B3,Blue/Green,0.757804764825928,-0.1335732885940775,LAGO MAYOR
B2_B3,Blue/Green,0.8641753262249025,-0.03194340647383747,LAGO MAYOR
B2_B3,Blue/Green,1.0496596755215446,0.6486571589676866,LAGO MAYOR
B2_B3,Blue/Green,-6.256309048475984,-1.8579980437195636,LAGO MAYOR
B2_B3,Blue/Green,-38.23996,-2.106807756255117,LAGO MENOR
B2_B3,Blue/Green,0.2295975462268138,-2.0976828927266693,LAGO MENOR
B2_B3,Blue/Green,0.2171945996161416,-2.1706398065828045,LAGO MENOR
B2_B3,Blue/Green,0.7370149819038802,-0.15010516265112545,LAGO MENOR
B2_B3,Blue/Green,0.7113140895520241,-0.2192832278954464,LAGO MENOR
B2_B3,Blue/Green,0.7104883181787118,-0.3356788776192181,LAGO MENOR
B2_B3,Blue/Green,0.6291365154088285,-0.40142825118782416,LAGO MENOR
B2_B3,Blue/Green,0.7525056649816976,-0.1954693232431716,LAGO MENOR
B2_B3,Blue/Green,0.7369471897012642,-0.2847983976331142,LAGO MENOR
B2_B3,Blue/Green,0.7177215217648015,-0.32746518227639576,LAGO MENOR
B2_B3,Blue/Green,0.7369668572352004,0.06250550641961586,LAGO MENOR
B2_B3,Blue/Green,0.6321324546064536,-0.46575942258471215,BAHIA PUNO
B2_B3,Blue/Green,0.8069695653585748,-0.016773190404698466,BAHIA PUNO
B2_B3,Blue/Green,0.9432236672744252,0.3444757172334868,BAHIA PUNO
B2_B3,Blue/Green,1.006257131595972,0.42032798077707484,BAHIA PUNO
B2_B3,Blue/Green,1.056058634100382,1.4436785314019334,LAGO MAYOR
B2_B3,Blue/Green,1.1043331322947916,1.7287169082972622,LAGO MAYOR
B2_B3,Blue/Green,1.0349434448490833,1.5332100275529035,LAGO MAYOR
B2_B3,Blue/Green,0.708446564019595,-0.35648511427396795,LAGO MAYOR
B2_B3,Blue/Green,1.1912002694766437,0.8383838672883147,LAGO MAYOR
B2_B3,Blue/Green,1.1740748036204,1.018188652763073,LAGO MAYOR
B2_B3,Blue/Green,1.1439776538981836,1.0500228035751686,LAGO MAYOR
B2_B3,Blue/Green,1.122837334093705,0.6820667460597862,LAGO MAYOR
B2_B3,Blue/Green,1.1212561540769714,2.3385353049063333,LAGO MAYOR
B2_B3,Blue/Green,1.185826143088046,2.7008626945617786,LAGO MAYOR
B2_B3,Blue/Green,1.1502073622458924,2.6865903092684875,LAGO MAYOR
B2_B3,Blue/Green,1.1854579742445122,2.248474425213021,LAGO MAYOR
B2_B3,Blue/Green,1.108960484380139,1.6077469281607724,LAGO MAYOR
B2_B3,Blue/Green,1.1315313088096546,2.0450196231471756,LAGO MAYOR
B2_B3,Blue/Green,0.9851975833759072,0.967105713316074,LAGO MAYOR
B2_B3,Blue/Green,1.1375282984996218,1.67304744256812,LAGO MAYOR
B2_B3,Blue/Green,1.182038662239089,1.8107042232231354,LAGO MAYOR
B2_B3,Blue/Green,1.1317115608762935,1.691970124926636,LAGO MAYOR
B2_B3,Blue/Green,0.8161989432670261,0.2935623197873319,LAGO MAYOR
B2_B3,Blue/Green,0.9827613901962052,1.4759508816726703,LAGO MAYOR
B2_B3,Blue/Green,1.0957447629503565,1.8255669111277026,LAGO MAYOR
B2_B3,Blue/Green,1.0788825145442789,1.7582096923000325,LAGO MAYOR
B2_B3,Blue/Green,1.17580209610924,1.8556245538930345,LAGO MAYOR
B2_B3,Blue/Green,1.1472526282075437,1.6797762008581134,LAGO MAYOR
B2_B3,Blue/Green,0.9940719464561923,1.2196562547594247,LAGO MAYOR
B2_B3,Blue/Green,1.0603232438057424,1.4604042534996706,LAGO MAYOR
B2_B3,Blue/Green,1.0034188493729637,1.1971091507236613,LAGO MAYOR
B2_B3,Blue/Green,0.953673185025,0.9653921320307908,LAGO MAYOR
B2_B3,Blue/Green,1.0413656031594185,0.6714956587636505,LAGO MAYOR
B2_B3,Blue/Green,0.943287786110277,0.3993096494180489,LAGO MAYOR
B2_B3,Blue/Green,0.9618016886800156,0.1572742582408983,LAGO MAYOR
B2_B3,Blue/Green,0.8770986690668092,0.12514214327586598,LAGO MAYOR
B2_B3,Blue/Green,0.9275177229527328,0.09260964587003251,LAGO MAYOR
B2_B3,Blue/Green,0.9389729449472094,0.732198603779638,LAGO MAYOR
B2_B3,Blue/Green,1.0465051029097563,1.9622372808910211,LAGO MAYOR
B2_B3,Blue/Green,0.9935980974398022,0.33193858035334,LAGO MAYOR
B2_B3,Blue/Green,0.8127577968618839,-0.1226742916514486,LAGO MAYOR
B2_B3,Blue/Green,0.7792105849301976,-0.028544748055655565,LAGO MENOR
B2_B3,Blue/Green,0.5107882352941174,-0.7212366365644747,LAGO MENOR
B2_B3,Blue/Green,0.3705224119612922,-0.8049149065552464,LAGO MENOR
B2_B3,Blue/Green,0.4226999618781523,-0.7616891937366146,LAGO MENOR
B2_B3,Blue/Green,0.6942930831409374,-0.4196762867053496,LAGO MENOR
B2_B3,Blue/Green,0.6945252679587837,-0.41236362643373164,LAGO MENOR
B2_B3,Blue/Green,0.7897288086830004,-0.05689709738808346,LAGO MENOR
B2_B3,Blue/Green,0.5946476644069844,-0.4076560772262409,LAGO MENOR
B2_B3,Blue/Green,0.8238438373227435,0.05998151306312318,LAGO MENOR
B2_B3,Blue/Green,0.7976381365047953,-0.058456750971383795,LAGO MENOR
B2_B3,Blue/Green,0.7490552291180331,-0.06868427172585918,LAGO MENOR
B2_B3,Blue/Green,0.6538933853102568,-0.42364901610763916,LAGO MENOR
B2_B3,Blue/Green,0.6397639071971218,-0.5113785576136467,BAHIA PUNO
B2_B3,Blue/Green,0.9704885638377068,0.8311295921271297,BAHIA PUNO
B2_B3,Blue/Green,0.9060523546861236,0.7564775495031292,BAHIA PUNO
B2_B3,Blue/Green,0.962238580260372,0.696769774320318,BAHIA PUNO
B2_B3,Blue/Green,1.0737348926982382,1.4267432997305267,BAHIA PUNO
B2_B3,Blue/Green,0.9194200678567848,0.3615021470334436,LAGO MAYOR
B2_B3,Blue/Green,0.6987280204874066,-0.5503455426726631,LAGO MAYOR
B2_B3,Blue/Green,1.092594794973609,1.2458658740864035,LAGO MAYOR
B2_B3,Blue/Green,0.737823571407804,-0.17579416399829298,LAGO MAYOR
B2_B3,Blue/Green,0.8966286516810239,0.04916155464070779,LAGO MAYOR
B2_B3,Blue/Green,0.9418742790060932,0.4586427047033321,LAGO MAYOR
B2_B3,Blue/Green,0.8606798220270425,0.022529010392476567,LAGO MAYOR
B2_B3,Blue/Green,0.8645401849142863,0.0046467071305030016,LAGO MAYOR
B2_B3,Blue/Green,0.6994360505802752,-0.5514644731371295,LAGO MAYOR
B2_B3,Blue/Green,0.9205472330829266,0.24995583987435652,LAGO MAYOR
B2_B3,Blue/Green,0.9396777100012274,0.3980106690235904,LAGO MAYOR
B2_B3,Blue/Green,1.0023942708518898,0.9261233535196854,LAGO MAYOR
B2_B3,Blue/Green,0.9984701419330874,0.8832286317379113,LAGO MAYOR
B2_B3,Blue/Green,0.9859848752134014,1.243346031741347,LAGO MAYOR
B2_B3,Blue/Green,1.014095704638856,1.3379224104379521,LAGO MAYOR
B2_B3,Blue/Green,0.9906698177030746,1.2052786547293908,LAGO MAYOR
B2_B3,Blue/Green,0.9757170969604926,0.8256257774906656,LAGO MAYOR
B2_B3,Blue/Green,1.0421995649737936,1.6663011943638986,LAGO MAYOR
B2_B3,Blue/Green,0.8871169361673277,0.8392320160388481,LAGO MAYOR
B2_B3,Blue/Green,0.9568186388018652,0.5457370062187865,LAGO MAYOR
B2_B3,Blue/Green,0.974735980250686,0.7315140627316168,LAGO MAYOR
B2_B3,Blue/Green,0.8856387214422794,0.08183412307338779,LAGO MAYOR
B2_B3,Blue/Green,0.7004017744913322,-0.4034903788135759,LAGO MAYOR
B2_B3,Blue/Green,0.9552530299688377,0.8790156572104544,LAGO MAYOR
B2_B3,Blue/Green,1.0969845446258388,1.7039584367957599,LAGO MAYOR
B2_B3,Blue/Green,1.0090119964888322,1.3137183886654373,LAGO MAYOR
B2_B3,Blue/Green,0.8757428366853492,0.37860687909075313,LAGO MAYOR
B2_B3,Blue/Green,1.033399322010821,0.7164665275428128,LAGO MAYOR
B2_B3,Blue/Green,0.9995010537113702,1.4333098919749514,LAGO MAYOR
B2_B3,Blue/Green,0.9536384833030598,1.0431177646330592,LAGO MAYOR
B2_B3,Blue/Green,0.9753448337058273,1.4630824886635239,LAGO MAYOR
B2_B3,Blue/Green,0.9649414814450747,1.3276546121316097,LAGO MAYOR
B2_B3,Blue/Green,1.0666266694683135,1.2702907169517996,LAGO MAYOR
B2_B3,Blue/Green,1.3297141423683567,1.4920768276413934,LAGO MAYOR
B2_B3,Blue/Green,0.9198145887631552,0.28291393283015953,LAGO MAYOR
B2_B3,Blue/Green,1.2843894988425135,0.7594708402787804,LAGO MAYOR
B2_B3,Blue/Green,0.6807217118849247,-0.3355299627195778,LAGO MAYOR
B2_B3,Blue/Green,0.621505504250469,-0.40270903348461246,LAGO MAYOR
B2_B3,Blue/Green,1.073170915724955,1.3602124869725556,LAGO MAYOR
B2_B3,Blue/Green,0.9958836981836424,1.5174817161743743,LAGO MAYOR
B2_B3,Blue/Green,1.2031573276293306,0.7784443593528032,LAGO MAYOR
B2_B3,Blue/Green,1.0090011883201258,0.30219500934035676,LAGO MAYOR
B2_B3,Blue/Green,1.273777482809035,1.3118264524019427,LAGO MENOR
B2_B3,Blue/Green,0.5554823854357657,-0.5756157823529329,LAGO MENOR
B2_B3,Blue/Green,0.6969411117376201,-0.3783307386556863,LAGO MENOR
B2_B3,Blue/Green,0.4072021235310384,-0.7330680590284754,LAGO MENOR
B2_B3,Blue/Green,0.19699556904115,-0.7822519576649161,LAGO MENOR
B2_B3,Blue/Green,0.523978932554293,-0.6183059335196662,LAGO MENOR
B2_B3,Blue/Green,0.3972642035405537,-0.7602751707943014,LAGO MENOR
B2_B3,Blue/Green,0.733593479127878,-0.3552961394635889,LAGO MENOR
B2_B3,Blue/Green,0.4490976417814884,-0.7966610669697942,LAGO MENOR
B2_B3,Blue/Green,0.3851614075040416,-0.838263667500367,LAGO MENOR
B2_B3,Blue/Green,0.6682102517873609,-0.5119401124146459,LAGO MENOR
B2_B3,Blue/Green,0.6709515089725708,-1.2176793951539568,LAGO MENOR
B2_B3,Blue/Green,0.4762095150716793,-1.3577126800777901,LAGO MENOR
B2_B3,Blue/Green,0.5539377915945074,-0.5935859731187131,LAGO MAYOR
B2_B3,Blue/Green,-0.0559983171054213,-0.7753329110112243,LAGO MAYOR
B2_B3,Blue/Green,0.0916391925434571,-0.6951084334678276,LAGO MAYOR
B2_B3,Blue/Green,0.3601971751412429,-0.7779679642483649,LAGO MAYOR
B2_B3,Blue/Green,0.4518349120686585,-0.6862516500293883,LAGO MAYOR
B2_B3,Blue/Green,0.7519043463306109,-0.2599937235215362,LAGO MAYOR
B2_B3,Blue/Green,0.523718547465537,-0.4550541261305555,LAGO MAYOR
B2_B3,Blue/Green,-3.437225786121054,-0.701671910757015,LAGO MAYOR
B2_B3,Blue/Green,0.3651956131605184,-0.49424489074488775,LAGO MAYOR
B2_B3,Blue/Green,0.4941367850999436,-0.4653776775295098,LAGO MAYOR
B2_B3,Blue/Green,0.4408761693062887,-1.5484340839421684,LAGO MAYOR
B2_B3,Blue/Green,0.2033474687398596,-1.6694243346786577,LAGO MAYOR
B2_B3,Blue/Green,0.1882243909558431,-1.655100392270064,LAGO MAYOR
B2_B3,Blue/Green,0.4578891670250577,-1.4469049261511933,LAGO MAYOR
B2_B3,Blue/Green,0.507776062991173,-1.4751832905385391,LAGO MAYOR
B2_B3,Blue/Green,0.2687218303367352,-1.6950117764946557,LAGO MAYOR
B2_B3,Blue/Green,0.8174897593759963,0.25629199330447155,LAGO MAYOR
B2_B3,Blue/Green,0.5144069444719128,-1.4554466193192146,LAGO MAYOR
B2_B3,Blue/Green,0.4795762271168813,-0.5328953244076362,LAGO MAYOR
B2_B3,Blue/Green,0.3019224341220495,-0.4955136576184163,LAGO MAYOR
B2_B3,Blue/Green,0.8236187808843175,0.10119190134293148,LAGO MAYOR
B2_B3,Blue/Green,0.2830587422593936,-0.5057396094922836,LAGO MAYOR
B2_B3,Blue/Green,0.1611824663939216,-0.4777741937692212,LAGO MAYOR
B2_B3,Blue/Green,0.1884735942808884,-0.47521820049338087,LAGO MAYOR
B2_B3,Blue/Green,0.2839254802783492,-0.5554591936505564,LAGO MAYOR
B2_B3,Blue/Green,-1094.8022598870054,-0.6371686327986367,LAGO MAYOR
B2_B3,Blue/Green,0.4278434614854622,-0.4703970252753534,LAGO MAYOR
B2_B3,Blue/Green,0.5741901770281902,-0.45522064263426765,LAGO MAYOR
B2_B3,Blue/Green,0.4529940786614515,-0.457469617161982,LAGO MAYOR
B2_B3,Blue/Green,0.6453674894924482,-0.4385139654166763,LAGO MAYOR
B2_B3,Blue/Green,0.4793737696762961,-0.5237910297261931,LAGO MAYOR
B2_B3,Blue/Green,0.484156379154831,-0.5038890042210319,LAGO MAYOR
B2_B3,Blue/Green,0.1395235178000134,-0.5610736392817999,LAGO MAYOR
B2_B3,Blue/Green,0.8228430272381476,0.12909362991010273,LAGO MAYOR
B2_B3,Blue/Green,0.8165652507918196,0.007935822845590211,LAGO MENOR
B2_B3,Blue/Green,0.7345667531938717,-0.30011927815359457,LAGO MENOR
B2_B3,Blue/Green,0.1969381923513523,-0.539990094972161,LAGO MENOR
B2_B3,Blue/Green,0.5322633786404498,-0.45728860466097987,LAGO MENOR
B2_B3,Blue/Green,0.8678690743025999,0.30920426105593396,LAGO MENOR
B2_B3,Blue/Green,0.5063167486786951,-1.1767889277841725,LAGO MENOR
B2_B3,Blue/Green,0.0558216352986031,-0.6996720051940394,LAGO MENOR
B2_B3,Blue/Green,0.3241632310276376,-0.5965635690428013,LAGO MENOR
B2_B3,Blue/Green,0.560455593220339,-0.6718269316553531,LAGO MENOR
B2_B3,Blue/Green,0.5393959245857932,-0.5896207418587947,LAGO MENOR
B2_B3,Blue/Green,0.8074957326601755,-0.07247299782073342,BAHIA PUNO
B2_B3,Blue/Green,0.7094272395433725,-0.6280774663789509,BAHIA PUNO
B2_B3,Blue/Green,0.5845706069452311,-0.5240344574484045,BAHIA PUNO
B2_B3,Blue/Green,0.6205128205128204,-0.8181028351036207,LAGO MAYOR
B2_B3,Blue/Green,0.6374006435976621,-0.7205320521918469,LAGO MAYOR
B2_B3,Blue/Green,1.0527683615819206,0.6738933114091118,LAGO MAYOR
B2_B3,Blue/Green,1.045366084039548,0.9381541337706667,LAGO MAYOR
B2_B3,Blue/Green,1.1051685967737814,0.7957353986117774,LAGO MAYOR
B2_B3,Blue/Green,0.9908408109006316,0.4868973836603893,LAGO MAYOR
B2_B3,Blue/Green,0.7830458269354276,-0.14768328594224434,LAGO MAYOR
B2_B3,Blue/Green,0.3525325247499095,-1.1837950271835935,LAGO MAYOR
B2_B3,Blue/Green,1.1794383516118312,1.1601213452092853,LAGO MAYOR
B2_B3,Blue/Green,1.147114815843907,1.5805611138789413,LAGO MAYOR
B2_B3,Blue/Green,0.7587799498913943,-0.04046314554221289,LAGO MAYOR
B2_B3,Blue/Green,0.7436452415606368,-0.23432698280695702,LAGO MAYOR
B2_B3,Blue/Green,1.0948230231630895,1.1221944669870003,LAGO MAYOR
B2_B3,Blue/Green,0.9658425335613952,0.6765601612078823,LAGO MAYOR
B2_B3,Blue/Green,1.0921401864866105,1.057484272662907,LAGO MAYOR
B2_B3,Blue/Green,0.9240242430602932,0.3316589548537533,LAGO MAYOR
B2_B3,Blue/Green,0.7590548354935194,-0.1485512470240267,LAGO MAYOR
B2_B3,Blue/Green,0.8348386052034975,-0.047294581941517776,LAGO MAYOR
B2_B3,Blue/Green,1.1950683913172755,1.8749819086078505,LAGO MAYOR
B2_B3,Blue/Green,0.9853361397289614,0.7778236043565475,LAGO MAYOR
B2_B3,Blue/Green,0.499497361113783,-1.5995179023286412,LAGO MAYOR
B2_B3,Blue/Green,-1.261801790776887,-1.700934328364706,LAGO MAYOR
B2_B3,Blue/Green,0.851069750250805,0.0751421900136688,LAGO MAYOR
B2_B3,Blue/Green,1.0920717137476457,0.8650455802120078,LAGO MAYOR
B2_B3,Blue/Green,0.8779204693611471,0.08831728414743496,LAGO MAYOR
B2_B3,Blue/Green,0.8913287208209781,0.07895670192517872,LAGO MAYOR
B2_B3,Blue/Green,0.8302760789795561,-0.07310810357523592,LAGO MAYOR
B2_B3,Blue/Green,0.8345633445111054,-0.08222295075890024,LAGO MAYOR
B2_B3,Blue/Green,0.7317113435108384,-0.42435038634746775,LAGO MAYOR
B2_B3,Blue/Green,0.7150134088042311,-0.17021340732640147,LAGO MAYOR
B2_B3,Blue/Green,1.0299482381372258,0.2377425992598936,LAGO MAYOR
B2_B3,Blue/Green,0.8890504470839451,0.13947731746832082,LAGO MAYOR
B2_B3,Blue/Green,1.0194950252487376,0.4897523955694639,LAGO MAYOR
B2_B3,Blue/Green,0.7844156419630004,-0.1503172533907407,LAGO MAYOR
B2_B3,Blue/Green,0.5210976825620697,-0.8944003556367696,LAGO MAYOR
B2_B3,Blue/Green,0.567612814259105,-0.7526879861233644,LAGO MAYOR
B2_B3,Blue/Green,0.5345051148564589,-0.7070302765554136,LAGO MAYOR
B2_B3,Blue/Green,0.4793380398433706,-0.6612412287696557,LAGO MAYOR
B2_B3,Blue/Green,0.6837782625720195,-0.3696898244736253,LAGO MAYOR
B2_B3,Blue/Green,0.9244350282485876,0.8187103441084137,LAGO MAYOR
B2_B3,Blue/Green,0.8296853705935896,0.15692668449564326,LAGO MAYOR
B2_B3,Blue/Green,0.8861075394506138,0.22572155196109364,LAGO MAYOR
B2_B3,Blue/Green,0.7544429008057794,0.25968047981914777,LAGO MAYOR
B2_B3,Blue/Green,0.8860543101877161,0.2904823621275412,LAGO MAYOR
B2_B3,Blue/Green,0.8509272550165594,0.44170239686219154,LAGO MAYOR
B2_B3,Blue/Green,0.9515156708255832,0.49808886194445184,LAGO MAYOR
B2_B3,Blue/Green,0.8210365502133057,0.011196372490938248,LAGO MAYOR
B2_B3,Blue/Green,0.8539623190514294,0.12079240872452723,LAGO MAYOR
B2_B3,Blue/Green,0.585088736269506,-0.34224550878492027,LAGO MAYOR
B2_B3,Blue/Green,0.5371267150928165,-0.5924587819762183,LAGO MAYOR
B2_B3,Blue/Green,0.4231715963221448,-0.9130927142198507,LAGO MAYOR
B2_B3,Blue/Green,0.7688968926553673,-0.036872769087346734,LAGO MAYOR
B2_B3,Blue/Green,0.7809898625636094,-0.03588509044815325,LAGO MAYOR
B2_B3,Blue/Green,0.8922643326850054,0.13823357858725246,LAGO MAYOR
B2_B3,Blue/Green,0.4307694634388738,-0.6181058159330418,LAGO MAYOR
B2_B3,Blue/Green,0.8768182175849423,0.17077494259909212,LAGO MAYOR
B2_B3,Blue/Green,0.6190574520569746,-0.29229089136760705,LAGO MAYOR
B2_B3,Blue/Green,0.3123598435462841,-0.7913994740367245,LAGO MAYOR
B2_B3,Blue/Green,0.2422635627254779,-0.7926918333823013,LAGO MAYOR
B2_B3,Blue/Green,-0.1073921358027927,-0.950882253205005,LAGO MAYOR
B2_B3,Blue/Green,0.4823830263595179,-0.822152292108432,LAGO MENOR
B2_B3,Blue/Green,0.4899021088549532,-0.894054529358317,LAGO MENOR
B2_B3,Blue/Green,0.9356239548022596,0.7595593959972406,LAGO MENOR
B2_B3,Blue/Green,0.5742372881355933,-0.8924646735450492,LAGO MENOR
B2_B3,Blue/Green,0.6900567620056495,-0.6132218818396821,LAGO MENOR
B2_B3,Blue/Green,0.5530422637666401,-0.7984207978616573,LAGO MENOR
B2_B3,Blue/Green,1.0092371344436042,0.47133161877471524,BAHIA PUNO
B2_B3,Blue/Green,0.9553550126284096,0.5074451803333191,BAHIA PUNO
B2_B3,Blue/Green,0.9524442354480588,0.4036858422693115,BAHIA PUNO
B2_B3,Blue/Green,0.8563458082129448,0.0002775922011871029,BAHIA PUNO
B2_B3,Blue/Green,0.9609657759024846,0.3867267411515322,BAHIA PUNO
B2_B3,Blue/Green,0.8901338008961619,0.037944097749843766,BAHIA PUNO
B2_B3,Blue/Green,0.795375887029363,-0.1680439519353598,BAHIA PUNO
B2_B3,Blue/Green,0.6502700306891308,-0.47778612565357964,BAHIA PUNO
B2_B3,Blue/Green,0.902990099469035,0.08969710463668325,LAGO MAYOR
B2_B3,Blue/Green,0.9674925738249168,0.23341155710410724,LAGO MAYOR
B2_B3,Blue/Green,0.8741250256140041,0.0485688981875781,LAGO MAYOR
B2_B3,Blue/Green,1.08912086025533,0.4138892540723062,LAGO MAYOR
B2_B3,Blue/Green,0.9933570544949046,0.22586080382166435,LAGO MAYOR
B2_B3,Blue/Green,1.026803222619138,0.6502383816211386,LAGO MAYOR
B2_B3,Blue/Green,0.9640650406504064,0.3275122844590955,LAGO MAYOR
B2_B3,Blue/Green,1.0202085153474283,0.3711170038346266,LAGO MAYOR
B2_B3,Blue/Green,0.8857516339869281,0.31791805965974035,LAGO MAYOR
B2_B3,Blue/Green,0.9923178814557504,0.5493827395734372,LAGO MAYOR
B2_B3,Blue/Green,0.814492889148646,0.07186452703091407,LAGO MAYOR
B2_B3,Blue/Green,0.9140433944627804,0.27871717230467663,LAGO MAYOR
B2_B3,Blue/Green,0.7895762711864406,-0.2787222792460032,LAGO MAYOR
B2_B3,Blue/Green,0.8941923740633051,0.1994210423179793,LAGO MAYOR
B2_B3,Blue/Green,0.8560642635170432,0.040308758025951665,LAGO MAYOR
B2_B3,Blue/Green,0.8463431926442896,0.05410370297640689,LAGO MAYOR
B2_B3,Blue/Green,0.6765230134397717,-0.5621954245309627,LAGO MAYOR
B2_B3,Blue/Green,0.823106851638221,-0.05849036202791418,LAGO MAYOR
B2_B3,Blue/Green,0.9699275724738354,0.3672133734261264,LAGO MAYOR
B2_B3,Blue/Green,0.9703777941537703,0.3609772057949806,LAGO MAYOR
B2_B3,Blue/Green,0.9818483372238572,0.36383773326609137,LAGO MAYOR
B2_B3,Blue/Green,0.7208974244807899,-0.3667806661003481,LAGO MAYOR
B2_B3,Blue/Green,0.9611211158192092,0.25636209250408737,LAGO MAYOR
B2_B3,Blue/Green,0.8870936592612606,-0.007446140983988566,LAGO MAYOR
B2_B3,Blue/Green,0.7978876003568242,0.17890934834406283,LAGO MAYOR
B2_B3,Blue/Green,0.968965904938584,0.564272911953762,LAGO MAYOR
B2_B3,Blue/Green,0.9944717422109348,0.7636448238272554,LAGO MAYOR
B2_B3,Blue/Green,1.0509563678442582,0.965441633518744,LAGO MAYOR
B2_B3,Blue/Green,1.0301975238144678,0.7910258366386475,LAGO MAYOR
B2_B3,Blue/Green,0.9070727401129944,0.4297837197196564,LAGO MAYOR
B2_B3,Blue/Green,0.8691313474947517,0.3751667335761392,LAGO MAYOR
B2_B3,Blue/Green,1.0110580461468206,0.2797190085000789,LAGO MAYOR
B2_B3,Blue/Green,0.8896805460305018,0.013470576677995264,LAGO MAYOR
B2_B3,Blue/Green,0.9708476447038574,0.18138768370072034,LAGO MAYOR
B2_B3,Blue/Green,0.9476395941103084,0.1516938473532184,LAGO MAYOR
B2_B3,Blue/Green,0.997936676082862,0.23825555676903729,LAGO MAYOR
B2_B3,Blue/Green,0.813678110966246,-0.06333974155796458,LAGO MAYOR
B2_B3,Blue/Green,0.843912702751959,0.014949308147508975,LAGO MAYOR
B2_B3,Blue/Green,0.8941320331243715,-0.002829466493130235,LAGO MAYOR
B2_B3,Blue/Green,0.8917388575015693,0.0889312686185946,LAGO MAYOR
B2_B3,Blue/Green,0.8062574600143233,0.14611905820268403,LAGO MAYOR
B2_B3,Blue/Green,0.9543194348578196,0.400721930031796,LAGO MAYOR
B2_B3,Blue/Green,0.8770110803060185,-0.01606939757532457,LAGO MAYOR
B2_B3,Blue/Green,0.9460688654756452,0.5630136030103492,LAGO MAYOR
B2_B3,Blue/Green,0.6165800376647834,-0.5507077482312802,LAGO MAYOR
B2_B3,Blue/Green,0.6813575673511733,-0.5130784060726706,LAGO MAYOR
B2_B3,Blue/Green,0.8407452219612349,0.019090980438393187,LAGO MAYOR
B2_B3,Blue/Green,0.8219065097700529,-0.2167085618637766,LAGO MAYOR
B2_B3,Blue/Green,0.8409437415453169,-0.02948120761277455,LAGO MAYOR
B2_B3,Blue/Green,0.8232820702289133,-0.1350451265215562,LAGO MAYOR
B2_B3,Blue/Green,0.9501784052328704,0.26424722609883394,LAGO MAYOR
B2_B3,Blue/Green,0.8500440422865974,-0.09773644187716198,LAGO MAYOR
B2_B3,Blue/Green,0.9814785355220425,0.3771620846950292,LAGO MAYOR
B2_B3,Blue/Green,0.9063774947347304,0.15598272737292976,LAGO MAYOR
B2_B3,Blue/Green,0.902589589540696,0.14955928177788358,LAGO MAYOR
B2_B3,Blue/Green,0.7926565427255294,-0.12378091023776255,LAGO MAYOR
B2_B3,Blue/Green,0.9023728813559322,0.20227376645577974,LAGO MAYOR
B2_B3,Blue/Green,0.9041986231492672,0.20134361017992372,LAGO MAYOR
B2_B3,Blue/Green,0.9704830183778166,0.666292918345412,LAGO MAYOR
B2_B3,Blue/Green,0.8242068093963721,-0.04599856788113636,LAGO MAYOR
B2_B3,Blue/Green,1.0134859600303563,0.21983819643533953,LAGO MAYOR
B2_B3,Blue/Green,1.0130654185052304,0.20113908881787648,LAGO MAYOR
B2_B3,Blue/Green,1.0133879989292305,0.22643575102628236,LAGO MAYOR
B2_B3,Blue/Green,0.770006601339129,0.28314258490337324,LAGO MAYOR
B2_B3,Blue/Green,1.0739029836463008,0.9853854809608975,LAGO MAYOR
B2_B3,Blue/Green,0.8618010773879912,0.036410732828868905,LAGO MAYOR
B2_B3,Blue/Green,1.03180284655753,0.35331539532708367,LAGO MAYOR
B2_B3,Blue/Green,0.8639492618917444,0.06608438352498218,LAGO MAYOR
B2_B3,Blue/Green,0.9696550698780848,0.3843719356180064,LAGO MAYOR
B2_B3,Blue/Green,0.7925670903954801,-0.1367124492043725,LAGO MAYOR
B2_B3,Blue/Green,0.8429142031270533,-0.0013926072281672157,LAGO MAYOR
B2_B3,Blue/Green,0.8222033898305086,-0.040861638645110936,LAGO MAYOR
B2_B3,Blue/Green,0.4533932709087215,-0.7677792306376298,LAGO MAYOR
B2_B3,Blue/Green,0.7622540962307996,-0.0888403053818963,LAGO MAYOR
B2_B3,Blue/Green,1.070943645380812,0.8150170680555923,LAGO MAYOR
B2_B3,Blue/Green,1.018204147248178,0.4622921612578737,LAGO MAYOR
B2_B3,Blue/Green,0.987304339097766,0.48707028903191624,LAGO MAYOR
B2_B3,Blue/Green,1.014063642406115,0.4157579226279784,LAGO MAYOR
B2_B3,Blue/Green,0.9994991235791072,0.49707506186180467,LAGO MAYOR
B2_B3,Blue/Green,0.8606683875576338,0.013678692873378638,LAGO MAYOR
B2_B3,Blue/Green,0.813125037169194,-0.02709759246942228,LAGO MAYOR
B2_B3,Blue/Green,0.9255798394290808,0.19615406437775637,LAGO MAYOR
B2_B3,Blue/Green,1.019754719581094,0.20935077205946387,LAGO MAYOR
B2_B3,Blue/Green,0.8388592522565105,0.022985340315729904,LAGO MAYOR
B2_B3,Blue/Green,0.7401716125797803,-0.07038265443888256,LAGO MAYOR
B2_B3,Blue/Green,0.6579802259887004,-0.24764943540055295,LAGO MAYOR
B2_B3,Blue/Green,0.5069604102820687,-0.4747812559842364,LAGO MENOR
B2_B3,Blue/Green,0.547746285942727,-0.750205581246045,LAGO MENOR
B2_B3,Blue/Green,0.5003571123159279,-0.8764611290872717,LAGO MENOR
B2_B3,Blue/Green,0.484968968968969,-0.6992033885619896,LAGO MENOR
B2_B3,Blue/Green,0.4626397793718301,-0.7435866791517342,LAGO MENOR
B2_B3,Blue/Green,0.607631505234841,-0.759878355265331,LAGO MENOR
B2_B3,Blue/Green,0.5323088512241055,-0.8826347331165972,LAGO MENOR
B2_B3,Blue/Green,0.5257461393596986,-0.611525499724496,LAGO MENOR
B2_B3,Blue/Green,0.6652536256378063,-0.500921703476097,LAGO MENOR
B2_B3,Blue/Green,0.6360475517890771,-0.7832962218509316,LAGO MENOR
B2_B3,Blue/Green,0.566982960692391,-0.5374096510791357,LAGO MENOR
B2_B3,Blue/Green,0.5301711173434135,-0.8950455511045651,LAGO MENOR
B2_B3,Blue/Green,0.5589993574831061,-0.8338347142293299,LAGO MENOR
B2_B3,Blue/Green,0.6127896404776942,-1.043685998456077,BAHIA PUNO
B2_B3,Blue/Green,0.8847059424137227,0.19511566116470563,BAHIA PUNO
B2_B3,Blue/Green,0.9128434527640708,0.31567323547584825,BAHIA PUNO
B2_B3,Blue/Green,1.0403974055116283,0.7228321493058469,BAHIA PUNO
B2_B3,Blue/Green,0.8263758193938219,-0.1787116389917595,BAHIA PUNO
B2_B3,Blue/Green,1.1225714812085483,1.2931606773201707,BAHIA PUNO
B2_B3,Blue/Green,0.7229630518474076,-0.22841556393829962,BAHIA PUNO
B2_B3,Blue/Green,1.108734495746477,1.1024609428712573,BAHIA PUNO
B2_B3,Blue/Green,1.0306307091187494,0.5259820909367884,BAHIA PUNO
B2_B3,Blue/Green,0.7639739277627561,-0.15081400006502968,BAHIA PUNO
B2_B3,Blue/Green,0.5506043118089493,-0.7152879424909226,BAHIA PUNO
B2_B3,Blue/Green,0.5438235485115536,-0.6740555262611044,BAHIA PUNO
B2_B3,Blue/Green,1.0645013423087712,1.1261735610747317,LAGO MAYOR
B2_B3,Blue/Green,0.9831976632460896,0.8143053465739901,LAGO MAYOR
B2_B3,Blue/Green,0.9872995642569548,0.8645252346883324,LAGO MAYOR
B2_B3,Blue/Green,0.6258888827244399,-1.5796752450172515,LAGO MAYOR
B2_B3,Blue/Green,0.9955322920128504,0.9534344206516925,LAGO MAYOR
B2_B3,Blue/Green,0.7116864878713106,-0.26227997823884874,LAGO MAYOR
B2_B3,Blue/Green,1.173986169776685,1.716037730925076,LAGO MAYOR
B2_B3,Blue/Green,1.0997538393652142,0.8805866711848611,LAGO MAYOR
B2_B3,Blue/Green,1.0558154480119697,0.7535680319527752,LAGO MAYOR
B2_B3,Blue/Green,1.0913784481925046,1.156197760184253,LAGO MAYOR
B2_B3,Blue/Green,0.9811985826147288,0.26243502552954623,LAGO MAYOR
B2_B3,Blue/Green,1.1572096672944134,1.1786163759520734,LAGO MAYOR
B2_B3,Blue/Green,1.011511223087494,0.4578369201646395,LAGO MAYOR
B2_B3,Blue/Green,1.1364129711322652,1.4016597718494959,LAGO MAYOR
B2_B3,Blue/Green,0.9335036940460668,0.13721352736646517,LAGO MAYOR
B2_B3,Blue/Green,0.8265940149669487,-0.23522257146982806,LAGO MAYOR
B2_B3,Blue/Green,1.131433088123018,1.2261084370569635,LAGO MAYOR
B2_B3,Blue/Green,1.0871139960732457,0.7696497991070286,LAGO MAYOR
B2_B3,Blue/Green,1.0206227627549922,0.47127095854276807,LAGO MAYOR
B2_B3,Blue/Green,0.9317812599936044,0.2914904324771057,LAGO MAYOR
B2_B3,Blue/Green,0.5384915934926146,-0.664149712407042,LAGO MAYOR
B2_B3,Blue/Green,0.6513389302497493,-0.6866812044981627,LAGO MAYOR
B2_B3,Blue/Green,0.920066467264872,0.2806458154704051,LAGO MAYOR
B2_B3,Blue/Green,0.8604020496649589,0.2767988205114881,LAGO MAYOR
B2_B3,Blue/Green,1.1020948577738452,1.0541307138858413,LAGO MAYOR
B2_B3,Blue/Green,0.9050442042729124,0.028771871635721143,LAGO MAYOR
B2_B3,Blue/Green,0.8382606296915202,-0.14854044540121994,LAGO MAYOR
B2_B3,Blue/Green,0.6876221258704506,-0.38926876832821394,LAGO MAYOR
B2_B3,Blue/Green,0.9463086396241984,0.23758171771505757,LAGO MAYOR
B2_B3,Blue/Green,0.8876282264318159,0.044698186456355114,LAGO MAYOR
B2_B3,Blue/Green,0.6683854946787544,-0.8041371026507124,LAGO MAYOR
B2_B3,Blue/Green,1.0701043675361142,0.7903047127427683,LAGO MAYOR
B2_B3,Blue/Green,0.8666435683740673,-0.03383088899738867,LAGO MAYOR
B2_B3,Blue/Green,0.9621081687567644,0.201719229984528,LAGO MAYOR
B2_B3,Blue/Green,0.7430221536208649,-0.11415909218978858,LAGO MAYOR
B2_B3,Blue/Green,0.6255580119544747,-0.7574360517723794,LAGO MAYOR
B2_B3,Blue/Green,0.8779204693611471,0.016029242531808593,LAGO MAYOR
B2_B3,Blue/Green,0.8422146892655362,-0.07502172317519988,LAGO MAYOR
B2_B3,Blue/Green,0.6707511502062025,-0.5736453063512945,LAGO MAYOR
B2_B3,Blue/Green,0.597803139993754,-0.21912803493538316,LAGO MAYOR
B2_B3,Blue/Green,0.7385091491694074,-0.11014270084259589,LAGO MAYOR
B2_B3,Blue/Green,0.7509046801582887,-0.1347393362391207,BAHIA PUNO
B2_B3,Blue/Green,0.5919645693569787,-0.7655698733987492,BAHIA PUNO
B2_B3,Blue/Green,0.7165183041660925,-0.2946276350033195,BAHIA PUNO
B2_B3,Blue/Green,0.6865046875160795,-0.15908885763223687,BAHIA PUNO
B2_B3,Blue/Green,0.6265084243006983,-0.29076503792860087,BAHIA PUNO
B2_B3,Blue/Green,0.4962036375415631,-0.42821416105369486,BAHIA PUNO
B2_B3,Blue/Green,0.4667935188146252,-1.3130262801894526,BAHIA PUNO
B2_B3,Blue/Green,0.917581413064178,0.15251894910958108,LAGO MAYOR
B2_B3,Blue/Green,1.0578938161173732,0.38844460998872027,LAGO MAYOR
B2_B3,Blue/Green,0.9614938632378724,0.2669598343905601,LAGO MAYOR
B2_B3,Blue/Green,0.6901225239942821,-0.31100121819851506,LAGO MAYOR
B2_B3,Blue/Green,0.8967330508474576,-0.024034377967594712,LAGO MAYOR
B2_B3,Blue/Green,0.766811553200792,-0.06483399959838114,LAGO MAYOR
B2_B3,Blue/Green,0.8449091603920712,-0.027294562464860967,LAGO MAYOR
B2_B3,Blue/Green,0.8767969057942452,0.010554186319587388,LAGO MAYOR
B2_B3,Blue/Green,0.9460360852925096,0.36800634380131664,LAGO MAYOR
B2_B3,Blue/Green,0.7078272128060268,-0.4336884933508417,LAGO MAYOR
B2_B3,Blue/Green,0.7103786512802021,-0.4938746111185678,LAGO MAYOR
B2_B3,Blue/Green,0.9305528898707814,0.19555539684467244,LAGO MAYOR
B2_B3,Blue/Green,0.8385901346560218,-0.016955928208009875,LAGO MAYOR
B2_B3,Blue/Green,0.8696782117415867,0.050613647497015996,LAGO MAYOR
B2_B3,Blue/Green,0.7814602155354782,0.0014022025905350596,LAGO MAYOR
B2_B3,Blue/Green,0.7307719646555627,-0.3118197084033324,LAGO MAYOR
B2_B3,Blue/Green,0.4869710557733345,-0.7027162020724255,LAGO MAYOR
B2_B3,Blue/Green,0.6018268646828242,-0.8252305732722689,LAGO MAYOR
B2_B3,Blue/Green,0.7369378531073447,0.01647771412544823,LAGO MAYOR
B2_B3,Blue/Green,0.7591390906645142,-0.09470990299294534,LAGO MAYOR
B2_B3,Blue/Green,0.7741529161727169,-0.2931083398626184,LAGO MAYOR
B2_B3,Blue/Green,0.8452884655037323,-0.05398764497688495,LAGO MAYOR
B2_B3,Blue/Green,0.7260927518950684,-0.46992834791460547,LAGO MAYOR
B2_B3,Blue/Green,0.7407860925491584,-0.19849639030447588,LAGO MAYOR
B2_B3,Blue/Green,0.7217004162949745,-0.4949989556415613,LAGO MAYOR
B2_B3,Blue/Green,0.762606056976303,-0.1360357776780207,LAGO MAYOR
B2_B3,Blue/Green,0.8353254075537527,0.17746871086088495,LAGO MAYOR
B2_B3,Blue/Green,0.6662447119189935,-0.8972208844591092,LAGO MAYOR
B2_B3,Blue/Green,0.6870943952802361,-0.5621877943301479,LAGO MAYOR
B2_B3,Blue/Green,0.7109878514090324,-0.33104674522001715,LAGO MAYOR
B2_B3,Blue/Green,0.6159186863086755,-0.45100063835594906,LAGO MAYOR
B2_B3,Blue/Green,0.6117437776759809,-0.7470332760186189,LAGO MAYOR
B2_B3,Blue/Green,0.5498926005156055,-0.5937040182219246,LAGO MAYOR
B2_B3,Blue/Green,0.3939088747121666,-0.91015922772123,LAGO MAYOR
B2_B3,Blue/Green,0.2207417532349192,-1.2388387981583293,LAGO MENOR
B2_B3,Blue/Green,0.0035930660804842,-1.176920965833417,LAGO MENOR
B2_B3,Blue/Green,0.4676118856173232,-0.6889172301963468,LAGO MENOR
B2_B3,Blue/Green,0.4071954835814259,-0.8738518361501879,LAGO MENOR
B2_B3,Blue/Green,0.2824207362691228,-1.2200611227052889,LAGO MENOR
B2_B3,Blue/Green,0.5599621585524852,-0.8656421424080203,LAGO MENOR
B2_B3,Blue/Green,0.3047821553433787,-0.683467025610167,LAGO MENOR
B2_B3,Blue/Green,0.5669461842144319,-0.7207965100943222,LAGO MENOR
B2_B3,Blue/Green,0.3664248982064612,-0.6218638177286347,LAGO MENOR
B2_B3,Blue/Green,0.5770475848148866,-0.7451183946057083,LAGO MENOR
B2_B3,Blue/Green,0.3997913450923386,-0.6613212754182052,LAGO MENOR
B2_B3,Blue/Green,0.6310146511093481,-0.465101556583688,BAHIA PUNO
B2_B3,Blue/Green,0.6506194649339835,-0.28403477489467255,BAHIA PUNO
B2_B3,Blue/Green,0.8422146892655368,0.06130203234184597,BAHIA PUNO
B2_B3,Blue/Green,0.4514354398174132,-1.085134233146374,BAHIA PUNO
B2_B3,Blue/Green,-0.2888125593720315,-1.229246575699966,BAHIA PUNO
B2_B3,Blue/Green,0.9369274138369206,0.8393905575707371,LAGO MAYOR
B2_B3,Blue/Green,0.984365936296165,0.7680235133639414,LAGO MAYOR
B2_B3,Blue/Green,0.9244511404059428,0.8593394126500007,LAGO MAYOR
B2_B3,Blue/Green,0.7581995331371157,0.09585266081394282,LAGO MAYOR
B2_B3,Blue/Green,0.8582810337394778,0.17535550067937417,LAGO MAYOR
B2_B3,Blue/Green,1.197379400260756,1.2922374981374207,LAGO MAYOR
B2_B3,Blue/Green,1.253434154259138,1.3745732341863712,LAGO MAYOR
B2_B3,Blue/Green,0.7267690677966103,-0.4738998477171839,LAGO MAYOR
B2_B3,Blue/Green,0.9346821765375612,0.47667502979294024,LAGO MAYOR
B2_B3,Blue/Green,1.2496274861053696,1.3309046426475735,LAGO MAYOR
B2_B3,Blue/Green,1.2260087248802112,1.2971031501837642,LAGO MAYOR
B2_B3,Blue/Green,1.0261159979975685,1.4331545254537144,LAGO MAYOR
B2_B3,Blue/Green,1.059969239568117,1.0011514436112698,LAGO MAYOR
B2_B3,Blue/Green,1.0426993761895325,0.9079311559989743,LAGO MAYOR
B2_B3,Blue/Green,0.8696782117415867,0.050613647497015996,LAGO MAYOR
B2_B3,Blue/Green,1.154380497747264,1.4627395156080412,LAGO MAYOR
B2_B3,Blue/Green,1.2150163752758063,1.3082450796957867,LAGO MAYOR
B2_B3,Blue/Green,0.6783354763296318,-0.8509262834408083,LAGO MAYOR
B2_B3,Blue/Green,0.8532589597254484,0.06489600161226038,LAGO MAYOR
B2_B3,Blue/Green,1.0336271186440675,0.6359448215300408,LAGO MAYOR
B2_B3,Blue/Green,1.1221816601477612,1.3979047275281133,LAGO MAYOR
B2_B3,Blue/Green,1.1459822269303204,1.7938763421542512,LAGO MAYOR
B2_B3,Blue/Green,1.0196227310073775,0.7150008792576767,LAGO MAYOR
B2_B3,Blue/Green,0.8028186405145152,0.12765047681560612,LAGO MAYOR
B2_B3,Blue/Green,0.7395647223396986,0.10991673331336843,LAGO MAYOR
B2_B3,Blue/Green,0.8068491669966001,0.6022698920866262,LAGO MAYOR
B2_B3,Blue/Green,0.9667922787193975,0.4065986148112494,LAGO MAYOR
B2_B3,Blue/Green,0.9517923553200668,0.36749029574709957,LAGO MAYOR
B2_B3,Blue/Green,0.877306967984934,0.07197419794147823,LAGO MAYOR
B2_B3,Blue/Green,1.0651782047439866,0.4614566947328478,LAGO MAYOR
B2_B3,Blue/Green,0.7494874097354736,-0.18428277659176756,LAGO MAYOR
B2_B3,Blue/Green,0.8638893320039879,0.3005827128626353,LAGO MAYOR
B2_B3,Blue/Green,0.8916629001883241,0.05089851835786353,LAGO MAYOR
B2_B3,Blue/Green,0.7043701987562494,-0.16882704954675865,LAGO MAYOR
B2_B3,Blue/Green,0.5030469511007207,-0.6370701247282018,LAGO MENOR
B2_B3,Blue/Green,0.7239807040417207,-0.40125309102577994,LAGO MENOR
B2_B3,Blue/Green,0.5394726523133304,-0.78835316854778,LAGO MENOR
B2_B3,Blue/Green,0.3027390884341792,-0.7620052633092533,LAGO MENOR
B2_B3,Blue/Green,0.4316492740992178,-0.6790210539700917,LAGO MENOR
B2_B3,Blue/Green,0.3363357354697587,-0.8710926596378344,LAGO MENOR
B2_B3,Blue/Green,0.3749373708650844,-0.8486023950114957,LAGO MENOR
B2_B3,Blue/Green,0.696568539994053,-0.6201393636872327,LAGO MENOR
B2_B3,Blue/Green,0.7265258583224686,-0.5102845190191247,LAGO MENOR
B2_B3,Blue/Green,0.6969516552884414,-0.604210256058309,LAGO MENOR
B2_B3,Blue/Green,1.027383137212566,1.4086362156226833,BAHIA PUNO
B2_B3,Blue/Green,0.8258079096045196,-0.25059136041781116,BAHIA PUNO
B2_B3,Blue/Green,0.3797164517842482,-0.7302378170832469,BAHIA PUNO
B2_B3,Blue/Green,0.8274190258054663,-0.17211340694535784,BAHIA PUNO
B2_B3,Blue/Green,0.8439746363745639,0.1406683643911644,BAHIA PUNO
B2_B3,Blue/Green,0.7250355356436001,-0.5958147805536663,BAHIA PUNO
B2_B3,Blue/Green,0.7073476142636462,-0.6032077313456848,BAHIA PUNO
B2_B3,Blue/Green,0.4793510777337509,-1.6488304094626853,BAHIA PUNO
B2_B3,Blue/Green,0.6127159826518923,-1.0155319923463906,LAGO MAYOR
B2_B3,Blue/Green,0.9843926844894868,0.8789179271707948,LAGO MAYOR
B2_B3,Blue/Green,1.005779763084109,1.01982280131982,LAGO MAYOR
B2_B3,Blue/Green,0.1921030927835053,-2.0885085858689596,LAGO MAYOR
B2_B3,Blue/Green,0.6903875298302226,-0.5700659874617642,LAGO MAYOR
B2_B3,Blue/Green,0.972993367722918,0.5582316461594952,LAGO MAYOR
B2_B3,Blue/Green,1.0202324740275126,0.8012304561737026,LAGO MAYOR
B2_B3,Blue/Green,1.0352416962947637,0.9187487882360983,LAGO MAYOR
B2_B3,Blue/Green,0.6517793652202204,-0.7839150417758547,LAGO MAYOR
B2_B3,Blue/Green,1.0942675293621211,1.6644590190038335,LAGO MAYOR
B2_B3,Blue/Green,0.9141937382297554,0.6451281854546735,LAGO MAYOR
B2_B3,Blue/Green,0.989790254237288,1.6209936460159524,LAGO MAYOR
B2_B3,Blue/Green,0.6213353571127412,-1.4075955581789488,LAGO MAYOR
B2_B3,Blue/Green,0.93837441379565,0.7999359678472016,LAGO MAYOR
B2_B3,Blue/Green,0.9398683631354634,0.8518199510590057,LAGO MAYOR
B2_B3,Blue/Green,0.5890489642184558,-0.8221826159748897,LAGO MAYOR
B2_B3,Blue/Green,0.6346333503622413,-1.2264413279578694,LAGO MAYOR
B2_B3,Blue/Green,0.5608891410380666,-0.3148617663671551,LAGO MAYOR
B2_B3,Blue/Green,1.0702289100179134,0.6104296658890606,LAGO MAYOR
B2_B3,Blue/Green,0.831943778420835,-0.14774277973445565,LAGO MAYOR
B2_B3,Blue/Green,0.5645894842354657,-0.817111485262096,LAGO MAYOR
B2_B3,Blue/Green,0.747987670974006,-0.2811860632321664,LAGO MAYOR
B2_B3,Blue/Green,0.5151845173698759,-0.7787750882097866,LAGO MAYOR
B2_B3,Blue/Green,0.8131048780201323,-0.17296393301691834,LAGO MAYOR
B2_B3,Blue/Green,0.9166345217221896,0.4275618343496153,LAGO MAYOR
B2_B3,Blue/Green,0.8180747777897731,-0.41581184639493557,LAGO MAYOR
B2_B3,Blue/Green,0.8362415354409585,-0.15642063086206734,LAGO MAYOR
B2_B3,Blue/Green,0.7689408528198075,-0.08914240908237166,LAGO MAYOR
B2_B3,Blue/Green,0.6162265573811025,-0.9434670345903663,LAGO MAYOR
B2_B3,Blue/Green,0.7001295705385878,-0.6724759472466181,LAGO MAYOR
B2_B3,Blue/Green,0.8627110644467773,-0.01134878711468408,LAGO MAYOR
B2_B3,Blue/Green,0.6955790960451974,-1.044690374894705,LAGO MAYOR
B2_B3,Blue/Green,0.6869988410835869,-1.1838228964937139,LAGO MENOR
B2_B3,Blue/Green,0.5883117314722498,-1.0643653148603605,LAGO MENOR
B2_B3,Blue/Green,0.4892673475300592,-1.276054569637458,LAGO MENOR
B2_B3,Blue/Green,0.4906971176864884,-1.5016311428881817,LAGO MENOR
B2_B3,Blue/Green,0.4741190848259006,-0.6117005977997133,LAGO MENOR
B2_B3,Blue/Green,0.6709396443708637,-0.42599175221204,LAGO MENOR
B2_B3,Blue/Green,0.5321325259790052,-0.4196447217375282,LAGO MENOR
B2_B3,Blue/Green,0.5745500535430744,-0.8703365954895,LAGO MENOR
B2_B3,Blue/Green,0.522846652694247,-0.6477396539501801,LAGO MENOR
B2_B3,Blue/Green,0.5976386247760783,-0.5290136222903618,LAGO MENOR
B2_B3,Blue/Green,0.4898680007099119,-1.505693589754602,LAGO MENOR
B2_B3,Blue/Green,0.6278206248291865,-0.41152451696051584,BAHIA PUNO
B2_B3,Blue/Green,0.5680321599304652,-0.3709532787433246,BAHIA PUNO
B2_B3,Blue/Green,0.7696099746736798,-0.06796822143250969,BAHIA PUNO
B2_B3,Blue/Green,0.9660297728247678,0.2573791745133668,BAHIA PUNO
B2_B3,Blue/Green,1.0916637443989867,1.0678977151528408,LAGO MAYOR
B2_B3,Blue/Green,0.9909876456384648,1.0296342264974463,LAGO MAYOR
B2_B3,Blue/Green,0.9905593220338982,1.007703661541481,LAGO MAYOR
B2_B3,Blue/Green,0.600343198440853,-0.44061485195734157,LAGO MAYOR
B2_B3,Blue/Green,1.2320860495436765,0.7864376968747232,LAGO MAYOR
B2_B3,Blue/Green,1.251213516001516,0.7342436144610255,LAGO MAYOR
B2_B3,Blue/Green,1.102804880668515,0.5956474296883173,LAGO MAYOR
B2_B3,Blue/Green,1.01377694078259,0.3896013442299201,LAGO MAYOR
B2_B3,Blue/Green,0.8133427810214837,0.3863145748295692,LAGO MAYOR
B2_B3,Blue/Green,0.9610638004685128,0.9716758098350514,LAGO MAYOR
B2_B3,Blue/Green,1.0645092726776295,1.5973510827701167,LAGO MAYOR
B2_B3,Blue/Green,1.2170842946055966,1.7852370769225228,LAGO MAYOR
B2_B3,Blue/Green,1.1839739140639405,1.5592275240094124,LAGO MAYOR
B2_B3,Blue/Green,0.9574952066876296,0.7112061182230989,LAGO MAYOR
B2_B3,Blue/Green,0.606499022286766,-0.9092547230241075,LAGO MAYOR
B2_B3,Blue/Green,1.1308958837772396,1.3029308151726298,LAGO MAYOR
B2_B3,Blue/Green,0.9882118111075578,0.6331972667241377,LAGO MAYOR
B2_B3,Blue/Green,1.0493223112985102,0.9378633947227834,LAGO MAYOR
B2_B3,Blue/Green,0.6808601585424604,-1.2601997813208168,LAGO MAYOR
B2_B3,Blue/Green,0.8027571351642432,0.3308938367654316,LAGO MAYOR
B2_B3,Blue/Green,1.2059697276330217,1.7947776520806702,LAGO MAYOR
B2_B3,Blue/Green,1.0465512255883267,1.5347952486883578,LAGO MAYOR
B2_B3,Blue/Green,1.0349248300296845,0.9567160767631296,LAGO MAYOR
B2_B3,Blue/Green,0.917798058815008,0.36629882499559807,LAGO MAYOR
B2_B3,Blue/Green,0.9569836991756968,0.6049811544883461,LAGO MAYOR
B2_B3,Blue/Green,0.9431525668835862,0.2961232600502143,LAGO MAYOR
B2_B3,Blue/Green,0.8319831808921062,0.031675110911955816,LAGO MAYOR
B2_B3,Blue/Green,0.7762581172146213,0.12894420819113322,LAGO MAYOR
B2_B3,Blue/Green,1.0989056204560288,0.4553410980019285,LAGO MAYOR
B2_B3,Blue/Green,0.8591393032528206,0.11093612576515834,LAGO MAYOR
B2_B3,Blue/Green,0.7497858458625338,-0.21109045717344757,LAGO MAYOR
B2_B3,Blue/Green,0.6268696565171741,-0.2782024681312332,LAGO MAYOR
B2_B3,Blue/Green,0.924571476223237,0.2232890504426715,LAGO MAYOR
B2_B3,Blue/Green,0.7865708150155302,0.4493123353523094,LAGO MAYOR
B2_B3,Blue/Green,0.875802153288562,0.4644997103647267,LAGO MAYOR
B2_B3,Blue/Green,0.8172601799539649,-0.05684751195439016,LAGO MAYOR
B2_B3,Blue/Green,0.7052036871840617,-0.5490478433262355,LAGO MAYOR
B2_B3,Blue/Green,0.7461671745536053,-0.144028019508296,LAGO MENOR
B2_B3,Blue/Green,0.3821300767992451,-0.9097071177885916,LAGO MENOR
B2_B3,Blue/Green,0.2920172010111656,-0.8140879230116835,LAGO MENOR
B2_B3,Blue/Green,0.2584219952754349,-0.855047670059695,LAGO MENOR
B2_B3,Blue/Green,0.4127149429612271,-0.7632934048377518,LAGO MENOR
B2_B3,Blue/Green,0.4338681732580038,-0.5465981815897183,LAGO MENOR
B2_B3,Blue/Green,0.4564271259694714,-0.5934053043004386,LAGO MENOR
B2_B3,Blue/Green,0.3227523799650995,-0.4763530788847019,LAGO MENOR
B2_B3,Blue/Green,0.4727327639320101,-0.559439814935431,LAGO MENOR
B2_B3,Blue/Green,0.5553370548835048,-0.40771207593301784,LAGO MENOR
B2_B3,Blue/Green,0.4868812800970689,-0.48840818828992494,LAGO MENOR
B2_B3,Blue/Green,0.3772796488930918,-0.6087680209964667,LAGO MENOR
B2_B3,Blue/Green,0.6287087028695091,-0.540918299756936,BAHIA PUNO
B2_B3,Blue/Green,0.8213333333333331,-0.3506687167964886,BAHIA PUNO
B2_B3,Blue/Green,0.8108340938722293,-0.0696195091895999,BAHIA PUNO
B2_B3,Blue/Green,0.9991165198251978,0.33136933836616156,BAHIA PUNO
B2_B3,Blue/Green,1.0590273887019084,0.7432530501489226,BAHIA PUNO
B2_B3,Blue/Green,0.7583772087991344,-0.18917257192220743,LAGO MAYOR
B2_B3,Blue/Green,0.4279277875186701,-0.9670836445553159,LAGO MAYOR
B2_B3,Blue/Green,0.9808165670853148,0.4346630568011177,LAGO MAYOR
B2_B3,Blue/Green,0.636305032489393,-0.5146766392678606,LAGO MAYOR
B2_B3,Blue/Green,1.0573307380134784,0.9633579416216683,LAGO MAYOR
B2_B3,Blue/Green,1.106621106256623,0.9888633939791677,LAGO MAYOR
B2_B3,Blue/Green,1.044379769059356,0.8482689976518833,LAGO MAYOR
B2_B3,Blue/Green,1.0239461730083523,0.4633210211242076,LAGO MAYOR
B2_B3,Blue/Green,0.6018843246845701,-0.6594958316566663,LAGO MAYOR
B2_B3,Blue/Green,1.164606360333542,1.3402330725371312,LAGO MAYOR
B2_B3,Blue/Green,1.1533791883813014,1.5568734122159487,LAGO MAYOR
B2_B3,Blue/Green,1.218044661091484,1.3885416180412684,LAGO MAYOR
B2_B3,Blue/Green,0.8053435392746487,-0.20975573392371982,LAGO MAYOR
B2_B3,Blue/Green,1.088074617610583,1.5077857184228698,LAGO MAYOR
B2_B3,Blue/Green,1.115414954941658,1.4880724977049182,LAGO MAYOR
B2_B3,Blue/Green,1.067209628544636,1.382350927734268,LAGO MAYOR
B2_B3,Blue/Green,1.0124495732660177,0.9618807598057775,LAGO MAYOR
B2_B3,Blue/Green,0.9730662643240549,0.8107107565652202,LAGO MAYOR
B2_B3,Blue/Green,0.6902687401712388,-0.4152757481792053,LAGO MAYOR
B2_B3,Blue/Green,1.0162862896459142,0.7426066395158779,LAGO MAYOR
B2_B3,Blue/Green,0.7225474942080233,-0.581186592975433,LAGO MAYOR
B2_B3,Blue/Green,0.8538403521541718,0.027527350820557475,LAGO MAYOR
B2_B3,Blue/Green,0.7245572307020007,-0.4775832048910666,LAGO MAYOR
B2_B3,Blue/Green,0.8891624675522981,0.3979198259125588,LAGO MAYOR
B2_B3,Blue/Green,0.9739514788966436,0.41435340709646856,LAGO MAYOR
B2_B3,Blue/Green,0.6711000733951216,-0.7033560861273248,LAGO MAYOR
B2_B3,Blue/Green,0.6828391882915763,-0.7194733696000388,LAGO MAYOR
B2_B3,Blue/Green,0.9935765661516124,0.943650196111412,LAGO MAYOR
B2_B3,Blue/Green,0.834174453568491,0.07241209795439105,LAGO MAYOR
B2_B3,Blue/Green,0.7462661803618678,-0.3456801593820252,LAGO MAYOR
B2_B3,Blue/Green,0.8884389597237157,0.5913258085864941,LAGO MAYOR
B2_B3,Blue/Green,0.7614118039485479,0.33916181356273256,LAGO MAYOR
B2_B3,Blue/Green,0.9713822787663609,0.8739267289407744,LAGO MAYOR
B2_B3,Blue/Green,0.928450423517688,0.5732467034689727,LAGO MAYOR
B2_B3,Blue/Green,0.907871210740538,0.14784673608471197,LAGO MAYOR
B2_B3,Blue/Green,0.8647298293134698,0.09502948776516695,LAGO MAYOR
B2_B3,Blue/Green,0.5687157757496738,-0.4314371908476921,LAGO MAYOR
B2_B3,Blue/Green,0.4267138033630862,-0.6278194697655435,LAGO MAYOR
B2_B3,Blue/Green,0.9054380066322768,0.395425064278215,LAGO MAYOR
B2_B3,Blue/Green,0.8990992281371846,0.4054781915451478,LAGO MAYOR
B2_B3,Blue/Green,0.782177296757652,-0.12029892002391765,LAGO MAYOR
B2_B3,Blue/Green,0.7549537959656148,-0.16941935641678846,LAGO MAYOR
B2_B3,Blue/Green,0.7206330276220415,-0.5442913454906684,LAGO MENOR
B2_B3,Blue/Green,0.3864668408003303,-0.7396074532576612,LAGO MENOR
B2_B3,Blue/Green,0.5187554245476131,-0.7917782378322347,LAGO MENOR
B2_B3,Blue/Green,0.3991709244597549,-0.7438310316056963,LAGO MENOR
B2_B3,Blue/Green,0.2640866930140917,-0.7360862973663083,LAGO MENOR
B2_B3,Blue/Green,0.416487185227445,-0.7363695411955555,LAGO MENOR
B2_B3,Blue/Green,0.340573285716985,-0.8754108186200585,LAGO MENOR
B2_B3,Blue/Green,0.4825851944921663,-0.8676559826098186,LAGO MENOR
B2_B3,Blue/Green,0.313092189013238,-0.8230022689040523,LAGO MENOR
B2_B3,Blue/Green,0.4165966960342362,-0.7402576129015511,LAGO MENOR
B2_B3,Blue/Green,0.4533314118715346,-0.7681070591533062,LAGO MENOR
B2_B3,Blue/Green,0.5690639792334706,-1.193063785209992,LAGO MENOR
B2_B3,Blue/Green,0.3930879282909238,-1.4266509963356013,LAGO MENOR
