feature,label,mean_abs_shap,share,cumulative_share,band_group
B3,Green,1.1515845209081157,0.3593087398317785,0.3593087398317785,Verde/azul
B2_B3,Blue/Green,0.5992479379288675,0.18697283396464923,0.5462815737964277,Verde/azul
B3_B2,Green/Blue,0.5243150562005551,0.1635928398635372,0.709874413659965,Verde/azul
NDWI,NDWI,0.23003490916257802,0.07177376200171974,0.7816481756616847,Otras
B11,SWIR1,0.19357252536859754,0.060397043285540394,0.8420452189472251,NIR/SWIR
B8,NIR,0.10867921986757549,0.03390927268258677,0.8759544916298119,NIR/SWIR
B12,SWIR2,0.0965786143092268,0.030133732758740747,0.9060882243885526,NIR/SWIR
B2,Blue,0.0698103413688227,0.021781697590618588,0.9278699219791712,Verde/azul
B4_B3,Red/Green,0.06396184459375022,0.019956893620082076,0.9478268155992533,Otras
B4,Red,0.06218368289879772,0.019402084983607272,0.9672289005828606,Otras
B2_B4,Blue/Red,0.052835519983970895,0.016485341509129295,0.9837142420919899,Otras
NDTI,NDTI,0.05219585453696979,0.016285757908010158,1.0,Otras
