stage,band,band_label,sensor,median,q25,q75,n
Sentinel-2 unadjusted,B2,Blue,Sentinel-2,0.014195,0.012065,0.017925,274
Sentinel-2 unadjusted,B2,Blue,Landsat 8/9,0.007192,0.005633,0.009469,538
Sentinel-2 unadjusted,B3,Green,Sentinel-2,0.01279,0.010222,0.016297,274
Sentinel-2 unadjusted,B3,Green,Landsat 8/9,0.008903,0.006993,0.013422,538
Sentinel-2 unadjusted,B4,Red,Sentinel-2,0.00504,0.00361,0.007282,274
Sentinel-2 unadjusted,B4,Red,Landsat 8/9,0.001163,0.000373,0.002732,538
Sentinel-2 unadjusted,B8,NIR,Sentinel-2,0.0026,0.0017,0.004363,274
Sentinel-2 unadjusted,B8,NIR,Landsat 8/9,-0.000642,-0.001103,8.4e-05,538
Sentinel-2 unadjusted,B11,SWIR1,Sentinel-2,0.00238,0.001652,0.003525,274
Sentinel-2 unadjusted,B11,SWIR1,Landsat 8/9,0.00132,0.000776,0.002778,538
Sentinel-2 unadjusted,B12,SWIR2,Sentinel-2,0.00226,0.00161,0.0032,274
Sentinel-2 unadjusted,B12,SWIR2,Landsat 8/9,0.001408,0.000818,0.002845,538
HLS bandpass adjustment,B2,Blue,Sentinel-2,0.00988,0.007797,0.013527,274
HLS bandpass adjustment,B2,Blue,Landsat 8/9,0.007192,0.005633,0.009469,538
HLS bandpass adjustment,B3,Green,Sentinel-2,0.012022,0.009438,0.015552,274
HLS bandpass adjustment,B3,Green,Landsat 8/9,0.008903,0.006993,0.013422,538
HLS bandpass adjustment,B4,Red,Sentinel-2,0.005871,0.004474,0.00806,274
HLS bandpass adjustment,B4,Red,Landsat 8/9,0.001163,0.000373,0.002732,538
HLS bandpass adjustment,B8,NIR,Sentinel-2,0.002543,0.001646,0.004301,274
HLS bandpass adjustment,B8,NIR,Landsat 8/9,-0.000642,-0.001103,8.4e-05,538
HLS bandpass adjustment,B11,SWIR1,Sentinel-2,0.001678,0.000951,0.002823,274
HLS bandpass adjustment,B11,SWIR1,Landsat 8/9,0.00132,0.000776,0.002778,538
HLS bandpass adjustment,B12,SWIR2,Sentinel-2,0.001848,0.001202,0.002784,274
HLS bandpass adjustment,B12,SWIR2,Landsat 8/9,0.001408,0.000818,0.002845,538
Local water recalibration,B2,Blue,Sentinel-2,0.008306,0.007666,0.009427,274
Local water recalibration,B2,Blue,Landsat 8/9,0.007192,0.005633,0.009469,538
Local water recalibration,B3,Green,Sentinel-2,0.010547,0.008455,0.013405,274
Local water recalibration,B3,Green,Landsat 8/9,0.008903,0.006993,0.013422,538
Local water recalibration,B4,Red,Sentinel-2,0.00238,0.001399,0.00392,274
Local water recalibration,B4,Red,Landsat 8/9,0.001163,0.000373,0.002732,538
Local water recalibration,B8,NIR,Sentinel-2,0.00024,-0.000371,0.001438,274
Local water recalibration,B8,NIR,Landsat 8/9,-0.000642,-0.001103,8.4e-05,538
Local water recalibration,B11,SWIR1,Sentinel-2,0.00283,0.002382,0.003534,274
Local water recalibration,B11,SWIR1,Landsat 8/9,0.00132,0.000776,0.002778,538
Local water recalibration,B12,SWIR2,Sentinel-2,0.002618,0.002202,0.003218,274
Local water recalibration,B12,SWIR2,Landsat 8/9,0.001408,0.000818,0.002845,538
